Game Turn, Player, Num Cities, Population, Techs, Civics, Land Units, corps, Armies, Naval Units, TILES: Owned, Improved, BALANCE: Gold, Faith, YIELDS: Science, Culture, Gold, Faith, Production, Food
1, CIVILIZATION_SCOTLAND, 0, 0, 0, 0, 1, 0, 0, 0, 0, 0, 10, 0, 0, 0, 0, 0, 0, 0
1, CIVILIZATION_ZULU, 0, 0, 0, 0, 1, 0, 0, 0, 0, 0, 10, 0, 0, 0, 0, 0, 0, 0
1, CIVILIZATION_VIETNAM, 0, 0, 0, 0, 1, 0, 0, 0, 0, 0, 10, 0, 0, 0, 0, 0, 0, 0
1, CIVILIZATION_JAPAN, 0, 0, 0, 0, 1, 0, 0, 0, 0, 0, 10, 0, 0, 0, 0, 0, 0, 0
1, CIVILIZATION_PERSIA, 0, 0, 0, 0, 1, 0, 0, 0, 0, 0, 10, 0, 0, 0, 0, 0, 0, 0
1, CIVILIZATION_GAUL, 0, 0, 0, 0, 1, 0, 0, 0, 0, 0, 10, 0, 0, 0, 0, 0, 0, 0
1, CIVILIZATION_MUSCAT, 0, 0, 0, 0, 2, 0, 0, 0, 0, 0, 10, 0, 0, 0, 0, 0, 0, 0
1, CIVILIZATION_VATICAN_CITY, 0, 0, 0, 0, 2, 0, 0, 0, 0, 0, 10, 0, 0, 0, 0, 0, 0, 0
1, CIVILIZATION_JAKARTA, 0, 0, 0, 0, 2, 0, 0, 0, 0, 0, 10, 0, 0, 0, 0, 0, 0, 0
1, CIVILIZATION_HUNZA, 0, 0, 0, 0, 2, 0, 0, 0, 0, 0, 10, 0, 0, 0, 0, 0, 0, 0
1, CIVILIZATION_BOLOGNA, 0, 0, 0, 0, 2, 0, 0, 0, 0, 0, 10, 0, 0, 0, 0, 0, 0, 0
1, CIVILIZATION_VILNIUS, 0, 0, 0, 0, 2, 0, 0, 0, 0, 0, 10, 0, 0, 0, 0, 0, 0, 0
1, CIVILIZATION_LISBON, 0, 0, 0, 0, 2, 0, 0, 0, 0, 0, 10, 0, 0, 0, 0, 0, 0, 0
1, CIVILIZATION_LAHORE, 0, 0, 0, 0, 2, 0, 0, 0, 0, 0, 10, 0, 0, 0, 0, 0, 0, 0
1, CIVILIZATION_JOHANNESBURG, 0, 0, 0, 0, 2, 0, 0, 0, 0, 0, 10, 0, 0, 0, 0, 0, 0, 0
1, CIVILIZATION_FREE_CITIES, 0, 0, 0, 0, 0, 0, 0, 0, 0, 0, 0, 0, 0, 0, 0, 0, 0, 0
2, CIVILIZATION_SCOTLAND, 1, 1, 0, 0, 1, 0, 0, 0, 7, 0, 15, 0, 2, 2, 5, 0, 5, 4
2, CIVILIZATION_ZULU, 1, 1, 0, 0, 1, 0, 0, 0, 7, 0, 16, 0, 2, 1, 6, 0, 7, 4
2, CIVILIZATION_VIETNAM, 0, 0, 0, 0, 1, 0, 0, 0, 0, 0, 10, 0, 0, 0, 0, 0, 0, 0
2, CIVILIZATION_JAPAN, 1, 1, 0, 0, 1, 0, 0, 0, 7, 0, 18, 0, 2, 1, 8, 0, 4, 4
2, CIVILIZATION_PERSIA, 1, 1, 0, 0, 1, 0, 0, 0, 7, 0, 16, 0, 2, 1, 6, 0, 3, 6
2, CIVILIZATION_GAUL, 1, 1, 0, 0, 1, 0, 0, 0, 7, 0, 18, 0, 2, 1, 8, 0, 4, 4
2, CIVILIZATION_MUSCAT, 1, 1, 0, 0, 2, 0, 0, 0, 7, 0, 15, 0, 2, 1, 5, 0, 3, 4
2, CIVILIZATION_VATICAN_CITY, 1, 1, 0, 0, 2, 0, 0, 0, 7, 0, 15, 0, 2, 1, 5, 0, 2, 4
2, CIVILIZATION_JAKARTA, 1, 1, 0, 0, 2, 0, 0, 0, 7, 0, 15, 0, 2, 1, 5, 0, 2, 4
2, CIVILIZATION_HUNZA, 1, 1, 0, 0, 2, 0, 0, 0, 7, 0, 15, 0, 2, 1, 5, 0, 2, 4
2, CIVILIZATION_BOLOGNA, 1, 1, 0, 0, 2, 0, 0, 0, 7, 0, 15, 0, 2, 1, 5, 0, 3, 3
2, CIVILIZATION_VILNIUS, 1, 1, 0, 0, 2, 0, 0, 0, 7, 0, 15, 0, 2, 1, 5, 0, 2, 4
2, CIVILIZATION_LISBON, 1, 1, 0, 0, 2, 0, 0, 0, 7, 0, 15, 0, 2, 1, 5, 0, 3, 3
2, CIVILIZATION_LAHORE, 1, 1, 0, 0, 2, 0, 0, 0, 7, 0, 15, 0, 2, 1, 5, 0, 2, 4
2, CIVILIZATION_JOHANNESBURG, 1, 1, 0, 0, 2, 0, 0, 0, 7, 0, 15, 0, 2, 1, 5, 0, 2, 4
2, CIVILIZATION_FREE_CITIES, 0, 0, 0, 0, 0, 0, 0, 0, 0, 0, 0, 0, 0, 0, 0, 0, 0, 0
3, CIVILIZATION_SCOTLAND, 1, 1, 0, 0, 1, 0, 0, 0, 7, 0, 20, 0, 2, 2, 5, 0, 5, 4
3, CIVILIZATION_ZULU, 1, 1, 0, 0, 1, 0, 0, 0, 7, 0, 22, 0, 2, 1, 6, 0, 7, 4
3, CIVILIZATION_VIETNAM, 1, 1, 0, 0, 1, 0, 0, 0, 7, 0, 16, 0, 2, 1, 6, 0, 6, 4
3, CIVILIZATION_JAPAN, 1, 1, 0, 0, 1, 0, 0, 0, 7, 0, 26, 0, 2, 1, 8, 0, 4, 4
3, CIVILIZATION_PERSIA, 1, 1, 0, 0, 1, 0, 0, 0, 7, 0, 22, 0, 2, 1, 6, 0, 3, 6
3, CIVILIZATION_GAUL, 1, 1, 0, 0, 1, 0, 0, 0, 7, 0, 26, 0, 2, 1, 8, 0, 4, 4
3, CIVILIZATION_MUSCAT, 1, 1, 0, 0, 2, 0, 0, 0, 7, 0, 20, 0, 2, 1, 5, 0, 3, 4
3, CIVILIZATION_VATICAN_CITY, 1, 1, 0, 0, 2, 0, 0, 0, 7, 0, 20, 0, 2, 1, 5, 0, 2, 4
3, CIVILIZATION_JAKARTA, 1, 1, 0, 0, 2, 0, 0, 0, 7, 0, 20, 0, 2, 1, 5, 0, 2, 4
3, CIVILIZATION_HUNZA, 1, 1, 0, 0, 2, 0, 0, 0, 7, 0, 20, 0, 2, 1, 5, 0, 2, 4
3, CIVILIZATION_BOLOGNA, 1, 1, 0, 0, 2, 0, 0, 0, 7, 0, 20, 0, 2, 1, 5, 0, 3, 3
3, CIVILIZATION_VILNIUS, 1, 1, 0, 0, 2, 0, 0, 0, 7, 0, 20, 0, 2, 1, 5, 0, 2, 4
3, CIVILIZATION_LISBON, 1, 1, 0, 0, 2, 0, 0, 0, 7, 0, 20, 0, 2, 1, 5, 0, 3, 3
3, CIVILIZATION_LAHORE, 1, 1, 0, 0, 2, 0, 0, 0, 7, 0, 20, 0, 2, 1, 5, 0, 2, 4
3, CIVILIZATION_JOHANNESBURG, 1, 1, 0, 0, 2, 0, 0, 0, 7, 0, 20, 0, 2, 1, 5, 0, 2, 4
3, CIVILIZATION_FREE_CITIES, 0, 0, 0, 0, 0, 0, 0, 0, 0, 0, 0, 0, 0, 0, 0, 0, 0, 0
4, CIVILIZATION_SCOTLAND, 1, 1, 0, 0, 1, 0, 0, 0, 7, 0, 25, 0, 2, 2, 5, 0, 5, 4
4, CIVILIZATION_ZULU, 1, 1, 0, 0, 1, 0, 0, 0, 7, 0, 28, 0, 2, 1, 6, 0, 7, 4
4, CIVILIZATION_VIETNAM, 1, 1, 0, 0, 1, 0, 0, 0, 7, 0, 22, 0, 2, 1, 6, 0, 6, 4
4, CIVILIZATION_JAPAN, 1, 1, 0, 0, 1, 0, 0, 0, 7, 0, 35, 0, 2, 1, 8, 0, 4, 4
4, CIVILIZATION_PERSIA, 1, 1, 0, 0, 1, 0, 0, 0, 7, 0, 28, 0, 2, 1, 6, 0, 3, 6
4, CIVILIZATION_GAUL, 1, 1, 0, 0, 1, 0, 0, 0, 7, 0, 35, 0, 2, 1, 8, 0, 4, 4
4, CIVILIZATION_MUSCAT, 1, 1, 0, 0, 2, 0, 0, 0, 7, 0, 25, 0, 2, 1, 5, 0, 3, 4
4, CIVILIZATION_VATICAN_CITY, 1, 1, 0, 0, 2, 0, 0, 0, 7, 0, 25, 0, 2, 1, 5, 0, 2, 4
4, CIVILIZATION_JAKARTA, 1, 1, 0, 0, 2, 0, 0, 0, 7, 0, 25, 0, 2, 1, 5, 0, 2, 4
4, CIVILIZATION_HUNZA, 1, 1, 0, 0, 2, 0, 0, 0, 7, 0, 25, 0, 2, 1, 5, 0, 2, 4
4, CIVILIZATION_BOLOGNA, 1, 1, 0, 0, 2, 0, 0, 0, 7, 0, 25, 0, 2, 1, 5, 0, 3, 3
4, CIVILIZATION_VILNIUS, 1, 1, 0, 0, 2, 0, 0, 0, 7, 0, 25, 0, 2, 1, 5, 0, 2, 4
4, CIVILIZATION_LISBON, 1, 1, 0, 0, 2, 0, 0, 0, 7, 0, 25, 0, 2, 1, 5, 0, 3, 3
4, CIVILIZATION_LAHORE, 1, 1, 0, 0, 2, 0, 0, 0, 7, 0, 25, 0, 2, 1, 5, 0, 2, 4
4, CIVILIZATION_JOHANNESBURG, 1, 1, 0, 0, 2, 0, 0, 0, 7, 0, 25, 0, 2, 1, 5, 0, 2, 4
4, CIVILIZATION_FREE_CITIES, 0, 0, 0, 0, 0, 0, 0, 0, 0, 0, 0, 0, 0, 0, 0, 0, 0, 0
5, CIVILIZATION_SCOTLAND, 1, 1, 0, 0, 1, 0, 0, 0, 7, 0, 30, 0, 2, 2, 5, 0, 5, 4
5, CIVILIZATION_ZULU, 1, 1, 0, 0, 1, 0, 0, 0, 7, 0, 36, 0, 2, 1, 8, 0, 7, 4
5, CIVILIZATION_VIETNAM, 1, 1, 0, 0, 1, 0, 0, 0, 7, 0, 28, 0, 2, 1, 6, 0, 6, 4
5, CIVILIZATION_JAPAN, 1, 1, 0, 0, 1, 0, 0, 0, 7, 0, 43, 0, 3, 1, 8, 0, 4, 4
5, CIVILIZATION_PERSIA, 1, 1, 0, 0, 1, 0, 0, 0, 7, 0, 34, 0, 2, 1, 6, 0, 3, 6
5, CIVILIZATION_GAUL, 1, 1, 0, 0, 1, 0, 0, 0, 7, 0, 43, 1, 2, 1, 8, 1, 4, 4
5, CIVILIZATION_MUSCAT, 1, 1, 0, 0, 2, 0, 0, 0, 7, 0, 30, 0, 2, 1, 5, 0, 3, 4
5, CIVILIZATION_VATICAN_CITY, 1, 1, 0, 0, 2, 0, 0, 0, 7, 0, 30, 0, 2, 1, 5, 0, 2, 4
5, CIVILIZATION_JAKARTA, 1, 1, 0, 0, 2, 0, 0, 0, 7, 0, 30, 0, 2, 1, 5, 0, 2, 4
5, CIVILIZATION_HUNZA, 1, 1, 0, 0, 2, 0, 0, 0, 7, 0, 30, 0, 2, 1, 5, 0, 2, 4
5, CIVILIZATION_BOLOGNA, 1, 1, 0, 0, 1, 0, 0, 0, 7, 0, 30, 0, 2, 1, 5, 0, 3, 3
5, CIVILIZATION_VILNIUS, 1, 1, 0, 0, 2, 0, 0, 0, 7, 0, 30, 0, 2, 1, 5, 0, 2, 4
5, CIVILIZATION_LISBON, 1, 1, 0, 0, 2, 0, 0, 0, 7, 0, 30, 0, 2, 1, 5, 0, 3, 3
5, CIVILIZATION_LAHORE, 1, 1, 0, 0, 2, 0, 0, 0, 7, 0, 30, 0, 2, 1, 5, 0, 2, 4
5, CIVILIZATION_JOHANNESBURG, 1, 1, 0, 0, 2, 0, 0, 0, 7, 0, 30, 0, 2, 1, 5, 0, 2, 4
5, CIVILIZATION_FREE_CITIES, 0, 0, 0, 0, 0, 0, 0, 0, 0, 0, 0, 0, 0, 0, 0, 0, 0, 0
6, CIVILIZATION_SCOTLAND, 1, 1, 0, 0, 1, 0, 0, 0, 7, 0, 35, 0, 2, 2, 5, 0, 5, 4
6, CIVILIZATION_ZULU, 1, 1, 0, 0, 1, 0, 0, 0, 7, 0, 44, 0, 2, 1, 8, 0, 7, 4
6, CIVILIZATION_VIETNAM, 1, 1, 0, 0, 1, 0, 0, 0, 7, 0, 34, 0, 2, 1, 6, 0, 6, 4
6, CIVILIZATION_JAPAN, 1, 1, 0, 0, 1, 0, 0, 0, 7, 0, 51, 0, 3, 1, 8, 0, 4, 4
6, CIVILIZATION_PERSIA, 1, 2, 0, 0, 1, 0, 0, 0, 7, 0, 40, 0, 3, 1, 6, 0, 4, 8
6, CIVILIZATION_GAUL, 1, 1, 0, 0, 1, 0, 0, 0, 7, 0, 51, 2, 2, 1, 8, 1, 4, 4
6, CIVILIZATION_MUSCAT, 1, 1, 0, 0, 2, 0, 0, 0, 7, 0, 35, 0, 2, 1, 5, 0, 3, 4
6, CIVILIZATION_VATICAN_CITY, 1, 1, 0, 0, 2, 0, 0, 0, 7, 0, 35, 0, 2, 1, 5, 0, 2, 4
6, CIVILIZATION_JAKARTA, 1, 1, 0, 0, 2, 0, 0, 0, 7, 0, 35, 0, 2, 1, 5, 0, 2, 4
6, CIVILIZATION_HUNZA, 1, 1, 0, 0, 2, 0, 0, 0, 7, 0, 35, 0, 2, 1, 5, 0, 2, 4
6, CIVILIZATION_BOLOGNA, 1, 1, 0, 0, 1, 0, 0, 0, 7, 0, 35, 0, 2, 1, 5, 0, 3, 3
6, CIVILIZATION_VILNIUS, 1, 1, 0, 0, 2, 0, 0, 0, 7, 0, 35, 0, 2, 1, 5, 0, 2, 4
6, CIVILIZATION_LISBON, 1, 1, 0, 0, 2, 0, 0, 0, 7, 0, 35, 0, 2, 1, 5, 0, 3, 3
6, CIVILIZATION_LAHORE, 1, 1, 0, 0, 2, 0, 0, 0, 7, 0, 35, 0, 2, 1, 5, 0, 2, 4
6, CIVILIZATION_JOHANNESBURG, 1, 1, 0, 0, 2, 0, 0, 0, 7, 0, 35, 0, 2, 1, 5, 0, 2, 4
6, CIVILIZATION_FREE_CITIES, 0, 0, 0, 0, 0, 0, 0, 0, 0, 0, 0, 0, 0, 0, 0, 0, 0, 0
7, CIVILIZATION_SCOTLAND, 1, 1, 0, 0, 1, 0, 0, 0, 8, 0, 40, 0, 2, 2, 5, 0, 5, 4
7, CIVILIZATION_ZULU, 1, 1, 0, 0, 1, 0, 0, 0, 7, 0, 53, 0, 2, 1, 8, 0, 7, 4
7, CIVILIZATION_VIETNAM, 1, 1, 0, 0, 1, 0, 0, 0, 7, 0, 40, 0, 2, 1, 6, 0, 6, 4
7, CIVILIZATION_JAPAN, 1, 1, 0, 0, 0, 0, 0, 0, 7, 0, 60, 0, 3, 1, 8, 0, 4, 4
7, CIVILIZATION_PERSIA, 1, 2, 0, 0, 1, 0, 0, 0, 7, 0, 46, 0, 3, 1, 6, 0, 4, 8
7, CIVILIZATION_GAUL, 1, 1, 0, 0, 1, 0, 0, 0, 7, 0, 60, 3, 2, 1, 8, 1, 4, 4
7, CIVILIZATION_MUSCAT, 1, 1, 0, 0, 2, 0, 0, 0, 7, 0, 40, 0, 2, 1, 5, 0, 3, 4
7, CIVILIZATION_VATICAN_CITY, 1, 1, 0, 0, 2, 0, 0, 0, 7, 0, 40, 0, 2, 1, 5, 0, 2, 4
7, CIVILIZATION_JAKARTA, 1, 1, 0, 0, 2, 0, 0, 0, 7, 0, 40, 0, 2, 1, 5, 0, 2, 4
7, CIVILIZATION_HUNZA, 1, 1, 0, 0, 2, 0, 0, 0, 7, 0, 40, 0, 2, 1, 5, 0, 2, 4
7, CIVILIZATION_BOLOGNA, 1, 1, 0, 0, 1, 0, 0, 0, 7, 0, 40, 0, 2, 1, 5, 0, 3, 3
7, CIVILIZATION_VILNIUS, 1, 1, 0, 0, 2, 0, 0, 0, 7, 0, 40, 0, 2, 1, 5, 0, 2, 4
7, CIVILIZATION_LISBON, 1, 1, 0, 0, 2, 0, 0, 0, 7, 0, 40, 0, 2, 1, 5, 0, 3, 3
7, CIVILIZATION_LAHORE, 1, 1, 0, 0, 2, 0, 0, 0, 7, 0, 40, 0, 2, 1, 5, 0, 2, 4
7, CIVILIZATION_JOHANNESBURG, 1, 1, 0, 0, 2, 0, 0, 0, 7, 0, 40, 0, 2, 1, 5, 0, 2, 4
7, CIVILIZATION_FREE_CITIES, 0, 0, 0, 0, 0, 0, 0, 0, 0, 0, 0, 0, 0, 0, 0, 0, 0, 0
8, CIVILIZATION_SCOTLAND, 1, 1, 0, 0, 1, 0, 0, 0, 8, 0, 45, 0, 2, 2, 5, 0, 5, 4
8, CIVILIZATION_ZULU, 1, 1, 0, 0, 1, 0, 0, 0, 7, 0, 61, 0, 2, 1, 8, 0, 7, 4
8, CIVILIZATION_VIETNAM, 1, 1, 0, 0, 1, 0, 0, 0, 7, 0, 46, 0, 2, 1, 6, 0, 6, 4
8, CIVILIZATION_JAPAN, 1, 1, 0, 0, 0, 0, 0, 0, 7, 0, 68, 0, 3, 1, 8, 0, 4, 4
8, CIVILIZATION_PERSIA, 1, 2, 0, 0, 1, 0, 0, 0, 7, 0, 52, 0, 3, 1, 6, 0, 4, 8
8, CIVILIZATION_GAUL, 1, 1, 0, 0, 1, 0, 0, 0, 7, 0, 68, 4, 2, 1, 8, 1, 4, 4
8, CIVILIZATION_MUSCAT, 1, 1, 0, 0, 2, 0, 0, 0, 7, 0, 45, 0, 2, 1, 5, 0, 3, 4
8, CIVILIZATION_VATICAN_CITY, 1, 1, 0, 0, 2, 0, 0, 0, 7, 0, 45, 0, 2, 1, 5, 0, 2, 4
8, CIVILIZATION_JAKARTA, 1, 1, 0, 0, 2, 0, 0, 0, 7, 0, 45, 0, 2, 1, 5, 0, 2, 4
8, CIVILIZATION_HUNZA, 1, 1, 0, 0, 2, 0, 0, 0, 7, 0, 45, 0, 2, 1, 5, 0, 2, 4
8, CIVILIZATION_BOLOGNA, 1, 1, 0, 0, 1, 0, 0, 0, 7, 0, 45, 0, 2, 1, 5, 0, 3, 3
8, CIVILIZATION_VILNIUS, 1, 1, 0, 0, 2, 0, 0, 0, 7, 0, 45, 0, 2, 1, 5, 0, 2, 4
8, CIVILIZATION_LISBON, 1, 1, 0, 0, 2, 0, 0, 0, 7, 0, 45, 0, 2, 1, 5, 0, 3, 3
8, CIVILIZATION_LAHORE, 1, 1, 0, 0, 2, 0, 0, 0, 7, 0, 45, 0, 2, 1, 5, 0, 2, 4
8, CIVILIZATION_JOHANNESBURG, 1, 1, 0, 0, 2, 0, 0, 0, 7, 0, 45, 0, 2, 1, 5, 0, 2, 4
8, CIVILIZATION_FREE_CITIES, 0, 0, 0, 0, 0, 0, 0, 0, 0, 0, 0, 0, 0, 0, 0, 0, 0, 0
9, CIVILIZATION_SCOTLAND, 1, 1, 0, 0, 1, 0, 0, 0, 8, 0, 100, 0, 2, 2, 5, 0, 5, 4
9, CIVILIZATION_ZULU, 1, 1, 0, 0, 1, 0, 0, 0, 7, 0, 72, 0, 2, 1, 10, 0, 7, 4
9, CIVILIZATION_VIETNAM, 1, 1, 0, 0, 1, 0, 0, 0, 7, 0, 52, 0, 2, 1, 6, 0, 6, 4
9, CIVILIZATION_JAPAN, 1, 1, 1, 0, 0, 0, 0, 0, 7, 0, 77, 0, 3, 1, 8, 0, 4, 4
9, CIVILIZATION_PERSIA, 1, 2, 0, 0, 1, 0, 0, 0, 8, 0, 58, 0, 3, 1, 6, 0, 3, 10
9, CIVILIZATION_GAUL, 1, 1, 0, 0, 1, 0, 0, 0, 7, 0, 77, 5, 2, 1, 8, 1, 4, 4
9, CIVILIZATION_MUSCAT, 1, 1, 0, 0, 2, 0, 0, 0, 7, 1, 50, 0, 2, 1, 5, 0, 3, 4
9, CIVILIZATION_VATICAN_CITY, 1, 1, 0, 0, 2, 0, 0, 0, 7, 0, 50, 0, 2, 1, 5, 0, 2, 4
9, CIVILIZATION_JAKARTA, 1, 1, 0, 0, 2, 0, 0, 0, 7, 0, 50, 0, 2, 1, 5, 0, 2, 4
9, CIVILIZATION_HUNZA, 1, 1, 0, 0, 2, 0, 0, 0, 7, 0, 50, 0, 2, 1, 5, 0, 2, 4
9, CIVILIZATION_BOLOGNA, 1, 1, 0, 0, 1, 0, 0, 0, 7, 1, 50, 0, 2, 1, 5, 0, 2, 5
9, CIVILIZATION_VILNIUS, 1, 1, 0, 0, 2, 0, 0, 0, 7, 0, 50, 0, 2, 1, 5, 0, 2, 4
9, CIVILIZATION_LISBON, 1, 1, 0, 0, 2, 0, 0, 0, 7, 0, 50, 0, 2, 1, 5, 0, 3, 3
9, CIVILIZATION_LAHORE, 1, 1, 0, 0, 2, 0, 0, 0, 7, 0, 50, 0, 2, 1, 5, 0, 2, 4
9, CIVILIZATION_JOHANNESBURG, 1, 1, 0, 0, 2, 0, 0, 0, 7, 0, 50, 0, 2, 1, 5, 0, 2, 4
9, CIVILIZATION_FREE_CITIES, 0, 0, 0, 0, 0, 0, 0, 0, 0, 0, 0, 0, 0, 0, 0, 0, 0, 0
10, CIVILIZATION_SCOTLAND, 1, 2, 0, 1, 1, 0, 0, 0, 8, 0, 105, 1, 3, 2, 6, 1, 7, 6
10, CIVILIZATION_ZULU, 1, 2, 0, 0, 1, 0, 0, 0, 8, 1, 83, 1, 3, 1, 10, 1, 9, 6
10, CIVILIZATION_VIETNAM, 1, 1, 0, 0, 1, 0, 0, 0, 7, 0, 58, 0, 2, 1, 6, 0, 6, 4
10, CIVILIZATION_JAPAN, 1, 2, 1, 0, 0, 0, 0, 0, 8, 0, 87, 0, 4, 1, 10, 0, 6, 6
10, CIVILIZATION_PERSIA, 1, 2, 1, 0, 1, 0, 0, 0, 8, 0, 64, 0, 3, 1, 6, 0, 3, 10
10, CIVILIZATION_GAUL, 1, 2, 0, 0, 1, 0, 0, 0, 8, 0, 85, 6, 3, 1, 8, 1, 4, 7
10, CIVILIZATION_MUSCAT, 1, 2, 0, 0, 2, 0, 0, 0, 7, 1, 55, 0, 3, 1, 5, 0, 4, 6
10, CIVILIZATION_VATICAN_CITY, 1, 2, 0, 0, 2, 0, 0, 0, 7, 0, 55, 0, 3, 1, 5, 0, 3, 6
10, CIVILIZATION_JAKARTA, 1, 2, 0, 0, 2, 0, 0, 0, 7, 0, 55, 0, 3, 1, 5, 0, 3, 5
10, CIVILIZATION_HUNZA, 1, 2, 0, 0, 2, 0, 0, 0, 7, 0, 55, 0, 3, 1, 5, 0, 2, 7
10, CIVILIZATION_BOLOGNA, 1, 1, 0, 0, 1, 0, 0, 0, 7, 2, 55, 0, 2, 1, 5, 0, 2, 5
10, CIVILIZATION_VILNIUS, 1, 2, 0, 0, 2, 0, 0, 0, 7, 0, 55, 0, 3, 1, 5, 0, 2, 6
10, CIVILIZATION_LISBON, 1, 1, 0, 0, 2, 0, 0, 0, 7, 0, 55, 0, 2, 1, 5, 0, 3, 3
10, CIVILIZATION_LAHORE, 1, 2, 0, 0, 2, 0, 0, 0, 7, 1, 55, 0, 3, 1, 5, 0, 2, 8
10, CIVILIZATION_JOHANNESBURG, 1, 2, 0, 0, 2, 0, 0, 0, 7, 1, 55, 0, 3, 1, 5, 0, 2, 8
10, CIVILIZATION_FREE_CITIES, 0, 0, 0, 0, 0, 0, 0, 0, 0, 0, 0, 0, 0, 0, 0, 0, 0, 0
11, CIVILIZATION_SCOTLAND, 1, 2, 1, 1, 1, 0, 0, 0, 8, 0, 111, 2, 3, 2, 6, 1, 7, 6
11, CIVILIZATION_ZULU, 1, 2, 1, 0, 1, 0, 0, 0, 8, 1, 93, 2, 3, 1, 10, 1, 9, 6
11, CIVILIZATION_VIETNAM, 1, 2, 0, 0, 1, 0, 0, 0, 8, 0, 64, 0, 3, 1, 6, 0, 8, 6
11, CIVILIZATION_JAPAN, 1, 2, 1, 0, 0, 0, 0, 0, 8, 0, 98, 0, 4, 1, 10, 0, 6, 6
11, CIVILIZATION_PERSIA, 1, 3, 1, 0, 0, 0, 0, 0, 8, 0, 70, 0, 3, 2, 6, 0, 4, 12
11, CIVILIZATION_GAUL, 1, 2, 1, 0, 1, 0, 0, 0, 8, 0, 93, 7, 3, 1, 8, 1, 4, 7
11, CIVILIZATION_MUSCAT, 1, 2, 1, 0, 2, 0, 0, 0, 7, 1, 60, 0, 3, 1, 5, 0, 4, 6
11, CIVILIZATION_VATICAN_CITY, 1, 2, 1, 0, 2, 0, 0, 0, 7, 0, 60, 0, 3, 1, 5, 0, 3, 6
11, CIVILIZATION_JAKARTA, 1, 2, 1, 0, 2, 0, 0, 0, 7, 0, 60, 0, 3, 1, 5, 0, 3, 5
11, CIVILIZATION_HUNZA, 1, 2, 1, 0, 2, 0, 0, 0, 7, 0, 60, 0, 3, 1, 5, 0, 2, 7
11, CIVILIZATION_BOLOGNA, 1, 1, 1, 0, 1, 0, 0, 0, 7, 2, 60, 0, 2, 1, 5, 0, 2, 5
11, CIVILIZATION_VILNIUS, 1, 2, 1, 0, 2, 0, 0, 0, 7, 0, 60, 0, 3, 1, 5, 0, 2, 6
11, CIVILIZATION_LISBON, 1, 1, 1, 0, 2, 0, 0, 0, 7, 0, 60, 0, 2, 1, 5, 0, 3, 3
11, CIVILIZATION_LAHORE, 1, 2, 1, 0, 2, 0, 0, 0, 7, 1, 60, 0, 3, 1, 5, 0, 2, 8
11, CIVILIZATION_JOHANNESBURG, 1, 2, 1, 0, 2, 0, 0, 0, 7, 1, 60, 0, 3, 1, 5, 0, 2, 8
11, CIVILIZATION_FREE_CITIES, 0, 0, 0, 0, 0, 0, 0, 0, 0, 0, 0, 0, 0, 0, 0, 0, 0, 0
12, CIVILIZATION_SCOTLAND, 1, 2, 1, 1, 1, 0, 0, 0, 8, 0, 117, 3, 3, 2, 6, 1, 7, 6
12, CIVILIZATION_ZULU, 1, 2, 1, 0, 1, 0, 0, 0, 8, 1, 104, 3, 3, 1, 10, 1, 9, 6
12, CIVILIZATION_VIETNAM, 1, 2, 1, 0, 1, 0, 0, 0, 8, 1, 70, 0, 3, 1, 6, 0, 8, 6
12, CIVILIZATION_JAPAN, 1, 2, 1, 0, 0, 0, 0, 0, 8, 0, 109, 0, 4, 1, 10, 0, 6, 6
12, CIVILIZATION_PERSIA, 1, 3, 1, 0, 0, 0, 0, 0, 8, 0, 76, 0, 3, 2, 6, 0, 4, 12
12, CIVILIZATION_GAUL, 1, 2, 1, 0, 1, 0, 0, 0, 8, 0, 102, 8, 3, 1, 8, 1, 4, 7
12, CIVILIZATION_MUSCAT, 1, 2, 1, 0, 2, 0, 0, 0, 7, 1, 65, 0, 3, 1, 5, 0, 4, 6
12, CIVILIZATION_VATICAN_CITY, 1, 2, 1, 0, 2, 0, 0, 0, 7, 0, 65, 0, 3, 1, 5, 0, 3, 6
12, CIVILIZATION_JAKARTA, 1, 2, 1, 0, 2, 0, 0, 0, 7, 0, 65, 0, 3, 1, 5, 0, 3, 5
12, CIVILIZATION_HUNZA, 1, 2, 1, 0, 2, 0, 0, 0, 7, 1, 65, 0, 3, 1, 5, 0, 2, 7
12, CIVILIZATION_BOLOGNA, 1, 2, 1, 0, 1, 0, 0, 0, 7, 2, 65, 0, 3, 1, 5, 0, 3, 6
12, CIVILIZATION_VILNIUS, 1, 2, 1, 0, 2, 0, 0, 0, 7, 0, 65, 0, 3, 1, 5, 0, 2, 6
12, CIVILIZATION_LISBON, 1, 1, 1, 0, 2, 0, 0, 0, 7, 0, 65, 0, 2, 1, 5, 0, 3, 3
12, CIVILIZATION_LAHORE, 1, 2, 1, 0, 2, 0, 0, 0, 7, 1, 65, 0, 3, 1, 5, 0, 2, 8
12, CIVILIZATION_JOHANNESBURG, 1, 2, 1, 0, 2, 0, 0, 0, 7, 2, 65, 0, 3, 1, 5, 0, 2, 8
12, CIVILIZATION_FREE_CITIES, 0, 0, 0, 0, 0, 0, 0, 0, 0, 0, 0, 0, 0, 0, 0, 0, 0, 0
13, CIVILIZATION_SCOTLAND, 1, 2, 1, 1, 1, 0, 0, 0, 9, 1, 73, 4, 3, 4, 6, 1, 5, 7
13, CIVILIZATION_ZULU, 1, 2, 1, 0, 1, 0, 0, 0, 8, 1, 115, 4, 3, 1, 10, 1, 9, 6
13, CIVILIZATION_VIETNAM, 1, 2, 1, 0, 1, 0, 0, 0, 8, 1, 76, 0, 3, 1, 6, 0, 8, 6
13, CIVILIZATION_JAPAN, 1, 2, 1, 0, 0, 0, 0, 0, 8, 0, 120, 0, 4, 1, 10, 0, 6, 6
13, CIVILIZATION_PERSIA, 1, 3, 1, 1, 0, 0, 0, 0, 8, 0, 82, 1, 3, 2, 7, 1, 4, 12
13, CIVILIZATION_GAUL, 1, 2, 1, 0, 1, 0, 0, 0, 8, 0, 110, 9, 3, 1, 8, 1, 4, 7
13, CIVILIZATION_MUSCAT, 1, 2, 1, 0, 2, 0, 0, 0, 7, 1, 70, 0, 3, 1, 5, 0, 4, 6
13, CIVILIZATION_VATICAN_CITY, 1, 2, 1, 0, 2, 0, 0, 0, 7, 0, 70, 0, 3, 1, 5, 0, 3, 6
13, CIVILIZATION_JAKARTA, 1, 2, 1, 0, 2, 0, 0, 0, 7, 1, 70, 0, 3, 1, 5, 0, 2, 7
13, CIVILIZATION_HUNZA, 1, 2, 1, 0, 2, 0, 0, 0, 7, 1, 70, 0, 3, 1, 5, 0, 2, 7
13, CIVILIZATION_BOLOGNA, 1, 2, 1, 0, 1, 0, 0, 0, 7, 2, 120, 0, 3, 1, 5, 0, 3, 6
13, CIVILIZATION_VILNIUS, 1, 2, 1, 0, 2, 0, 0, 0, 7, 0, 70, 0, 3, 1, 5, 0, 2, 6
13, CIVILIZATION_LISBON, 1, 1, 1, 0, 2, 0, 0, 0, 7, 0, 70, 0, 2, 1, 5, 0, 3, 3
13, CIVILIZATION_LAHORE, 1, 2, 1, 0, 2, 0, 0, 0, 7, 1, 70, 0, 3, 1, 5, 0, 2, 8
13, CIVILIZATION_JOHANNESBURG, 1, 2, 1, 0, 2, 0, 0, 0, 7, 2, 70, 0, 3, 1, 5, 0, 2, 8
13, CIVILIZATION_FREE_CITIES, 0, 0, 0, 0, 0, 0, 0, 0, 0, 0, 0, 0, 0, 0, 0, 0, 0, 0
14, CIVILIZATION_SCOTLAND, 1, 2, 1, 1, 1, 0, 0, 0, 10, 1, 79, 5, 3, 4, 6, 1, 5, 7
14, CIVILIZATION_ZULU, 1, 2, 1, 0, 2, 0, 0, 0, 8, 1, 126, 5, 3, 1, 10, 1, 9, 6
14, CIVILIZATION_VIETNAM, 1, 2, 1, 0, 1, 0, 0, 0, 8, 1, 82, 0, 3, 1, 6, 0, 8, 6
14, CIVILIZATION_JAPAN, 1, 2, 1, 0, 0, 0, 0, 0, 8, 0, 131, 0, 4, 1, 10, 0, 6, 6
14, CIVILIZATION_PERSIA, 1, 3, 1, 1, 0, 0, 0, 0, 8, 0, 89, 2, 3, 2, 7, 1, 4, 12
14, CIVILIZATION_GAUL, 1, 2, 1, 0, 1, 0, 0, 0, 8, 1, 119, 10, 3, 1, 8, 1, 4, 8
14, CIVILIZATION_MUSCAT, 1, 2, 1, 0, 2, 0, 0, 0, 7, 1, 75, 0, 3, 1, 5, 0, 4, 6
14, CIVILIZATION_VATICAN_CITY, 1, 2, 1, 0, 2, 0, 0, 0, 7, 0, 75, 0, 3, 1, 5, 0, 3, 6
14, CIVILIZATION_JAKARTA, 1, 2, 1, 0, 2, 0, 0, 0, 7, 1, 75, 0, 3, 1, 5, 0, 2, 7
14, CIVILIZATION_HUNZA, 1, 2, 1, 0, 2, 0, 0, 0, 7, 2, 75, 0, 3, 1, 5, 0, 2, 7
14, CIVILIZATION_BOLOGNA, 1, 2, 1, 0, 2, 0, 0, 0, 7, 2, 125, 0, 3, 1, 5, 0, 3, 6
14, CIVILIZATION_VILNIUS, 1, 2, 1, 0, 2, 0, 0, 0, 7, 0, 75, 0, 3, 1, 5, 0, 2, 6
14, CIVILIZATION_LISBON, 1, 1, 1, 0, 2, 0, 0, 0, 7, 0, 75, 0, 2, 1, 5, 0, 3, 3
14, CIVILIZATION_LAHORE, 1, 2, 1, 0, 2, 0, 0, 0, 7, 1, 75, 0, 3, 1, 5, 0, 2, 8
14, CIVILIZATION_JOHANNESBURG, 1, 2, 1, 0, 2, 0, 0, 0, 7, 2, 75, 0, 3, 1, 5, 0, 2, 8
14, CIVILIZATION_FREE_CITIES, 0, 0, 0, 0, 0, 0, 0, 0, 0, 0, 0, 0, 0, 0, 0, 0, 0, 0
15, CIVILIZATION_SCOTLAND, 1, 2, 1, 1, 1, 0, 0, 0, 10, 1, 85, 6, 3, 4, 6, 1, 5, 7
15, CIVILIZATION_ZULU, 1, 2, 1, 1, 2, 0, 0, 0, 8, 1, 137, 7, 3, 1, 12, 2, 9, 6
15, CIVILIZATION_VIETNAM, 1, 2, 1, 0, 2, 0, 0, 0, 8, 1, 88, 0, 3, 1, 6, 0, 8, 6
15, CIVILIZATION_JAPAN, 1, 2, 1, 1, 0, 0, 0, 0, 9, 0, 91, 0, 4, 3, 10, 0, 7, 6
15, CIVILIZATION_PERSIA, 1, 3, 1, 1, 0, 0, 0, 0, 8, 0, 96, 3, 3, 2, 7, 1, 4, 12
15, CIVILIZATION_GAUL, 1, 2, 1, 1, 1, 0, 0, 0, 9, 2, 77, 12, 3, 1, 9, 2, 4, 8
15, CIVILIZATION_MUSCAT, 1, 2, 1, 1, 2, 0, 0, 0, 7, 1, 80, 0, 3, 1, 5, 0, 4, 6
15, CIVILIZATION_VATICAN_CITY, 1, 2, 1, 1, 2, 0, 0, 0, 7, 0, 80, 0, 3, 1, 5, 0, 3, 6
15, CIVILIZATION_JAKARTA, 1, 2, 1, 1, 2, 0, 0, 0, 7, 2, 80, 0, 3, 1, 5, 0, 2, 7
15, CIVILIZATION_HUNZA, 1, 2, 1, 1, 2, 0, 0, 0, 7, 2, 80, 0, 3, 1, 5, 0, 2, 7
15, CIVILIZATION_BOLOGNA, 1, 2, 1, 1, 2, 0, 0, 0, 7, 2, 130, 0, 3, 1, 5, 0, 3, 6
15, CIVILIZATION_VILNIUS, 1, 2, 1, 1, 2, 0, 0, 0, 7, 0, 80, 0, 3, 1, 5, 0, 2, 6
15, CIVILIZATION_LISBON, 1, 1, 1, 1, 2, 0, 0, 0, 7, 0, 80, 0, 2, 1, 5, 0, 3, 3
15, CIVILIZATION_LAHORE, 1, 2, 1, 1, 2, 0, 0, 0, 7, 1, 80, 0, 3, 1, 5, 0, 2, 8
15, CIVILIZATION_JOHANNESBURG, 1, 2, 1, 1, 2, 0, 0, 0, 7, 2, 80, 0, 3, 1, 5, 0, 2, 8
15, CIVILIZATION_FREE_CITIES, 0, 0, 0, 0, 0, 0, 0, 0, 0, 0, 0, 0, 0, 0, 0, 0, 0, 0
16, CIVILIZATION_SCOTLAND, 1, 2, 1, 1, 1, 0, 0, 0, 10, 1, 91, 7, 3, 4, 6, 1, 5, 7
16, CIVILIZATION_ZULU, 1, 2, 1, 1, 2, 0, 0, 0, 8, 1, 149, 9, 3, 1, 12, 2, 9, 6
16, CIVILIZATION_VIETNAM, 1, 2, 1, 1, 2, 0, 0, 0, 8, 1, 94, 1, 3, 1, 7, 1, 8, 6
16, CIVILIZATION_JAPAN, 1, 2, 1, 1, 0, 0, 0, 0, 9, 0, 102, 0, 4, 3, 10, 0, 7, 6
16, CIVILIZATION_PERSIA, 1, 3, 1, 1, 0, 0, 0, 0, 8, 0, 103, 4, 3, 2, 7, 1, 4, 12
16, CIVILIZATION_GAUL, 1, 2, 1, 1, 1, 0, 0, 0, 9, 0, 87, 15, 3, 1, 9, 2, 4, 7
16, CIVILIZATION_MUSCAT, 1, 2, 1, 1, 2, 0, 0, 0, 7, 1, 85, 0, 3, 1, 5, 0, 4, 6
16, CIVILIZATION_VATICAN_CITY, 1, 2, 1, 1, 2, 0, 0, 0, 7, 0, 85, 0, 3, 1, 5, 0, 3, 6
16, CIVILIZATION_JAKARTA, 1, 2, 1, 1, 2, 0, 0, 0, 7, 2, 85, 0, 3, 1, 5, 0, 2, 7
16, CIVILIZATION_HUNZA, 1, 2, 1, 1, 2, 0, 0, 0, 7, 2, 85, 0, 3, 1, 5, 0, 2, 7
16, CIVILIZATION_BOLOGNA, 1, 2, 1, 1, 2, 0, 0, 0, 7, 2, 135, 0, 3, 1, 5, 0, 3, 6
16, CIVILIZATION_VILNIUS, 1, 2, 1, 1, 2, 0, 0, 0, 7, 0, 85, 0, 3, 1, 5, 0, 2, 6
16, CIVILIZATION_LISBON, 1, 1, 1, 1, 2, 0, 0, 0, 7, 0, 85, 0, 2, 1, 5, 0, 3, 3
16, CIVILIZATION_LAHORE, 1, 3, 1, 1, 2, 0, 0, 0, 7, 1, 85, 0, 3, 1, 5, 0, 3, 10
16, CIVILIZATION_JOHANNESBURG, 1, 3, 1, 1, 2, 0, 0, 0, 7, 2, 85, 0, 3, 1, 5, 0, 3, 10
16, CIVILIZATION_FREE_CITIES, 0, 0, 0, 0, 0, 0, 0, 0, 0, 0, 0, 0, 0, 0, 0, 0, 0, 0
17, CIVILIZATION_SCOTLAND, 1, 2, 1, 1, 1, 0, 0, 0, 10, 1, 97, 8, 3, 4, 6, 1, 5, 7
17, CIVILIZATION_ZULU, 1, 2, 1, 1, 2, 0, 0, 0, 8, 1, 161, 11, 3, 1, 12, 2, 9, 6
17, CIVILIZATION_VIETNAM, 1, 2, 1, 1, 2, 0, 0, 0, 8, 1, 141, 2, 3, 1, 7, 1, 8, 6
17, CIVILIZATION_JAPAN, 1, 2, 1, 1, 0, 0, 0, 0, 10, 0, 113, 0, 4, 3, 10, 0, 7, 6
17, CIVILIZATION_PERSIA, 1, 4, 2, 1, 0, 0, 0, 0, 8, 0, 110, 5, 4, 4, 7, 1, 6, 14
17, CIVILIZATION_GAUL, 1, 3, 1, 1, 1, 0, 0, 0, 9, 1, 96, 17, 3, 2, 9, 2, 4, 11
17, CIVILIZATION_MUSCAT, 1, 2, 1, 1, 2, 0, 0, 0, 7, 1, 90, 0, 3, 1, 5, 0, 4, 6
17, CIVILIZATION_VATICAN_CITY, 1, 2, 1, 1, 1, 0, 0, 0, 7, 0, 90, 0, 3, 1, 5, 0, 3, 6
17, CIVILIZATION_JAKARTA, 1, 2, 1, 1, 2, 0, 0, 0, 7, 3, 90, 0, 3, 1, 5, 0, 2, 7
17, CIVILIZATION_HUNZA, 1, 2, 1, 1, 2, 0, 0, 0, 7, 2, 90, 0, 3, 1, 5, 0, 2, 7
17, CIVILIZATION_BOLOGNA, 1, 2, 1, 1, 2, 0, 0, 0, 7, 2, 140, 0, 3, 1, 5, 0, 3, 6
17, CIVILIZATION_VILNIUS, 1, 2, 1, 1, 2, 0, 0, 0, 7, 0, 90, 0, 3, 1, 5, 0, 2, 6
17, CIVILIZATION_LISBON, 1, 2, 1, 1, 2, 0, 0, 0, 7, 0, 90, 0, 3, 1, 5, 0, 4, 5
17, CIVILIZATION_LAHORE, 1, 3, 1, 1, 2, 0, 0, 0, 7, 1, 90, 0, 3, 1, 5, 0, 3, 10
17, CIVILIZATION_JOHANNESBURG, 1, 3, 1, 1, 2, 0, 0, 0, 7, 2, 90, 0, 3, 1, 5, 0, 3, 10
17, CIVILIZATION_FREE_CITIES, 0, 0, 0, 0, 0, 0, 0, 0, 0, 0, 0, 0, 0, 0, 0, 0, 0, 0
18, CIVILIZATION_SCOTLAND, 1, 2, 1, 1, 1, 0, 0, 0, 10, 1, 103, 9, 3, 4, 6, 1, 5, 7
18, CIVILIZATION_ZULU, 1, 2, 2, 1, 2, 0, 0, 0, 8, 1, 173, 14, 3, 1, 12, 2, 9, 6
18, CIVILIZATION_VIETNAM, 1, 2, 1, 1, 2, 0, 0, 0, 8, 1, 148, 3, 3, 1, 7, 1, 8, 6
18, CIVILIZATION_JAPAN, 1, 2, 1, 1, 0, 0, 0, 0, 10, 0, 124, 0, 4, 3, 10, 0, 7, 6
18, CIVILIZATION_PERSIA, 1, 4, 2, 1, 0, 0, 0, 0, 9, 0, 117, 6, 4, 4, 7, 1, 6, 14
18, CIVILIZATION_GAUL, 1, 3, 2, 1, 1, 0, 0, 0, 9, 1, 106, 19, 3, 2, 9, 2, 4, 11
18, CIVILIZATION_MUSCAT, 1, 2, 1, 1, 1, 0, 0, 0, 7, 1, 95, 0, 3, 1, 5, 0, 4, 6
18, CIVILIZATION_VATICAN_CITY, 1, 2, 1, 1, 1, 0, 0, 0, 7, 0, 95, 0, 3, 1, 5, 0, 3, 6
18, CIVILIZATION_JAKARTA, 1, 2, 1, 1, 2, 0, 0, 0, 7, 3, 95, 0, 3, 1, 5, 0, 2, 7
18, CIVILIZATION_HUNZA, 1, 3, 1, 1, 2, 0, 0, 0, 7, 2, 95, 0, 3, 1, 5, 0, 2, 10
18, CIVILIZATION_BOLOGNA, 1, 2, 1, 1, 2, 0, 0, 0, 7, 2, 145, 0, 3, 1, 5, 0, 3, 6
18, CIVILIZATION_VILNIUS, 1, 2, 1, 1, 2, 0, 0, 0, 7, 0, 95, 0, 3, 1, 5, 0, 2, 6
18, CIVILIZATION_LISBON, 1, 2, 1, 1, 2, 0, 0, 0, 7, 0, 95, 0, 3, 1, 5, 0, 4, 5
18, CIVILIZATION_LAHORE, 1, 3, 1, 1, 2, 0, 0, 0, 7, 1, 95, 0, 3, 1, 5, 0, 3, 10
18, CIVILIZATION_JOHANNESBURG, 1, 3, 1, 1, 2, 0, 0, 0, 7, 2, 95, 0, 3, 1, 5, 0, 3, 10
18, CIVILIZATION_FREE_CITIES, 0, 0, 0, 0, 0, 0, 0, 0, 0, 0, 0, 0, 0, 0, 0, 0, 0, 0
19, CIVILIZATION_SCOTLAND, 1, 3, 1, 1, 1, 0, 0, 0, 10, 1, 109, 10, 3, 4, 6, 1, 7, 9
19, CIVILIZATION_ZULU, 1, 2, 2, 1, 2, 0, 0, 0, 8, 1, 185, 16, 3, 3, 12, 2, 9, 6
19, CIVILIZATION_VIETNAM, 1, 2, 2, 1, 2, 0, 0, 0, 8, 1, 155, 4, 3, 1, 7, 1, 8, 6
19, CIVILIZATION_JAPAN, 1, 2, 1, 1, 0, 0, 0, 0, 10, 0, 135, 0, 4, 3, 10, 0, 7, 6
19, CIVILIZATION_PERSIA, 1, 4, 2, 1, 0, 0, 0, 0, 9, 0, 125, 7, 4, 4, 7, 1, 6, 14
19, CIVILIZATION_GAUL, 1, 3, 2, 1, 1, 0, 0, 0, 9, 1, 115, 21, 3, 2, 9, 2, 4, 11
19, CIVILIZATION_MUSCAT, 1, 2, 2, 1, 1, 0, 0, 0, 7, 1, 100, 0, 3, 1, 5, 0, 4, 6
19, CIVILIZATION_VATICAN_CITY, 1, 2, 2, 1, 1, 0, 0, 0, 7, 0, 100, 0, 3, 1, 5, 0, 3, 6
19, CIVILIZATION_JAKARTA, 1, 2, 2, 1, 2, 0, 0, 0, 7, 3, 150, 0, 3, 1, 5, 0, 2, 7
19, CIVILIZATION_HUNZA, 1, 3, 2, 1, 2, 0, 0, 0, 7, 2, 100, 0, 3, 1, 5, 0, 2, 11
19, CIVILIZATION_BOLOGNA, 1, 2, 2, 1, 2, 0, 0, 0, 7, 2, 150, 0, 3, 1, 5, 0, 3, 6
19, CIVILIZATION_VILNIUS, 1, 2, 2, 1, 2, 0, 0, 0, 7, 0, 100, 0, 3, 1, 5, 0, 2, 6
19, CIVILIZATION_LISBON, 1, 2, 1, 1, 2, 0, 0, 0, 7, 0, 100, 0, 3, 3, 5, 0, 4, 5
19, CIVILIZATION_LAHORE, 1, 3, 2, 1, 2, 0, 0, 0, 7, 1, 100, 0, 3, 1, 5, 0, 3, 10
19, CIVILIZATION_JOHANNESBURG, 1, 3, 2, 1, 2, 0, 0, 0, 7, 2, 100, 0, 3, 1, 5, 0, 3, 10
19, CIVILIZATION_FREE_CITIES, 0, 0, 0, 0, 0, 0, 0, 0, 0, 0, 0, 0, 0, 0, 0, 0, 0, 0
20, CIVILIZATION_SCOTLAND, 1, 3, 1, 2, 1, 0, 0, 0, 10, 1, 115, 11, 3, 4, 6, 1, 7, 9
20, CIVILIZATION_ZULU, 1, 2, 2, 1, 2, 0, 0, 0, 9, 2, 197, 18, 3, 3, 12, 2, 9, 6
20, CIVILIZATION_VIETNAM, 1, 2, 2, 1, 2, 0, 0, 0, 8, 1, 162, 5, 3, 1, 7, 1, 8, 6
20, CIVILIZATION_JAPAN, 1, 2, 1, 1, 0, 0, 0, 0, 10, 0, 145, 0, 4, 3, 10, 0, 7, 6
20, CIVILIZATION_PERSIA, 1, 4, 2, 1, 0, 0, 0, 0, 9, 0, 132, 8, 4, 4, 7, 1, 6, 14
20, CIVILIZATION_GAUL, 1, 3, 2, 1, 1, 0, 0, 0, 10, 1, 125, 23, 3, 2, 9, 2, 4, 11
20, CIVILIZATION_MUSCAT, 1, 2, 2, 1, 1, 0, 0, 0, 7, 1, 105, 0, 3, 1, 5, 0, 4, 6
20, CIVILIZATION_VATICAN_CITY, 1, 2, 2, 1, 1, 0, 0, 0, 7, 0, 105, 0, 3, 1, 5, 0, 3, 6
20, CIVILIZATION_JAKARTA, 1, 3, 2, 1, 2, 0, 0, 0, 7, 3, 155, 0, 3, 1, 5, 0, 3, 8
20, CIVILIZATION_HUNZA, 1, 3, 2, 1, 2, 0, 0, 0, 7, 2, 105, 0, 3, 1, 5, 0, 2, 11
20, CIVILIZATION_BOLOGNA, 1, 2, 2, 1, 2, 0, 0, 0, 7, 2, 155, 0, 3, 1, 5, 0, 3, 6
20, CIVILIZATION_VILNIUS, 1, 2, 2, 1, 2, 0, 0, 0, 7, 0, 105, 0, 3, 1, 5, 0, 2, 6
20, CIVILIZATION_LISBON, 1, 2, 2, 1, 2, 0, 0, 0, 7, 0, 105, 0, 3, 3, 5, 0, 4, 5
20, CIVILIZATION_LAHORE, 1, 3, 2, 1, 2, 0, 0, 0, 7, 2, 107, 0, 3, 1, 7, 0, 3, 10
20, CIVILIZATION_JOHANNESBURG, 1, 3, 2, 1, 2, 0, 0, 0, 7, 2, 105, 0, 3, 1, 5, 0, 3, 10
20, CIVILIZATION_FREE_CITIES, 0, 0, 0, 0, 0, 0, 0, 0, 0, 0, 0, 0, 0, 0, 0, 0, 0, 0
21, CIVILIZATION_SCOTLAND, 1, 3, 2, 2, 1, 0, 0, 0, 10, 1, 121, 12, 3, 4, 6, 1, 7, 9
21, CIVILIZATION_ZULU, 1, 2, 2, 1, 2, 0, 0, 0, 9, 2, 209, 20, 3, 3, 12, 2, 9, 6
21, CIVILIZATION_VIETNAM, 1, 2, 2, 1, 2, 0, 0, 0, 8, 1, 169, 6, 3, 1, 7, 1, 8, 6
21, CIVILIZATION_JAPAN, 1, 1, 2, 1, 0, 0, 0, 0, 10, 0, 154, 0, 3, 3, 8, 0, 6, 4
21, CIVILIZATION_PERSIA, 1, 4, 2, 1, 0, 0, 0, 0, 9, 0, 139, 9, 4, 4, 7, 1, 6, 14
21, CIVILIZATION_GAUL, 1, 3, 2, 1, 1, 0, 0, 0, 10, 1, 135, 25, 3, 2, 9, 2, 4, 11
21, CIVILIZATION_MUSCAT, 1, 2, 2, 1, 1, 0, 0, 0, 7, 0, 110, 0, 3, 1, 5, 0, 4, 6
21, CIVILIZATION_VATICAN_CITY, 1, 2, 2, 1, 1, 0, 0, 0, 7, 0, 110, 0, 3, 1, 5, 0, 3, 6
21, CIVILIZATION_JAKARTA, 1, 3, 2, 1, 2, 0, 0, 0, 7, 3, 160, 0, 3, 1, 5, 0, 3, 8
21, CIVILIZATION_HUNZA, 1, 3, 2, 1, 2, 0, 0, 0, 7, 2, 110, 0, 3, 1, 5, 0, 2, 11
21, CIVILIZATION_BOLOGNA, 1, 2, 2, 1, 2, 0, 0, 0, 7, 2, 160, 0, 3, 1, 5, 0, 3, 6
21, CIVILIZATION_VILNIUS, 1, 2, 2, 1, 2, 0, 0, 0, 7, 0, 110, 0, 3, 1, 5, 0, 2, 6
21, CIVILIZATION_LISBON, 1, 2, 2, 1, 2, 0, 0, 0, 7, 0, 110, 0, 3, 3, 5, 0, 4, 5
21, CIVILIZATION_LAHORE, 1, 3, 2, 1, 2, 0, 0, 0, 7, 2, 114, 0, 3, 1, 7, 0, 3, 10
21, CIVILIZATION_JOHANNESBURG, 1, 3, 2, 1, 2, 0, 0, 0, 7, 2, 110, 0, 3, 1, 5, 0, 3, 10
21, CIVILIZATION_FREE_CITIES, 0, 0, 0, 0, 0, 0, 0, 0, 0, 0, 0, 0, 0, 0, 0, 0, 0, 0
22, CIVILIZATION_SCOTLAND, 1, 3, 2, 2, 1, 0, 0, 0, 11, 1, 127, 13, 3, 4, 6, 1, 7, 9
22, CIVILIZATION_ZULU, 1, 3, 2, 1, 3, 0, 0, 0, 9, 2, 61, 22, 3, 4, 12, 2, 10, 8
22, CIVILIZATION_VIETNAM, 1, 2, 2, 1, 2, 0, 0, 0, 9, 1, 177, 7, 3, 3, 7, 1, 8, 6
22, CIVILIZATION_JAPAN, 1, 1, 2, 1, 0, 0, 0, 0, 10, 0, 162, 0, 3, 3, 8, 0, 7, 4
22, CIVILIZATION_PERSIA, 1, 4, 2, 1, 0, 0, 0, 0, 9, 0, 146, 10, 4, 4, 7, 1, 6, 14
22, CIVILIZATION_GAUL, 1, 3, 2, 1, 1, 0, 0, 0, 10, 1, 144, 28, 3, 2, 9, 2, 4, 11
22, CIVILIZATION_MUSCAT, 1, 2, 2, 1, 1, 0, 0, 0, 7, 0, 115, 0, 3, 1, 5, 0, 4, 6
22, CIVILIZATION_VATICAN_CITY, 1, 3, 2, 1, 1, 0, 0, 0, 7, 0, 115, 0, 3, 1, 5, 0, 3, 8
22, CIVILIZATION_JAKARTA, 1, 3, 2, 1, 2, 0, 0, 0, 7, 3, 165, 0, 3, 1, 5, 0, 3, 8
22, CIVILIZATION_HUNZA, 1, 3, 2, 1, 2, 0, 0, 0, 7, 2, 115, 0, 3, 1, 5, 0, 2, 11
22, CIVILIZATION_BOLOGNA, 1, 2, 2, 1, 2, 0, 0, 0, 7, 2, 165, 0, 3, 1, 5, 0, 3, 6
22, CIVILIZATION_VILNIUS, 1, 3, 2, 1, 2, 0, 0, 0, 7, 0, 116, 0, 3, 2, 6, 0, 2, 7
22, CIVILIZATION_LISBON, 1, 2, 2, 1, 3, 0, 0, 0, 7, 0, 115, 0, 3, 3, 5, 0, 4, 5
22, CIVILIZATION_LAHORE, 1, 3, 2, 1, 2, 0, 0, 0, 7, 2, 121, 0, 3, 1, 7, 0, 3, 10
22, CIVILIZATION_JOHANNESBURG, 1, 3, 2, 1, 2, 0, 0, 0, 7, 2, 115, 0, 3, 1, 5, 0, 3, 10
22, CIVILIZATION_FREE_CITIES, 0, 0, 0, 0, 0, 0, 0, 0, 0, 0, 0, 0, 0, 0, 0, 0, 0, 0
23, CIVILIZATION_SCOTLAND, 1, 3, 2, 2, 1, 0, 0, 0, 11, 1, 133, 14, 3, 6, 6, 1, 7, 9
23, CIVILIZATION_ZULU, 1, 3, 2, 1, 3, 0, 0, 0, 9, 2, 73, 24, 3, 4, 12, 2, 10, 8
23, CIVILIZATION_VIETNAM, 1, 3, 2, 1, 2, 0, 0, 0, 10, 1, 154, 8, 3, 4, 7, 1, 10, 8
23, CIVILIZATION_JAPAN, 1, 1, 2, 1, 0, 0, 0, 0, 10, 0, 171, 0, 3, 3, 8, 0, 7, 4
23, CIVILIZATION_PERSIA, 1, 4, 2, 1, 0, 0, 0, 0, 9, 0, 153, 11, 4, 4, 7, 1, 6, 14
23, CIVILIZATION_GAUL, 1, 3, 2, 1, 1, 0, 0, 0, 10, 1, 154, 5, 3, 2, 9, 2, 4, 11
23, CIVILIZATION_MUSCAT, 1, 2, 2, 1, 1, 0, 0, 0, 7, 0, 120, 0, 3, 1, 5, 0, 4, 6
23, CIVILIZATION_VATICAN_CITY, 1, 3, 2, 1, 1, 0, 0, 0, 7, 0, 120, 0, 3, 1, 5, 0, 3, 8
23, CIVILIZATION_JAKARTA, 1, 3, 2, 1, 2, 0, 0, 0, 7, 3, 170, 0, 3, 1, 5, 0, 3, 8
23, CIVILIZATION_HUNZA, 1, 3, 2, 1, 2, 0, 0, 0, 7, 2, 120, 0, 3, 1, 5, 0, 2, 11
23, CIVILIZATION_BOLOGNA, 1, 2, 2, 1, 2, 0, 0, 0, 7, 2, 170, 0, 3, 1, 5, 0, 3, 6
23, CIVILIZATION_VILNIUS, 1, 3, 2, 1, 2, 0, 0, 0, 7, 0, 122, 0, 3, 2, 6, 0, 2, 7
23, CIVILIZATION_LISBON, 1, 2, 2, 1, 3, 0, 0, 0, 7, 0, 120, 0, 3, 3, 5, 0, 4, 5
23, CIVILIZATION_LAHORE, 1, 3, 2, 1, 2, 0, 0, 0, 7, 2, 128, 0, 3, 1, 7, 0, 3, 10
23, CIVILIZATION_JOHANNESBURG, 1, 3, 2, 1, 2, 0, 0, 0, 7, 2, 120, 0, 3, 1, 5, 0, 3, 10
23, CIVILIZATION_FREE_CITIES, 0, 0, 0, 0, 0, 0, 0, 0, 0, 0, 0, 0, 0, 0, 0, 0, 0, 0
24, CIVILIZATION_SCOTLAND, 1, 3, 2, 2, 1, 0, 0, 0, 11, 1, 139, 15, 3, 6, 6, 1, 7, 9
24, CIVILIZATION_ZULU, 1, 3, 2, 1, 3, 0, 0, 0, 9, 2, 85, 26, 3, 4, 12, 2, 10, 8
24, CIVILIZATION_VIETNAM, 1, 3, 2, 1, 2, 0, 0, 0, 10, 1, 161, 9, 3, 4, 7, 1, 10, 8
24, CIVILIZATION_JAPAN, 1, 1, 2, 1, 0, 0, 0, 0, 10, 0, 179, 0, 3, 3, 8, 0, 7, 4
24, CIVILIZATION_PERSIA, 1, 5, 2, 2, 1, 0, 0, 0, 9, 0, 20, 12, 4, 4, 6, 0, 6, 16
24, CIVILIZATION_GAUL, 1, 4, 2, 1, 1, 0, 0, 0, 10, 1, 163, 7, 4, 2, 9, 2, 7, 12
24, CIVILIZATION_MUSCAT, 1, 2, 2, 1, 0, 0, 0, 0, 7, 0, 125, 0, 3, 3, 5, 0, 4, 6
24, CIVILIZATION_VATICAN_CITY, 1, 3, 2, 1, 1, 0, 0, 0, 7, 0, 125, 0, 3, 3, 5, 0, 3, 8
24, CIVILIZATION_JAKARTA, 1, 3, 2, 1, 2, 0, 0, 0, 7, 3, 175, 0, 3, 1, 5, 0, 3, 8
24, CIVILIZATION_HUNZA, 1, 3, 2, 1, 2, 0, 0, 0, 7, 2, 125, 0, 3, 1, 5, 0, 2, 11
24, CIVILIZATION_BOLOGNA, 1, 3, 2, 1, 2, 0, 0, 0, 7, 2, 175, 0, 3, 1, 5, 0, 4, 8
24, CIVILIZATION_VILNIUS, 1, 3, 2, 1, 2, 0, 0, 0, 7, 0, 128, 0, 3, 2, 6, 0, 2, 7
24, CIVILIZATION_LISBON, 1, 2, 2, 1, 3, 0, 0, 0, 7, 0, 125, 0, 3, 3, 5, 0, 4, 5
24, CIVILIZATION_LAHORE, 1, 4, 2, 1, 1, 0, 0, 0, 7, 2, 135, 0, 4, 2, 7, 0, 3, 13
24, CIVILIZATION_JOHANNESBURG, 1, 4, 2, 1, 2, 0, 0, 0, 7, 2, 125, 0, 4, 2, 5, 0, 3, 12
24, CIVILIZATION_FREE_CITIES, 0, 0, 0, 0, 0, 0, 0, 0, 0, 0, 0, 0, 0, 0, 0, 0, 0, 0
25, CIVILIZATION_SCOTLAND, 1, 3, 2, 2, 1, 0, 0, 0, 11, 1, 145, 16, 3, 6, 6, 1, 7, 9
25, CIVILIZATION_ZULU, 1, 3, 2, 1, 3, 0, 0, 0, 9, 2, 97, 29, 3, 4, 12, 2, 10, 8
25, CIVILIZATION_VIETNAM, 1, 3, 2, 1, 2, 0, 0, 0, 10, 1, 168, 10, 3, 4, 7, 1, 10, 8
25, CIVILIZATION_JAPAN, 1, 2, 2, 2, 1, 0, 0, 0, 10, 0, 50, 0, 4, 3, 10, 0, 8, 6
25, CIVILIZATION_PERSIA, 1, 5, 2, 2, 1, 0, 0, 0, 10, 0, 27, 13, 4, 4, 6, 0, 6, 16
25, CIVILIZATION_GAUL, 1, 4, 2, 1, 1, 0, 0, 0, 10, 1, 173, 9, 4, 2, 9, 2, 7, 12
25, CIVILIZATION_MUSCAT, 1, 2, 2, 1, 0, 0, 0, 0, 7, 0, 130, 0, 3, 3, 5, 0, 4, 6
25, CIVILIZATION_VATICAN_CITY, 1, 3, 2, 1, 1, 0, 0, 0, 7, 0, 130, 0, 3, 3, 5, 0, 3, 8
25, CIVILIZATION_JAKARTA, 1, 3, 2, 1, 2, 0, 0, 0, 8, 3, 181, 0, 3, 1, 6, 0, 2, 9
25, CIVILIZATION_HUNZA, 1, 4, 2, 1, 2, 0, 0, 0, 7, 2, 130, 0, 4, 2, 5, 0, 2, 14
25, CIVILIZATION_BOLOGNA, 1, 3, 2, 1, 2, 0, 0, 0, 7, 2, 180, 0, 3, 1, 5, 0, 4, 8
25, CIVILIZATION_VILNIUS, 1, 3, 2, 1, 2, 0, 0, 0, 7, 0, 134, 0, 3, 2, 6, 0, 2, 7
25, CIVILIZATION_LISBON, 1, 2, 2, 1, 4, 0, 0, 0, 7, 0, 130, 0, 3, 3, 5, 0, 4, 5
25, CIVILIZATION_LAHORE, 1, 4, 2, 1, 1, 0, 0, 0, 7, 2, 142, 0, 4, 2, 7, 0, 3, 13
25, CIVILIZATION_JOHANNESBURG, 1, 4, 2, 1, 2, 0, 0, 0, 7, 2, 130, 0, 4, 2, 5, 0, 3, 12
25, CIVILIZATION_FREE_CITIES, 0, 0, 0, 0, 0, 0, 0, 0, 0, 0, 0, 0, 0, 0, 0, 0, 0, 0
26, CIVILIZATION_SCOTLAND, 1, 3, 2, 3, 1, 0, 0, 0, 11, 1, 151, 17, 3, 6, 6, 1, 7, 9
26, CIVILIZATION_ZULU, 1, 2, 2, 1, 3, 0, 0, 0, 9, 2, 109, 6, 3, 3, 12, 2, 9, 6
26, CIVILIZATION_VIETNAM, 1, 3, 2, 1, 2, 0, 0, 0, 10, 1, 175, 11, 3, 4, 7, 1, 10, 8
26, CIVILIZATION_JAPAN, 1, 2, 2, 2, 1, 0, 0, 0, 10, 0, 61, 0, 4, 3, 10, 0, 8, 6
26, CIVILIZATION_PERSIA, 1, 5, 2, 2, 1, 0, 0, 0, 10, 0, 33, 14, 4, 4, 6, 0, 6, 16
26, CIVILIZATION_GAUL, 1, 4, 2, 1, 1, 0, 0, 0, 10, 1, 183, 11, 4, 2, 9, 2, 7, 12
26, CIVILIZATION_MUSCAT, 1, 2, 2, 1, 0, 0, 0, 0, 7, 0, 135, 0, 3, 3, 5, 0, 4, 6
26, CIVILIZATION_VATICAN_CITY, 1, 3, 2, 1, 1, 0, 0, 0, 7, 0, 135, 0, 3, 3, 5, 0, 3, 8
26, CIVILIZATION_JAKARTA, 1, 3, 2, 1, 2, 0, 0, 0, 8, 3, 187, 0, 3, 1, 6, 0, 2, 9
26, CIVILIZATION_HUNZA, 1, 4, 2, 1, 2, 0, 0, 0, 7, 2, 135, 0, 4, 2, 5, 0, 2, 14
26, CIVILIZATION_BOLOGNA, 1, 3, 2, 1, 2, 0, 0, 0, 7, 2, 185, 0, 3, 1, 5, 0, 4, 8
26, CIVILIZATION_VILNIUS, 1, 3, 2, 1, 2, 0, 0, 0, 7, 0, 140, 0, 3, 2, 6, 0, 2, 7
26, CIVILIZATION_LISBON, 1, 2, 2, 1, 3, 0, 0, 0, 7, 0, 135, 0, 3, 3, 5, 0, 4, 5
26, CIVILIZATION_LAHORE, 1, 4, 2, 1, 1, 0, 0, 0, 7, 2, 149, 0, 4, 2, 7, 0, 3, 13
26, CIVILIZATION_JOHANNESBURG, 1, 4, 2, 1, 2, 0, 0, 0, 7, 2, 135, 0, 4, 2, 5, 0, 3, 12
26, CIVILIZATION_FREE_CITIES, 0, 0, 0, 0, 0, 0, 0, 0, 0, 0, 0, 0, 0, 0, 0, 0, 0, 0
27, CIVILIZATION_SCOTLAND, 1, 3, 2, 3, 1, 0, 0, 0, 11, 1, 157, 18, 3, 6, 6, 1, 7, 9
27, CIVILIZATION_ZULU, 1, 2, 2, 2, 3, 0, 0, 0, 10, 2, 71, 8, 3, 3, 12, 2, 9, 6
27, CIVILIZATION_VIETNAM, 1, 3, 2, 1, 2, 0, 0, 0, 10, 1, 183, 12, 3, 4, 7, 1, 10, 8
27, CIVILIZATION_JAPAN, 1, 2, 3, 2, 2, 0, 0, 0, 11, 0, 71, 0, 4, 3, 10, 0, 8, 6
27, CIVILIZATION_PERSIA, 1, 5, 2, 2, 1, 0, 0, 0, 10, 0, 40, 15, 4, 4, 6, 0, 6, 16
27, CIVILIZATION_GAUL, 1, 4, 2, 1, 2, 0, 0, 0, 10, 1, 52, 13, 4, 2, 9, 2, 7, 12
27, CIVILIZATION_MUSCAT, 1, 2, 2, 2, 0, 0, 0, 0, 7, 0, 140, 0, 3, 3, 5, 0, 4, 6
27, CIVILIZATION_VATICAN_CITY, 1, 3, 2, 2, 1, 0, 0, 0, 7, 0, 140, 0, 3, 3, 5, 0, 3, 8
27, CIVILIZATION_JAKARTA, 1, 3, 2, 2, 3, 0, 0, 0, 8, 3, 33, 0, 3, 1, 6, 0, 2, 9
27, CIVILIZATION_HUNZA, 1, 4, 2, 2, 2, 0, 0, 0, 7, 2, 140, 0, 4, 2, 5, 0, 2, 14
27, CIVILIZATION_BOLOGNA, 1, 3, 2, 2, 2, 0, 0, 0, 7, 2, 190, 0, 3, 1, 5, 0, 4, 8
27, CIVILIZATION_VILNIUS, 1, 3, 2, 2, 2, 0, 0, 0, 7, 0, 146, 0, 3, 2, 6, 0, 2, 7
27, CIVILIZATION_LISBON, 1, 2, 2, 2, 3, 0, 0, 0, 7, 0, 140, 0, 3, 3, 5, 0, 4, 5
27, CIVILIZATION_LAHORE, 1, 4, 2, 2, 1, 0, 0, 0, 7, 2, 156, 0, 4, 2, 7, 0, 3, 13
27, CIVILIZATION_JOHANNESBURG, 1, 4, 2, 2, 2, 0, 0, 0, 7, 2, 140, 0, 4, 2, 5, 0, 3, 12
27, CIVILIZATION_FREE_CITIES, 0, 0, 0, 0, 0, 0, 0, 0, 0, 0, 0, 0, 0, 0, 0, 0, 0, 0
28, CIVILIZATION_SCOTLAND, 1, 3, 2, 3, 1, 0, 0, 0, 11, 1, 163, 19, 3, 6, 6, 1, 7, 9
28, CIVILIZATION_ZULU, 2, 3, 2, 2, 3, 0, 0, 0, 17, 2, 83, 11, 3, 4, 12, 3, 10, 10
28, CIVILIZATION_VIETNAM, 1, 3, 3, 1, 2, 0, 0, 0, 10, 1, 190, 14, 3, 4, 7, 1, 10, 8
28, CIVILIZATION_JAPAN, 1, 2, 3, 2, 2, 0, 0, 0, 11, 0, 82, 0, 4, 3, 10, 0, 8, 6
28, CIVILIZATION_PERSIA, 1, 5, 2, 2, 1, 0, 0, 0, 10, 0, 46, 16, 4, 4, 6, 0, 6, 16
28, CIVILIZATION_GAUL, 1, 4, 2, 1, 2, 0, 0, 0, 10, 1, 62, 15, 4, 2, 9, 2, 7, 12
28, CIVILIZATION_MUSCAT, 1, 2, 2, 2, 0, 0, 0, 0, 7, 0, 145, 0, 3, 3, 5, 0, 4, 6
28, CIVILIZATION_VATICAN_CITY, 1, 3, 2, 2, 2, 0, 0, 0, 7, 0, 145, 0, 3, 3, 5, 0, 3, 8
28, CIVILIZATION_JAKARTA, 1, 3, 2, 2, 3, 0, 0, 0, 8, 3, 39, 0, 3, 1, 6, 0, 2, 9
28, CIVILIZATION_HUNZA, 1, 4, 2, 2, 2, 0, 0, 0, 7, 2, 145, 0, 4, 2, 5, 0, 2, 14
28, CIVILIZATION_BOLOGNA, 1, 3, 2, 2, 2, 0, 0, 0, 7, 2, 195, 0, 3, 1, 5, 0, 4, 8
28, CIVILIZATION_VILNIUS, 1, 3, 2, 2, 2, 0, 0, 0, 7, 0, 152, 0, 3, 2, 6, 0, 2, 7
28, CIVILIZATION_LISBON, 1, 2, 2, 2, 4, 0, 0, 0, 7, 0, 145, 0, 3, 3, 5, 0, 4, 5
28, CIVILIZATION_LAHORE, 1, 4, 2, 2, 1, 0, 0, 0, 7, 2, 163, 0, 4, 2, 7, 0, 3, 13
28, CIVILIZATION_JOHANNESBURG, 1, 4, 2, 2, 2, 0, 0, 0, 7, 2, 145, 0, 4, 2, 5, 0, 3, 12
28, CIVILIZATION_FREE_CITIES, 0, 0, 0, 0, 0, 0, 0, 0, 0, 0, 0, 0, 0, 0, 0, 0, 0, 0
29, CIVILIZATION_SCOTLAND, 1, 3, 2, 3, 1, 0, 0, 0, 12, 1, 169, 20, 3, 6, 6, 1, 7, 9
29, CIVILIZATION_ZULU, 2, 3, 2, 2, 3, 0, 0, 0, 18, 2, 95, 14, 3, 4, 12, 3, 10, 10
29, CIVILIZATION_VIETNAM, 1, 3, 3, 2, 2, 0, 0, 0, 10, 1, 197, 15, 3, 4, 7, 1, 10, 8
29, CIVILIZATION_JAPAN, 1, 2, 3, 2, 2, 0, 0, 0, 11, 1, 133, 0, 4, 3, 10, 0, 9, 6
29, CIVILIZATION_PERSIA, 1, 5, 2, 2, 1, 0, 0, 0, 10, 0, 53, 17, 4, 4, 6, 0, 6, 16
29, CIVILIZATION_GAUL, 1, 4, 2, 1, 2, 0, 0, 0, 10, 1, 71, 18, 4, 2, 9, 2, 7, 12
29, CIVILIZATION_MUSCAT, 1, 2, 2, 3, 0, 0, 0, 0, 7, 0, 150, 0, 3, 3, 5, 0, 4, 6
29, CIVILIZATION_VATICAN_CITY, 1, 3, 2, 3, 2, 0, 0, 0, 7, 0, 150, 0, 3, 3, 5, 0, 3, 8
29, CIVILIZATION_JAKARTA, 1, 3, 2, 2, 3, 0, 0, 0, 8, 3, 45, 0, 3, 1, 6, 0, 2, 9
29, CIVILIZATION_HUNZA, 1, 4, 2, 2, 2, 0, 0, 0, 7, 2, 150, 0, 4, 2, 5, 0, 2, 14
29, CIVILIZATION_BOLOGNA, 1, 3, 2, 2, 2, 0, 0, 0, 7, 2, 200, 0, 3, 1, 5, 0, 4, 8
29, CIVILIZATION_VILNIUS, 1, 3, 2, 2, 2, 0, 0, 0, 7, 0, 158, 0, 3, 2, 6, 0, 2, 7
29, CIVILIZATION_LISBON, 1, 2, 2, 2, 3, 0, 0, 0, 7, 0, 150, 0, 3, 3, 5, 0, 4, 5
29, CIVILIZATION_LAHORE, 1, 4, 2, 2, 1, 0, 0, 0, 7, 2, 220, 0, 4, 4, 7, 0, 3, 13
29, CIVILIZATION_JOHANNESBURG, 1, 4, 2, 2, 2, 0, 0, 0, 7, 2, 150, 0, 4, 2, 5, 0, 3, 12
29, CIVILIZATION_FREE_CITIES, 0, 0, 0, 0, 0, 0, 0, 0, 0, 0, 0, 0, 0, 0, 0, 0, 0, 0
30, CIVILIZATION_SCOTLAND, 1, 4, 3, 3, 1, 0, 0, 0, 12, 1, 175, 21, 4, 7, 6, 1, 8, 12
30, CIVILIZATION_ZULU, 2, 3, 2, 2, 3, 0, 0, 0, 18, 2, 107, 17, 3, 4, 12, 3, 10, 10
30, CIVILIZATION_VIETNAM, 1, 2, 3, 2, 3, 0, 0, 0, 11, 1, 89, 16, 3, 3, 7, 1, 8, 6
30, CIVILIZATION_JAPAN, 1, 2, 3, 2, 2, 0, 0, 0, 11, 1, 144, 0, 4, 3, 10, 0, 9, 6
30, CIVILIZATION_PERSIA, 1, 4, 2, 2, 1, 0, 0, 0, 10, 0, 60, 18, 4, 4, 7, 1, 6, 14
30, CIVILIZATION_GAUL, 1, 4, 3, 1, 2, 0, 0, 0, 10, 1, 56, 20, 4, 2, 9, 2, 7, 12
30, CIVILIZATION_MUSCAT, 1, 2, 2, 3, 0, 0, 0, 0, 7, 0, 155, 0, 3, 3, 5, 0, 4, 6
30, CIVILIZATION_VATICAN_CITY, 1, 3, 2, 3, 2, 0, 0, 0, 7, 0, 155, 0, 3, 3, 5, 0, 3, 8
30, CIVILIZATION_JAKARTA, 1, 3, 2, 2, 3, 0, 0, 0, 8, 3, 51, 0, 3, 1, 6, 0, 2, 9
30, CIVILIZATION_HUNZA, 1, 4, 2, 2, 2, 0, 0, 0, 7, 2, 155, 0, 4, 2, 5, 0, 2, 14
30, CIVILIZATION_BOLOGNA, 1, 3, 2, 2, 2, 0, 0, 0, 7, 2, 205, 0, 3, 3, 5, 0, 4, 8
30, CIVILIZATION_VILNIUS, 1, 3, 2, 2, 2, 0, 0, 0, 7, 0, 164, 0, 3, 2, 6, 0, 2, 7
30, CIVILIZATION_LISBON, 1, 2, 2, 2, 2, 0, 0, 0, 7, 0, 155, 0, 3, 3, 5, 0, 4, 5
30, CIVILIZATION_LAHORE, 1, 4, 2, 2, 1, 0, 0, 0, 7, 2, 227, 0, 4, 4, 7, 0, 3, 13
30, CIVILIZATION_JOHANNESBURG, 1, 4, 2, 2, 2, 0, 0, 0, 7, 2, 155, 0, 4, 2, 5, 0, 3, 12
30, CIVILIZATION_FREE_CITIES, 0, 0, 0, 0, 0, 0, 0, 0, 0, 0, 0, 0, 0, 0, 0, 0, 0, 0
31, CIVILIZATION_SCOTLAND, 1, 4, 3, 3, 1, 0, 0, 0, 12, 1, 181, 22, 4, 7, 6, 1, 8, 12
31, CIVILIZATION_ZULU, 2, 3, 2, 2, 3, 0, 0, 0, 18, 2, 119, 20, 3, 4, 12, 3, 10, 10
31, CIVILIZATION_VIETNAM, 1, 2, 3, 2, 3, 0, 0, 0, 11, 1, 96, 17, 3, 3, 7, 1, 8, 6
31, CIVILIZATION_JAPAN, 1, 2, 3, 2, 2, 0, 0, 0, 11, 1, 155, 0, 4, 3, 10, 0, 9, 6
31, CIVILIZATION_PERSIA, 1, 4, 2, 2, 1, 0, 0, 0, 10, 0, 67, 19, 4, 4, 7, 1, 6, 14
31, CIVILIZATION_GAUL, 1, 4, 3, 1, 2, 0, 0, 0, 10, 1, 66, 22, 4, 2, 9, 2, 7, 12
31, CIVILIZATION_MUSCAT, 1, 2, 2, 3, 0, 0, 0, 0, 7, 0, 160, 0, 3, 3, 5, 0, 4, 6
31, CIVILIZATION_VATICAN_CITY, 1, 3, 2, 3, 2, 0, 0, 0, 7, 0, 160, 0, 3, 3, 5, 0, 3, 8
31, CIVILIZATION_JAKARTA, 1, 3, 2, 2, 3, 0, 0, 0, 8, 3, 57, 0, 3, 1, 6, 0, 2, 9
31, CIVILIZATION_HUNZA, 1, 4, 2, 2, 2, 0, 0, 0, 7, 2, 160, 0, 4, 2, 5, 0, 2, 14
31, CIVILIZATION_BOLOGNA, 1, 3, 2, 2, 2, 0, 0, 0, 7, 2, 210, 0, 3, 3, 5, 0, 4, 8
31, CIVILIZATION_VILNIUS, 1, 3, 2, 2, 2, 0, 0, 0, 7, 0, 170, 0, 3, 2, 6, 0, 2, 7
31, CIVILIZATION_LISBON, 1, 2, 2, 2, 3, 0, 0, 0, 7, 0, 160, 0, 3, 3, 5, 0, 4, 5
31, CIVILIZATION_LAHORE, 1, 4, 2, 2, 1, 0, 0, 0, 7, 2, 234, 0, 4, 4, 7, 0, 3, 13
31, CIVILIZATION_JOHANNESBURG, 1, 4, 2, 2, 2, 0, 0, 0, 7, 2, 160, 0, 4, 2, 5, 0, 3, 12
31, CIVILIZATION_FREE_CITIES, 0, 0, 0, 0, 0, 0, 0, 0, 0, 0, 0, 0, 0, 0, 0, 0, 0, 0
32, CIVILIZATION_SCOTLAND, 1, 4, 3, 4, 2, 0, 0, 0, 12, 1, 47, 23, 4, 7, 6, 1, 8, 12
32, CIVILIZATION_ZULU, 2, 3, 2, 2, 3, 0, 0, 0, 18, 3, 131, 24, 3, 4, 12, 3, 10, 10
32, CIVILIZATION_VIETNAM, 1, 2, 3, 2, 3, 0, 0, 0, 11, 1, 104, 18, 3, 3, 7, 1, 8, 6
32, CIVILIZATION_JAPAN, 1, 2, 3, 2, 2, 0, 0, 0, 12, 2, 83, 0, 4, 3, 8, 0, 10, 6
32, CIVILIZATION_PERSIA, 1, 4, 2, 2, 1, 0, 0, 0, 10, 0, 75, 20, 4, 4, 7, 1, 6, 14
32, CIVILIZATION_GAUL, 1, 4, 3, 1, 2, 0, 0, 0, 10, 1, 75, 24, 4, 2, 9, 2, 7, 12
32, CIVILIZATION_MUSCAT, 1, 2, 2, 3, 0, 0, 0, 0, 7, 0, 165, 0, 3, 3, 5, 0, 4, 6
32, CIVILIZATION_VATICAN_CITY, 1, 3, 2, 3, 2, 0, 0, 0, 7, 0, 165, 0, 3, 3, 5, 0, 3, 8
32, CIVILIZATION_JAKARTA, 1, 3, 2, 2, 3, 0, 0, 0, 8, 3, 63, 0, 3, 1, 6, 0, 2, 9
32, CIVILIZATION_HUNZA, 1, 5, 3, 2, 2, 0, 0, 0, 7, 2, 164, 0, 4, 2, 4, 0, 2, 16
32, CIVILIZATION_BOLOGNA, 1, 3, 2, 2, 2, 0, 0, 0, 7, 2, 215, 0, 3, 3, 5, 0, 4, 8
32, CIVILIZATION_VILNIUS, 1, 3, 2, 2, 2, 0, 0, 0, 7, 0, 176, 0, 3, 2, 6, 0, 2, 7
32, CIVILIZATION_LISBON, 1, 2, 2, 2, 3, 0, 0, 0, 7, 0, 165, 0, 3, 3, 5, 0, 4, 5
32, CIVILIZATION_LAHORE, 1, 4, 3, 2, 1, 0, 0, 0, 7, 2, 241, 0, 4, 4, 7, 0, 3, 13
32, CIVILIZATION_JOHANNESBURG, 1, 4, 3, 2, 3, 0, 0, 0, 7, 2, 165, 0, 4, 2, 5, 0, 3, 12
32, CIVILIZATION_FREE_CITIES, 0, 0, 0, 0, 0, 0, 0, 0, 0, 0, 0, 0, 0, 0, 0, 0, 0, 0
33, CIVILIZATION_SCOTLAND, 1, 4, 3, 4, 2, 0, 0, 0, 12, 1, 53, 24, 4, 7, 6, 1, 8, 12
33, CIVILIZATION_ZULU, 2, 3, 2, 2, 3, 0, 0, 0, 18, 3, 143, 27, 3, 4, 12, 3, 10, 10
33, CIVILIZATION_VIETNAM, 1, 2, 3, 2, 3, 0, 0, 0, 11, 1, 111, 19, 3, 3, 7, 1, 8, 6
33, CIVILIZATION_JAPAN, 1, 2, 3, 2, 2, 0, 0, 0, 12, 2, 91, 0, 4, 3, 8, 0, 10, 6
33, CIVILIZATION_PERSIA, 2, 5, 2, 3, 1, 0, 0, 0, 17, 0, 82, 22, 4, 4, 7, 1, 9, 18
33, CIVILIZATION_GAUL, 1, 4, 3, 2, 2, 0, 0, 0, 10, 1, 85, 26, 4, 2, 9, 2, 7, 12
33, CIVILIZATION_MUSCAT, 1, 3, 2, 3, 0, 0, 0, 0, 7, 0, 170, 0, 3, 3, 5, 0, 4, 8
33, CIVILIZATION_VATICAN_CITY, 1, 3, 2, 3, 2, 0, 0, 0, 7, 0, 170, 0, 3, 3, 5, 0, 3, 8
33, CIVILIZATION_JAKARTA, 1, 4, 3, 2, 3, 0, 0, 0, 8, 3, 69, 0, 4, 2, 6, 0, 3, 10
33, CIVILIZATION_HUNZA, 1, 5, 4, 2, 2, 0, 0, 0, 7, 2, 169, 0, 4, 2, 4, 0, 2, 16
33, CIVILIZATION_BOLOGNA, 1, 3, 2, 2, 3, 0, 0, 0, 7, 2, 220, 0, 3, 3, 5, 0, 4, 8
33, CIVILIZATION_VILNIUS, 1, 3, 2, 2, 2, 0, 0, 0, 7, 0, 182, 0, 3, 2, 6, 0, 2, 7
33, CIVILIZATION_LISBON, 1, 2, 2, 2, 2, 0, 0, 0, 7, 0, 170, 0, 3, 3, 5, 0, 4, 5
33, CIVILIZATION_LAHORE, 1, 5, 4, 2, 1, 0, 0, 0, 7, 2, 248, 0, 4, 4, 7, 0, 3, 13
33, CIVILIZATION_JOHANNESBURG, 1, 4, 4, 2, 3, 0, 0, 0, 7, 2, 170, 0, 4, 2, 5, 0, 3, 12
33, CIVILIZATION_FREE_CITIES, 0, 0, 0, 0, 0, 0, 0, 0, 0, 0, 0, 0, 0, 0, 0, 0, 0, 0
34, CIVILIZATION_SCOTLAND, 1, 3, 3, 4, 2, 0, 0, 0, 12, 0, 59, 25, 3, 6, 6, 1, 7, 9
34, CIVILIZATION_ZULU, 2, 4, 2, 2, 3, 0, 0, 0, 18, 4, 155, 30, 4, 4, 12, 3, 13, 12
34, CIVILIZATION_VIETNAM, 2, 3, 3, 2, 3, 0, 0, 0, 18, 1, 118, 20, 3, 4, 7, 1, 11, 9
34, CIVILIZATION_JAPAN, 1, 2, 3, 2, 2, 0, 0, 0, 12, 2, 100, 0, 4, 3, 8, 0, 10, 7
34, CIVILIZATION_PERSIA, 2, 6, 2, 3, 1, 0, 0, 0, 17, 0, 88, 23, 4, 4, 6, 0, 9, 20
34, CIVILIZATION_GAUL, 1, 4, 3, 2, 2, 0, 0, 0, 11, 1, 94, 28, 4, 2, 9, 2, 7, 12
34, CIVILIZATION_MUSCAT, 1, 3, 2, 3, 0, 0, 0, 0, 7, 0, 175, 0, 3, 3, 5, 0, 4, 8
34, CIVILIZATION_VATICAN_CITY, 1, 3, 3, 3, 2, 0, 0, 0, 7, 0, 175, 0, 3, 3, 5, 0, 3, 8
34, CIVILIZATION_JAKARTA, 1, 4, 4, 2, 3, 0, 0, 0, 8, 3, 75, 0, 4, 4, 6, 0, 3, 10
34, CIVILIZATION_HUNZA, 1, 5, 4, 2, 2, 0, 0, 0, 7, 2, 173, 0, 4, 2, 4, 0, 2, 16
34, CIVILIZATION_BOLOGNA, 1, 3, 3, 2, 3, 0, 0, 0, 7, 2, 225, 0, 3, 3, 5, 0, 4, 8
34, CIVILIZATION_VILNIUS, 1, 3, 3, 2, 2, 0, 0, 0, 7, 0, 188, 0, 3, 2, 6, 0, 2, 7
34, CIVILIZATION_LISBON, 1, 2, 2, 2, 3, 0, 0, 0, 7, 0, 175, 0, 3, 3, 5, 0, 4, 5
34, CIVILIZATION_LAHORE, 1, 5, 4, 2, 1, 0, 0, 0, 7, 2, 256, 0, 4, 4, 7, 0, 3, 13
34, CIVILIZATION_JOHANNESBURG, 1, 4, 4, 2, 3, 0, 0, 0, 7, 2, 175, 0, 4, 4, 5, 0, 3, 12
34, CIVILIZATION_FREE_CITIES, 0, 0, 0, 0, 0, 0, 0, 0, 0, 0, 0, 0, 0, 0, 0, 0, 0, 0
35, CIVILIZATION_SCOTLAND, 1, 3, 3, 4, 2, 0, 0, 0, 12, 1, 65, 1, 3, 6, 6, 1, 7, 9
35, CIVILIZATION_ZULU, 2, 4, 2, 2, 3, 0, 0, 0, 18, 4, 167, 33, 4, 4, 12, 3, 13, 12
35, CIVILIZATION_VIETNAM, 2, 4, 3, 2, 3, 0, 0, 0, 18, 1, 125, 21, 4, 4, 7, 1, 12, 11
35, CIVILIZATION_JAPAN, 1, 2, 3, 3, 2, 0, 0, 0, 12, 2, 108, 0, 4, 3, 8, 0, 10, 7
35, CIVILIZATION_PERSIA, 2, 6, 3, 3, 1, 0, 0, 0, 17, 0, 95, 24, 4, 4, 6, 0, 9, 20
35, CIVILIZATION_GAUL, 1, 5, 3, 2, 2, 0, 0, 0, 11, 1, 103, 30, 4, 2, 8, 1, 7, 14
35, CIVILIZATION_MUSCAT, 1, 3, 3, 3, 0, 0, 0, 0, 7, 0, 180, 0, 3, 3, 5, 0, 4, 8
35, CIVILIZATION_VATICAN_CITY, 1, 3, 4, 3, 2, 0, 0, 0, 7, 1, 230, 0, 3, 3, 5, 0, 3, 9
35, CIVILIZATION_JAKARTA, 1, 4, 4, 2, 3, 0, 0, 0, 8, 3, 81, 0, 4, 4, 6, 0, 3, 10
35, CIVILIZATION_HUNZA, 1, 5, 4, 2, 2, 0, 0, 0, 7, 2, 178, 0, 4, 2, 4, 0, 2, 16
35, CIVILIZATION_BOLOGNA, 1, 3, 4, 2, 3, 0, 0, 0, 7, 2, 230, 0, 3, 3, 5, 0, 4, 8
35, CIVILIZATION_VILNIUS, 1, 3, 4, 2, 2, 0, 0, 0, 7, 0, 194, 0, 3, 4, 6, 0, 2, 7
35, CIVILIZATION_LISBON, 1, 2, 2, 2, 3, 0, 0, 0, 7, 0, 180, 0, 3, 3, 5, 0, 4, 5
35, CIVILIZATION_LAHORE, 1, 5, 4, 3, 1, 0, 0, 0, 7, 2, 263, 0, 4, 4, 7, 0, 3, 13
35, CIVILIZATION_JOHANNESBURG, 1, 5, 4, 2, 3, 0, 0, 0, 7, 2, 179, 0, 4, 4, 4, 0, 2, 15
35, CIVILIZATION_FREE_CITIES, 0, 0, 0, 0, 0, 0, 0, 0, 0, 0, 0, 0, 0, 0, 0, 0, 0, 0
36, CIVILIZATION_SCOTLAND, 1, 3, 3, 4, 2, 0, 0, 0, 12, 1, 71, 2, 3, 6, 6, 1, 7, 9
36, CIVILIZATION_ZULU, 2, 4, 2, 2, 3, 0, 0, 0, 18, 4, 179, 36, 4, 4, 12, 3, 13, 12
36, CIVILIZATION_VIETNAM, 2, 4, 3, 2, 3, 0, 0, 0, 19, 1, 52, 22, 4, 4, 7, 1, 12, 11
36, CIVILIZATION_JAPAN, 1, 3, 3, 3, 2, 0, 0, 0, 12, 3, 117, 0, 4, 4, 8, 0, 10, 11
36, CIVILIZATION_PERSIA, 2, 6, 3, 3, 1, 0, 0, 0, 17, 0, 102, 24, 4, 4, 6, 0, 9, 20
36, CIVILIZATION_GAUL, 1, 5, 4, 2, 2, 0, 0, 0, 11, 1, 112, 32, 4, 2, 8, 1, 7, 14
36, CIVILIZATION_MUSCAT, 1, 3, 4, 3, 0, 0, 0, 0, 7, 0, 185, 0, 3, 3, 5, 0, 4, 8
36, CIVILIZATION_VATICAN_CITY, 1, 3, 4, 3, 2, 0, 0, 0, 7, 1, 235, 0, 3, 3, 5, 0, 3, 9
36, CIVILIZATION_JAKARTA, 1, 4, 4, 2, 3, 0, 0, 0, 8, 3, 87, 0, 4, 4, 6, 0, 3, 10
36, CIVILIZATION_HUNZA, 1, 5, 4, 2, 2, 0, 0, 0, 7, 2, 182, 0, 4, 2, 4, 0, 2, 16
36, CIVILIZATION_BOLOGNA, 1, 3, 4, 3, 4, 0, 0, 0, 7, 2, 235, 0, 3, 3, 5, 0, 4, 8
36, CIVILIZATION_VILNIUS, 1, 3, 4, 2, 2, 0, 0, 0, 7, 0, 200, 0, 3, 4, 6, 0, 2, 7
36, CIVILIZATION_LISBON, 1, 2, 2, 2, 3, 0, 0, 0, 7, 0, 185, 0, 3, 3, 5, 0, 4, 5
36, CIVILIZATION_LAHORE, 1, 5, 4, 3, 1, 0, 0, 0, 7, 1, 271, 0, 4, 4, 7, 0, 3, 12
36, CIVILIZATION_JOHANNESBURG, 1, 5, 4, 2, 3, 0, 0, 0, 7, 2, 184, 0, 4, 4, 4, 0, 2, 15
36, CIVILIZATION_FREE_CITIES, 0, 0, 0, 0, 0, 0, 0, 0, 0, 0, 0, 0, 0, 0, 0, 0, 0, 0
37, CIVILIZATION_SCOTLAND, 1, 3, 3, 4, 2, 0, 0, 0, 12, 2, 77, 3, 4, 7, 6, 1, 7, 9
37, CIVILIZATION_ZULU, 2, 5, 2, 2, 3, 0, 0, 0, 18, 4, 191, 39, 4, 4, 12, 3, 14, 14
37, CIVILIZATION_VIETNAM, 2, 4, 3, 2, 3, 0, 0, 0, 19, 2, 60, 23, 4, 4, 7, 1, 10, 13
37, CIVILIZATION_JAPAN, 1, 3, 3, 3, 2, 0, 0, 0, 12, 3, 125, 0, 4, 4, 8, 0, 10, 11
37, CIVILIZATION_PERSIA, 2, 6, 3, 3, 1, 0, 0, 0, 18, 0, 108, 25, 4, 4, 6, 0, 9, 20
37, CIVILIZATION_GAUL, 1, 5, 4, 2, 2, 0, 0, 0, 11, 1, 60, 34, 4, 2, 8, 1, 7, 14
37, CIVILIZATION_MUSCAT, 1, 3, 4, 3, 0, 0, 0, 0, 7, 0, 190, 0, 3, 3, 5, 0, 4, 8
37, CIVILIZATION_VATICAN_CITY, 1, 4, 4, 3, 2, 0, 0, 0, 7, 2, 240, 0, 4, 4, 5, 0, 3, 11
37, CIVILIZATION_JAKARTA, 1, 4, 4, 2, 3, 0, 0, 0, 8, 4, 93, 0, 4, 4, 6, 0, 3, 10
37, CIVILIZATION_HUNZA, 1, 5, 4, 2, 2, 0, 0, 0, 7, 2, 187, 0, 4, 4, 4, 0, 2, 16
37, CIVILIZATION_BOLOGNA, 1, 3, 4, 3, 4, 0, 0, 0, 7, 2, 240, 0, 3, 3, 5, 0, 4, 8
37, CIVILIZATION_VILNIUS, 1, 3, 4, 2, 2, 0, 0, 0, 7, 0, 206, 0, 3, 4, 6, 0, 2, 7
37, CIVILIZATION_LISBON, 1, 2, 3, 2, 4, 0, 0, 0, 7, 0, 190, 0, 3, 3, 5, 0, 4, 5
37, CIVILIZATION_LAHORE, 1, 5, 4, 3, 1, 0, 0, 0, 7, 1, 278, 0, 4, 4, 7, 0, 3, 12
37, CIVILIZATION_JOHANNESBURG, 1, 5, 4, 2, 3, 0, 0, 0, 7, 2, 188, 0, 4, 4, 4, 0, 2, 15
37, CIVILIZATION_FREE_CITIES, 0, 0, 0, 0, 0, 0, 0, 0, 0, 0, 0, 0, 0, 0, 0, 0, 0, 0
38, CIVILIZATION_SCOTLAND, 1, 3, 3, 4, 2, 0, 0, 0, 12, 2, 83, 4, 4, 7, 6, 1, 7, 9
38, CIVILIZATION_ZULU, 2, 5, 2, 3, 3, 0, 0, 0, 19, 4, 148, 41, 4, 4, 10, 2, 16, 14
38, CIVILIZATION_VIETNAM, 2, 4, 3, 3, 3, 0, 0, 0, 19, 2, 66, 23, 7, 4, 6, 0, 12, 13
38, CIVILIZATION_JAPAN, 1, 3, 3, 3, 2, 0, 0, 0, 12, 3, 158, 0, 4, 4, 8, 0, 10, 11
38, CIVILIZATION_PERSIA, 2, 6, 3, 3, 2, 0, 0, 0, 18, 0, 115, 1, 4, 4, 6, 0, 9, 20
38, CIVILIZATION_GAUL, 1, 5, 4, 2, 2, 0, 0, 0, 11, 1, 68, 36, 4, 2, 8, 1, 7, 14
38, CIVILIZATION_MUSCAT, 1, 3, 4, 3, 0, 0, 0, 0, 7, 0, 195, 0, 3, 3, 5, 0, 4, 8
38, CIVILIZATION_VATICAN_CITY, 1, 4, 4, 3, 2, 0, 0, 0, 7, 2, 245, 0, 4, 4, 5, 0, 3, 11
38, CIVILIZATION_JAKARTA, 1, 4, 4, 3, 3, 0, 0, 0, 8, 4, 99, 0, 4, 4, 6, 0, 3, 10
38, CIVILIZATION_HUNZA, 1, 5, 4, 2, 2, 0, 0, 0, 7, 2, 191, 0, 4, 4, 4, 0, 2, 16
38, CIVILIZATION_BOLOGNA, 1, 3, 4, 3, 5, 0, 0, 0, 7, 2, 244, 0, 3, 3, 5, 0, 4, 8
38, CIVILIZATION_VILNIUS, 1, 3, 4, 2, 3, 0, 0, 0, 7, 0, 52, 0, 3, 4, 6, 0, 2, 7
38, CIVILIZATION_LISBON, 1, 2, 4, 2, 4, 0, 0, 0, 7, 0, 195, 0, 3, 3, 5, 0, 4, 5
38, CIVILIZATION_LAHORE, 1, 5, 4, 3, 1, 0, 0, 0, 7, 1, 286, 0, 4, 4, 7, 0, 3, 12
38, CIVILIZATION_JOHANNESBURG, 1, 5, 4, 2, 3, 0, 0, 0, 7, 2, 193, 0, 4, 4, 4, 0, 2, 15
38, CIVILIZATION_FREE_CITIES, 0, 0, 0, 0, 0, 0, 0, 0, 0, 0, 0, 0, 0, 0, 0, 0, 0, 0
39, CIVILIZATION_SCOTLAND, 2, 4, 3, 4, 2, 0, 0, 0, 20, 2, 64, 5, 4, 8, 6, 1, 11, 12
39, CIVILIZATION_ZULU, 2, 5, 3, 3, 3, 0, 0, 0, 19, 4, 158, 43, 4, 4, 10, 2, 16, 14
39, CIVILIZATION_VIETNAM, 2, 4, 4, 3, 3, 0, 0, 0, 19, 3, 73, 23, 7, 4, 8, 0, 11, 14
39, CIVILIZATION_JAPAN, 1, 3, 3, 3, 2, 0, 0, 0, 12, 3, 167, 0, 4, 4, 8, 0, 10, 11
39, CIVILIZATION_PERSIA, 2, 6, 3, 3, 2, 0, 0, 0, 18, 1, 124, 2, 4, 4, 8, 0, 10, 20
39, CIVILIZATION_GAUL, 1, 5, 4, 2, 2, 0, 0, 0, 11, 1, 75, 38, 4, 2, 8, 1, 7, 14
39, CIVILIZATION_MUSCAT, 1, 3, 4, 3, 0, 0, 0, 0, 7, 0, 200, 0, 3, 3, 5, 0, 4, 9
39, CIVILIZATION_VATICAN_CITY, 1, 4, 4, 3, 2, 0, 0, 0, 7, 2, 250, 0, 4, 4, 5, 0, 3, 11
39, CIVILIZATION_JAKARTA, 1, 4, 4, 3, 3, 0, 0, 0, 8, 4, 105, 0, 4, 4, 6, 0, 3, 10
39, CIVILIZATION_HUNZA, 1, 5, 5, 2, 2, 0, 0, 0, 7, 2, 196, 0, 4, 4, 4, 0, 2, 16
39, CIVILIZATION_BOLOGNA, 1, 3, 4, 3, 5, 0, 0, 0, 7, 2, 248, 0, 3, 3, 5, 0, 4, 8
39, CIVILIZATION_VILNIUS, 1, 3, 4, 2, 3, 0, 0, 0, 7, 0, 58, 0, 3, 4, 6, 0, 2, 7
39, CIVILIZATION_LISBON, 1, 2, 4, 2, 4, 0, 0, 0, 7, 0, 200, 0, 3, 3, 5, 0, 4, 5
39, CIVILIZATION_LAHORE, 1, 5, 5, 3, 1, 0, 0, 0, 7, 2, 293, 0, 4, 4, 7, 0, 3, 13
39, CIVILIZATION_JOHANNESBURG, 1, 5, 4, 2, 3, 0, 0, 0, 7, 2, 197, 0, 4, 4, 4, 0, 2, 15
39, CIVILIZATION_FREE_CITIES, 0, 0, 0, 0, 0, 0, 0, 0, 0, 0, 0, 0, 0, 0, 0, 0, 0, 0
40, CIVILIZATION_SCOTLAND, 2, 5, 3, 4, 2, 0, 0, 0, 20, 2, 70, 6, 5, 8, 6, 1, 12, 15
40, CIVILIZATION_ZULU, 2, 5, 3, 3, 3, 0, 0, 0, 19, 4, 169, 45, 4, 4, 10, 2, 16, 14
40, CIVILIZATION_VIETNAM, 2, 4, 4, 3, 3, 0, 0, 0, 19, 3, 81, 23, 7, 4, 8, 0, 11, 14
40, CIVILIZATION_JAPAN, 1, 3, 3, 3, 2, 0, 0, 0, 13, 3, 174, 1, 4, 4, 8, 1, 12, 11
40, CIVILIZATION_PERSIA, 2, 6, 4, 3, 2, 0, 0, 0, 18, 1, 132, 3, 4, 4, 8, 0, 10, 20
40, CIVILIZATION_GAUL, 1, 5, 4, 2, 2, 0, 0, 0, 11, 1, 83, 40, 4, 2, 8, 1, 7, 14
40, CIVILIZATION_MUSCAT, 1, 3, 4, 3, 0, 0, 0, 0, 7, 0, 205, 0, 3, 3, 5, 0, 4, 9
40, CIVILIZATION_VATICAN_CITY, 1, 4, 4, 3, 2, 0, 0, 0, 7, 2, 255, 0, 4, 4, 5, 0, 3, 11
40, CIVILIZATION_JAKARTA, 1, 4, 4, 3, 3, 0, 0, 0, 8, 5, 111, 0, 4, 4, 6, 0, 4, 10
40, CIVILIZATION_HUNZA, 1, 5, 5, 2, 2, 0, 0, 0, 7, 2, 200, 0, 4, 4, 4, 0, 2, 16
40, CIVILIZATION_BOLOGNA, 1, 4, 4, 3, 5, 0, 0, 0, 7, 2, 252, 0, 4, 4, 5, 0, 4, 10
40, CIVILIZATION_VILNIUS, 1, 3, 4, 3, 4, 0, 0, 0, 7, 0, 64, 0, 3, 4, 6, 0, 2, 7
40, CIVILIZATION_LISBON, 1, 2, 4, 3, 5, 0, 0, 0, 7, 0, 255, 0, 3, 3, 5, 0, 4, 5
40, CIVILIZATION_LAHORE, 1, 5, 5, 3, 1, 0, 0, 0, 7, 2, 301, 0, 4, 4, 7, 0, 3, 13
40, CIVILIZATION_JOHANNESBURG, 1, 5, 4, 2, 3, 0, 0, 0, 7, 2, 202, 0, 4, 4, 4, 0, 2, 15
40, CIVILIZATION_FREE_CITIES, 0, 0, 0, 0, 0, 0, 0, 0, 0, 0, 0, 0, 0, 0, 0, 0, 0, 0
41, CIVILIZATION_SCOTLAND, 2, 5, 3, 4, 2, 0, 0, 0, 20, 2, 76, 7, 5, 8, 6, 1, 12, 15
41, CIVILIZATION_ZULU, 2, 4, 3, 3, 3, 0, 0, 0, 19, 5, 180, 48, 4, 4, 10, 2, 14, 12
41, CIVILIZATION_VIETNAM, 2, 4, 4, 3, 3, 0, 0, 0, 19, 3, 88, 23, 7, 4, 8, 0, 11, 14
41, CIVILIZATION_JAPAN, 1, 3, 3, 3, 2, 0, 0, 0, 13, 3, 182, 2, 4, 4, 8, 1, 12, 11
41, CIVILIZATION_PERSIA, 2, 6, 4, 3, 2, 0, 0, 0, 18, 1, 141, 4, 4, 4, 8, 0, 9, 21
41, CIVILIZATION_GAUL, 1, 5, 4, 2, 2, 0, 0, 0, 11, 1, 91, 42, 4, 2, 8, 1, 7, 14
41, CIVILIZATION_MUSCAT, 1, 3, 4, 3, 0, 0, 0, 0, 7, 0, 210, 0, 3, 3, 5, 0, 4, 9
41, CIVILIZATION_VATICAN_CITY, 1, 4, 4, 3, 2, 0, 0, 0, 7, 2, 260, 0, 4, 4, 5, 0, 3, 11
41, CIVILIZATION_JAKARTA, 1, 4, 4, 3, 3, 0, 0, 0, 8, 5, 117, 0, 4, 4, 6, 0, 4, 10
41, CIVILIZATION_HUNZA, 1, 5, 5, 2, 2, 0, 0, 0, 7, 2, 205, 0, 4, 4, 4, 0, 2, 16
41, CIVILIZATION_BOLOGNA, 1, 4, 4, 3, 5, 0, 0, 0, 7, 2, 256, 0, 4, 4, 5, 0, 4, 10
41, CIVILIZATION_VILNIUS, 1, 3, 4, 3, 4, 0, 0, 0, 7, 0, 70, 0, 3, 4, 6, 0, 2, 7
41, CIVILIZATION_LISBON, 1, 3, 4, 3, 5, 0, 0, 0, 7, 0, 260, 0, 3, 3, 5, 0, 5, 6
41, CIVILIZATION_LAHORE, 1, 5, 5, 3, 1, 0, 0, 0, 7, 2, 93, 0, 4, 4, 7, 0, 3, 13
41, CIVILIZATION_JOHANNESBURG, 1, 5, 4, 2, 3, 0, 0, 0, 7, 2, 206, 0, 4, 4, 4, 0, 2, 15
41, CIVILIZATION_FREE_CITIES, 0, 0, 0, 0, 0, 0, 0, 0, 0, 0, 0, 0, 0, 0, 0, 0, 0, 0
42, CIVILIZATION_SCOTLAND, 2, 5, 3, 5, 2, 0, 0, 0, 20, 2, 82, 7, 5, 8, 5, 0, 14, 15
42, CIVILIZATION_ZULU, 2, 4, 3, 3, 3, 0, 0, 0, 20, 5, 191, 50, 4, 4, 10, 2, 14, 12
42, CIVILIZATION_VIETNAM, 2, 5, 4, 3, 3, 0, 0, 0, 19, 3, 95, 23, 8, 4, 8, 0, 13, 15
42, CIVILIZATION_JAPAN, 1, 3, 3, 3, 2, 0, 0, 0, 13, 3, 189, 3, 4, 4, 8, 1, 12, 11
42, CIVILIZATION_PERSIA, 2, 7, 4, 4, 2, 0, 0, 0, 18, 1, 150, 4, 5, 4, 7, 0, 14, 23
42, CIVILIZATION_GAUL, 1, 5, 4, 2, 2, 0, 0, 0, 13, 1, 100, 51, 4, 2, 9, 8, 8, 14
42, CIVILIZATION_MUSCAT, 1, 3, 4, 3, 0, 0, 0, 0, 7, 0, 215, 0, 3, 3, 5, 0, 4, 9
42, CIVILIZATION_VATICAN_CITY, 1, 4, 4, 3, 2, 0, 0, 0, 7, 2, 265, 0, 4, 4, 5, 0, 3, 11
42, CIVILIZATION_JAKARTA, 1, 4, 4, 3, 3, 0, 0, 0, 8, 5, 123, 0, 4, 4, 6, 0, 4, 10
42, CIVILIZATION_HUNZA, 1, 5, 5, 2, 2, 0, 0, 0, 7, 2, 209, 0, 4, 4, 4, 0, 2, 16
42, CIVILIZATION_BOLOGNA, 1, 4, 4, 3, 5, 0, 0, 0, 7, 2, 260, 0, 4, 4, 5, 0, 4, 10
42, CIVILIZATION_VILNIUS, 1, 3, 4, 3, 4, 0, 0, 0, 7, 0, 76, 0, 3, 4, 6, 0, 2, 7
42, CIVILIZATION_LISBON, 1, 3, 4, 3, 5, 0, 0, 0, 7, 0, 65, 0, 3, 3, 5, 0, 5, 6
42, CIVILIZATION_LAHORE, 1, 5, 5, 3, 1, 0, 0, 0, 7, 2, 101, 0, 4, 4, 7, 0, 3, 13
42, CIVILIZATION_JOHANNESBURG, 1, 5, 4, 3, 3, 0, 0, 0, 7, 2, 211, 0, 4, 4, 4, 0, 2, 15
42, CIVILIZATION_FREE_CITIES, 0, 0, 0, 0, 0, 0, 0, 0, 0, 0, 0, 0, 0, 0, 0, 0, 0, 0
43, CIVILIZATION_SCOTLAND, 2, 5, 3, 5, 2, 0, 0, 0, 20, 2, 87, 7, 5, 13, 5, 0, 14, 15
43, CIVILIZATION_ZULU, 2, 4, 3, 3, 3, 0, 0, 0, 20, 5, 202, 52, 4, 4, 10, 2, 14, 12
43, CIVILIZATION_VIETNAM, 2, 5, 5, 3, 3, 0, 0, 0, 20, 3, 103, 23, 8, 4, 8, 0, 13, 15
43, CIVILIZATION_JAPAN, 1, 4, 3, 3, 2, 0, 0, 0, 13, 3, 199, 4, 5, 4, 10, 1, 13, 13
43, CIVILIZATION_PERSIA, 2, 7, 4, 4, 2, 0, 0, 0, 18, 1, 158, 4, 5, 4, 7, 0, 14, 23
43, CIVILIZATION_GAUL, 1, 5, 4, 2, 2, 0, 0, 0, 13, 1, 108, 59, 4, 2, 9, 8, 8, 14
43, CIVILIZATION_MUSCAT, 1, 3, 4, 3, 0, 0, 0, 0, 7, 1, 220, 0, 3, 3, 5, 0, 4, 9
43, CIVILIZATION_VATICAN_CITY, 1, 4, 4, 3, 2, 0, 0, 0, 7, 2, 270, 0, 4, 4, 5, 0, 3, 11
43, CIVILIZATION_JAKARTA, 1, 4, 4, 3, 3, 0, 0, 0, 8, 5, 129, 0, 4, 4, 6, 0, 4, 10
43, CIVILIZATION_HUNZA, 1, 6, 5, 2, 2, 0, 0, 0, 7, 2, 214, 0, 4, 4, 4, 0, 2, 16
43, CIVILIZATION_BOLOGNA, 1, 4, 4, 3, 5, 0, 0, 0, 7, 3, 264, 0, 4, 5, 5, 0, 4, 10
43, CIVILIZATION_VILNIUS, 1, 3, 4, 3, 4, 0, 0, 0, 7, 0, 82, 0, 3, 4, 6, 0, 2, 7
43, CIVILIZATION_LISBON, 1, 3, 4, 3, 5, 0, 0, 0, 7, 0, 70, 0, 3, 3, 5, 0, 5, 6
43, CIVILIZATION_LAHORE, 1, 5, 5, 3, 1, 0, 0, 0, 7, 3, 108, 0, 4, 4, 7, 0, 4, 13
43, CIVILIZATION_JOHANNESBURG, 1, 5, 4, 3, 3, 0, 0, 0, 7, 2, 215, 0, 4, 4, 4, 0, 2, 15
43, CIVILIZATION_FREE_CITIES, 0, 0, 0, 0, 0, 0, 0, 0, 0, 0, 0, 0, 0, 0, 0, 0, 0, 0
44, CIVILIZATION_SCOTLAND, 2, 5, 3, 5, 2, 0, 0, 0, 20, 2, 92, 7, 5, 13, 5, 0, 14, 15
44, CIVILIZATION_ZULU, 2, 4, 3, 3, 5, 0, 0, 0, 20, 5, 211, 54, 4, 4, 10, 2, 14, 12
44, CIVILIZATION_VIETNAM, 2, 4, 5, 3, 3, 0, 0, 0, 20, 3, 110, 23, 7, 4, 8, 0, 11, 14
44, CIVILIZATION_JAPAN, 1, 4, 4, 3, 2, 0, 0, 0, 13, 3, 209, 5, 5, 4, 10, 1, 13, 13
44, CIVILIZATION_PERSIA, 2, 7, 4, 4, 2, 0, 0, 0, 19, 1, 105, 4, 5, 4, 7, 0, 14, 23
44, CIVILIZATION_GAUL, 2, 6, 4, 2, 2, 0, 0, 0, 20, 1, 117, 68, 5, 2, 9, 8, 11, 17
44, CIVILIZATION_MUSCAT, 1, 3, 4, 3, 0, 0, 0, 0, 7, 1, 225, 0, 3, 3, 5, 0, 4, 9
44, CIVILIZATION_VATICAN_CITY, 1, 4, 4, 3, 2, 0, 0, 0, 7, 2, 275, 0, 4, 4, 5, 0, 3, 11
44, CIVILIZATION_JAKARTA, 1, 4, 5, 3, 4, 0, 0, 0, 8, 5, 134, 0, 4, 4, 6, 0, 4, 10
44, CIVILIZATION_HUNZA, 1, 6, 5, 3, 2, 0, 0, 0, 7, 2, 219, 0, 4, 4, 4, 0, 2, 16
44, CIVILIZATION_BOLOGNA, 1, 4, 5, 3, 5, 0, 0, 0, 7, 3, 268, 0, 4, 5, 5, 0, 4, 10
44, CIVILIZATION_VILNIUS, 1, 3, 5, 3, 4, 0, 0, 0, 7, 0, 88, 0, 3, 4, 6, 0, 2, 7
44, CIVILIZATION_LISBON, 1, 3, 5, 3, 6, 0, 0, 0, 7, 1, 74, 0, 3, 3, 5, 0, 6, 6
44, CIVILIZATION_LAHORE, 1, 5, 5, 3, 1, 0, 0, 0, 7, 3, 116, 0, 4, 4, 7, 0, 4, 13
44, CIVILIZATION_JOHANNESBURG, 1, 5, 4, 3, 4, 0, 0, 0, 7, 2, 5, 0, 4, 4, 4, 0, 2, 15
44, CIVILIZATION_FREE_CITIES, 0, 0, 0, 0, 0, 0, 0, 0, 0, 0, 0, 0, 0, 0, 0, 0, 0, 0
45, CIVILIZATION_SCOTLAND, 2, 5, 3, 5, 2, 0, 0, 0, 20, 2, 97, 7, 5, 13, 5, 0, 14, 15
45, CIVILIZATION_ZULU, 2, 4, 4, 3, 5, 0, 0, 0, 20, 5, 221, 56, 4, 4, 10, 2, 14, 12
45, CIVILIZATION_VIETNAM, 2, 4, 5, 4, 3, 0, 0, 0, 20, 3, 118, 23, 7, 4, 8, 0, 11, 14
45, CIVILIZATION_JAPAN, 1, 4, 4, 3, 2, 0, 0, 0, 13, 3, 218, 6, 5, 4, 10, 1, 13, 13
45, CIVILIZATION_PERSIA, 2, 7, 4, 4, 2, 0, 0, 0, 19, 1, 113, 4, 5, 4, 7, 0, 14, 23
45, CIVILIZATION_GAUL, 2, 6, 4, 3, 2, 0, 0, 0, 20, 1, 125, 76, 5, 2, 8, 7, 13, 17
45, CIVILIZATION_MUSCAT, 1, 3, 4, 3, 0, 0, 0, 0, 7, 1, 230, 0, 3, 3, 5, 0, 4, 9
45, CIVILIZATION_VATICAN_CITY, 1, 4, 4, 3, 2, 0, 0, 0, 7, 2, 280, 0, 4, 4, 5, 0, 3, 12
45, CIVILIZATION_JAKARTA, 1, 4, 6, 3, 4, 0, 0, 0, 8, 5, 139, 0, 4, 4, 6, 0, 4, 10
45, CIVILIZATION_HUNZA, 1, 6, 5, 3, 2, 0, 0, 0, 7, 2, 224, 0, 4, 4, 4, 0, 2, 16
45, CIVILIZATION_BOLOGNA, 1, 4, 6, 3, 5, 0, 0, 0, 7, 4, 272, 0, 4, 5, 5, 0, 5, 10
45, CIVILIZATION_VILNIUS, 1, 4, 5, 3, 5, 0, 0, 0, 7, 0, 94, 0, 4, 5, 6, 0, 2, 6
45, CIVILIZATION_LISBON, 1, 3, 6, 3, 6, 0, 0, 0, 7, 1, 78, 0, 3, 3, 5, 0, 6, 6
45, CIVILIZATION_LAHORE, 1, 5, 5, 3, 1, 0, 0, 0, 7, 3, 123, 0, 4, 4, 7, 0, 4, 13
45, CIVILIZATION_JOHANNESBURG, 1, 5, 4, 3, 4, 0, 0, 0, 7, 3, 9, 0, 4, 4, 4, 0, 2, 16
45, CIVILIZATION_FREE_CITIES, 0, 0, 0, 0, 0, 0, 0, 0, 0, 0, 0, 0, 0, 0, 0, 0, 0, 0
46, CIVILIZATION_SCOTLAND, 2, 5, 3, 5, 2, 0, 0, 0, 20, 2, 102, 7, 5, 13, 5, 0, 14, 15
46, CIVILIZATION_ZULU, 2, 5, 4, 3, 5, 0, 0, 0, 20, 5, 231, 58, 4, 4, 10, 2, 16, 14
46, CIVILIZATION_VIETNAM, 2, 4, 5, 4, 3, 0, 0, 0, 20, 3, 125, 23, 7, 4, 8, 0, 11, 14
46, CIVILIZATION_JAPAN, 1, 3, 4, 3, 2, 0, 0, 0, 13, 3, 226, 7, 4, 4, 8, 1, 12, 11
46, CIVILIZATION_PERSIA, 2, 7, 5, 4, 2, 0, 0, 0, 19, 1, 121, 4, 5, 4, 7, 0, 14, 23
46, CIVILIZATION_GAUL, 2, 6, 5, 3, 2, 0, 0, 0, 20, 1, 133, 83, 5, 2, 8, 7, 13, 17
46, CIVILIZATION_MUSCAT, 1, 3, 4, 3, 0, 0, 0, 0, 7, 1, 235, 0, 3, 3, 5, 0, 4, 9
46, CIVILIZATION_VATICAN_CITY, 1, 4, 4, 4, 3, 0, 0, 0, 7, 1, 69, 0, 4, 4, 5, 0, 3, 11
46, CIVILIZATION_JAKARTA, 1, 4, 6, 3, 4, 0, 0, 0, 8, 5, 144, 0, 4, 4, 6, 0, 4, 10
46, CIVILIZATION_HUNZA, 1, 6, 5, 3, 3, 0, 0, 0, 7, 2, 228, 0, 4, 4, 4, 0, 2, 16
46, CIVILIZATION_BOLOGNA, 1, 4, 6, 3, 5, 0, 0, 0, 7, 4, 276, 0, 4, 5, 5, 0, 5, 10
46, CIVILIZATION_VILNIUS, 1, 4, 6, 3, 5, 0, 0, 0, 7, 1, 101, 0, 4, 5, 6, 0, 2, 7
46, CIVILIZATION_LISBON, 1, 3, 6, 3, 6, 0, 0, 0, 7, 2, 82, 0, 3, 3, 5, 0, 6, 6
46, CIVILIZATION_LAHORE, 1, 5, 5, 3, 1, 0, 0, 0, 7, 3, 131, 0, 4, 4, 7, 0, 3, 14
46, CIVILIZATION_JOHANNESBURG, 1, 5, 4, 3, 4, 0, 0, 0, 7, 3, 14, 0, 4, 4, 4, 0, 2, 16
46, CIVILIZATION_FREE_CITIES, 0, 0, 0, 0, 0, 0, 0, 0, 0, 0, 0, 0, 0, 0, 0, 0, 0, 0
47, CIVILIZATION_SCOTLAND, 2, 5, 3, 5, 2, 0, 0, 0, 20, 2, 107, 7, 5, 13, 5, 0, 14, 15
47, CIVILIZATION_ZULU, 2, 5, 4, 3, 5, 0, 0, 0, 20, 5, 241, 60, 4, 4, 10, 2, 16, 14
47, CIVILIZATION_VIETNAM, 2, 5, 6, 4, 3, 0, 0, 0, 20, 3, 182, 23, 8, 4, 8, 0, 12, 16
47, CIVILIZATION_JAPAN, 1, 3, 4, 3, 2, 0, 0, 0, 13, 3, 233, 8, 4, 4, 8, 1, 12, 11
47, CIVILIZATION_PERSIA, 2, 7, 5, 4, 2, 0, 0, 0, 19, 1, 68, 4, 5, 4, 7, 0, 14, 23
47, CIVILIZATION_GAUL, 2, 6, 5, 3, 2, 0, 0, 0, 20, 1, 140, 91, 5, 2, 8, 7, 13, 17
47, CIVILIZATION_MUSCAT, 1, 3, 4, 4, 0, 0, 0, 0, 7, 1, 240, 0, 3, 3, 5, 0, 4, 9
47, CIVILIZATION_VATICAN_CITY, 1, 4, 4, 4, 3, 0, 0, 0, 7, 2, 73, 0, 4, 4, 5, 0, 3, 12
47, CIVILIZATION_JAKARTA, 1, 4, 6, 3, 4, 0, 0, 0, 8, 5, 149, 0, 4, 4, 6, 0, 4, 10
47, CIVILIZATION_HUNZA, 1, 6, 5, 3, 3, 0, 0, 0, 7, 2, 232, 0, 4, 4, 4, 0, 2, 16
47, CIVILIZATION_BOLOGNA, 1, 4, 6, 3, 5, 0, 0, 0, 7, 5, 280, 0, 4, 5, 5, 0, 5, 10
47, CIVILIZATION_VILNIUS, 1, 4, 6, 3, 5, 0, 0, 0, 7, 1, 107, 0, 4, 5, 6, 0, 2, 7
47, CIVILIZATION_LISBON, 1, 3, 6, 3, 6, 0, 0, 0, 9, 2, 86, 0, 3, 3, 5, 0, 4, 9
47, CIVILIZATION_LAHORE, 1, 5, 5, 3, 1, 0, 0, 0, 7, 4, 138, 0, 4, 4, 7, 0, 4, 14
47, CIVILIZATION_JOHANNESBURG, 1, 5, 4, 3, 4, 0, 0, 0, 7, 3, 18, 0, 4, 4, 4, 0, 2, 17
47, CIVILIZATION_FREE_CITIES, 0, 0, 0, 0, 0, 0, 0, 0, 0, 0, 0, 0, 0, 0, 0, 0, 0, 0
48, CIVILIZATION_SCOTLAND, 2, 5, 3, 5, 2, 0, 0, 0, 21, 2, 137, 7, 5, 13, 5, 0, 14, 15
48, CIVILIZATION_ZULU, 2, 5, 4, 3, 5, 0, 0, 0, 20, 5, 251, 62, 4, 4, 10, 2, 16, 14
48, CIVILIZATION_VIETNAM, 2, 5, 6, 4, 3, 0, 0, 0, 20, 3, 190, 23, 8, 4, 8, 0, 12, 16
48, CIVILIZATION_JAPAN, 1, 3, 4, 3, 2, 0, 0, 0, 13, 3, 216, 9, 4, 4, 8, 1, 12, 11
48, CIVILIZATION_PERSIA, 2, 7, 5, 4, 2, 0, 0, 0, 19, 1, 99, 4, 5, 4, 7, 0, 14, 23
48, CIVILIZATION_GAUL, 2, 6, 5, 3, 2, 0, 0, 0, 20, 1, 148, 98, 5, 2, 8, 7, 13, 17
48, CIVILIZATION_MUSCAT, 1, 3, 4, 4, 1, 0, 0, 0, 7, 1, 244, 0, 3, 3, 5, 0, 4, 9
48, CIVILIZATION_VATICAN_CITY, 1, 4, 4, 4, 3, 0, 0, 0, 7, 2, 77, 0, 4, 4, 5, 0, 3, 12
48, CIVILIZATION_JAKARTA, 1, 4, 6, 3, 4, 0, 0, 0, 8, 5, 154, 0, 4, 4, 6, 0, 4, 10
48, CIVILIZATION_HUNZA, 1, 6, 5, 3, 3, 0, 0, 0, 7, 2, 236, 0, 4, 4, 4, 0, 2, 16
48, CIVILIZATION_BOLOGNA, 1, 4, 6, 3, 5, 0, 0, 0, 7, 5, 284, 0, 4, 5, 5, 0, 5, 10
48, CIVILIZATION_VILNIUS, 1, 4, 6, 3, 5, 0, 0, 0, 7, 1, 114, 0, 4, 5, 6, 0, 2, 7
48, CIVILIZATION_LISBON, 1, 3, 6, 3, 6, 0, 0, 0, 9, 2, 90, 0, 3, 3, 5, 0, 6, 6
48, CIVILIZATION_LAHORE, 1, 5, 5, 3, 2, 0, 0, 0, 7, 4, 145, 0, 4, 4, 7, 0, 4, 14
48, CIVILIZATION_JOHANNESBURG, 1, 6, 4, 3, 4, 0, 0, 0, 7, 4, 23, 0, 4, 4, 5, 0, 2, 19
48, CIVILIZATION_FREE_CITIES, 0, 0, 0, 0, 0, 0, 0, 0, 0, 0, 0, 0, 0, 0, 0, 0, 0, 0
49, CIVILIZATION_SCOTLAND, 2, 5, 3, 5, 2, 0, 0, 0, 21, 2, 117, 7, 5, 13, 5, 0, 14, 15
49, CIVILIZATION_ZULU, 2, 5, 4, 3, 5, 0, 0, 0, 20, 5, 260, 64, 4, 4, 10, 2, 16, 14
49, CIVILIZATION_VIETNAM, 2, 5, 6, 4, 3, 0, 0, 0, 21, 3, 137, 23, 8, 4, 8, 0, 13, 15
49, CIVILIZATION_JAPAN, 1, 4, 5, 3, 2, 0, 0, 0, 13, 3, 225, 10, 5, 4, 10, 1, 13, 13
49, CIVILIZATION_PERSIA, 2, 7, 5, 4, 2, 0, 0, 0, 19, 1, 106, 4, 5, 4, 7, 0, 14, 23
49, CIVILIZATION_GAUL, 2, 6, 5, 3, 2, 0, 0, 0, 20, 1, 155, 106, 5, 2, 8, 7, 13, 17
49, CIVILIZATION_MUSCAT, 1, 4, 4, 4, 1, 0, 0, 0, 7, 0, 248, 0, 4, 4, 5, 0, 5, 11
49, CIVILIZATION_VATICAN_CITY, 1, 4, 4, 4, 3, 0, 0, 0, 7, 3, 81, 0, 4, 4, 5, 0, 3, 13
49, CIVILIZATION_JAKARTA, 1, 4, 6, 3, 5, 0, 0, 0, 8, 5, 158, 0, 4, 4, 6, 0, 4, 10
49, CIVILIZATION_HUNZA, 1, 6, 5, 3, 3, 0, 0, 0, 7, 2, 240, 0, 4, 4, 4, 0, 2, 16
49, CIVILIZATION_BOLOGNA, 1, 4, 6, 3, 5, 0, 0, 0, 7, 5, 288, 0, 4, 5, 5, 0, 5, 10
49, CIVILIZATION_VILNIUS, 1, 4, 6, 3, 5, 0, 0, 0, 7, 1, 120, 0, 4, 5, 6, 0, 2, 7
49, CIVILIZATION_LISBON, 1, 3, 6, 3, 6, 0, 0, 0, 9, 3, 94, 0, 3, 3, 5, 0, 4, 9
49, CIVILIZATION_LAHORE, 1, 5, 5, 3, 2, 0, 0, 0, 7, 4, 151, 0, 4, 4, 7, 0, 4, 14
49, CIVILIZATION_JOHANNESBURG, 1, 6, 4, 3, 5, 0, 0, 0, 7, 4, 29, 0, 4, 4, 5, 0, 2, 19
49, CIVILIZATION_FREE_CITIES, 0, 0, 0, 0, 0, 0, 0, 0, 0, 0, 0, 0, 0, 0, 0, 0, 0, 0
50, CIVILIZATION_SCOTLAND, 2, 5, 4, 5, 2, 0, 0, 0, 21, 2, 122, 7, 5, 13, 5, 0, 14, 15
50, CIVILIZATION_ZULU, 2, 5, 4, 3, 5, 0, 0, 0, 21, 5, 274, 66, 4, 4, 14, 2, 16, 13
50, CIVILIZATION_VIETNAM, 2, 5, 6, 4, 3, 0, 0, 0, 21, 3, 84, 23, 8, 4, 8, 0, 13, 15
50, CIVILIZATION_JAPAN, 1, 4, 5, 3, 2, 0, 0, 0, 13, 3, 235, 11, 5, 4, 10, 1, 13, 13
50, CIVILIZATION_PERSIA, 2, 8, 5, 4, 3, 0, 0, 0, 19, 2, 112, 4, 6, 6, 8, 0, 16, 25
50, CIVILIZATION_GAUL, 2, 6, 5, 3, 2, 0, 0, 0, 21, 1, 102, 113, 5, 2, 8, 7, 15, 17
50, CIVILIZATION_MUSCAT, 1, 4, 4, 4, 1, 0, 0, 0, 7, 0, 252, 0, 4, 4, 5, 0, 5, 11
50, CIVILIZATION_VATICAN_CITY, 1, 5, 4, 4, 3, 0, 0, 0, 7, 3, 84, 0, 4, 4, 4, 0, 2, 13
50, CIVILIZATION_JAKARTA, 1, 4, 6, 3, 5, 0, 0, 0, 8, 5, 162, 0, 4, 4, 6, 0, 4, 10
50, CIVILIZATION_HUNZA, 1, 6, 6, 3, 2, 0, 0, 0, 7, 2, 244, 0, 4, 4, 4, 0, 2, 16
50, CIVILIZATION_BOLOGNA, 1, 4, 6, 3, 5, 0, 0, 0, 7, 5, 292, 0, 4, 5, 5, 0, 5, 10
50, CIVILIZATION_VILNIUS, 1, 4, 6, 3, 5, 0, 0, 0, 7, 1, 127, 0, 4, 5, 6, 0, 2, 7
50, CIVILIZATION_LISBON, 1, 3, 6, 3, 6, 0, 0, 0, 9, 3, 98, 0, 3, 3, 5, 0, 6, 6
50, CIVILIZATION_LAHORE, 1, 5, 5, 4, 2, 0, 0, 0, 7, 4, 158, 0, 4, 4, 7, 0, 4, 14
50, CIVILIZATION_JOHANNESBURG, 1, 6, 4, 3, 5, 0, 0, 0, 7, 4, 34, 0, 4, 4, 5, 0, 2, 19
50, CIVILIZATION_FREE_CITIES, 0, 0, 0, 0, 0, 0, 0, 0, 0, 0, 0, 0, 0, 0, 0, 0, 0, 0
51, CIVILIZATION_SCOTLAND, 2, 6, 4, 5, 2, 0, 0, 0, 21, 2, 127, 7, 5, 14, 5, 0, 15, 18
51, CIVILIZATION_ZULU, 2, 5, 4, 3, 5, 0, 0, 0, 21, 5, 287, 68, 4, 4, 14, 2, 16, 13
51, CIVILIZATION_VIETNAM, 2, 5, 6, 4, 3, 0, 0, 0, 21, 3, 90, 23, 8, 4, 8, 0, 13, 17
51, CIVILIZATION_JAPAN, 1, 4, 5, 3, 2, 0, 0, 0, 14, 3, 155, 12, 5, 4, 10, 1, 13, 13
51, CIVILIZATION_PERSIA, 2, 8, 5, 4, 3, 0, 0, 0, 19, 2, 119, 4, 6, 6, 8, 0, 16, 25
51, CIVILIZATION_GAUL, 2, 6, 5, 3, 2, 0, 0, 0, 21, 2, 150, 121, 5, 2, 8, 7, 15, 18
51, CIVILIZATION_MUSCAT, 1, 4, 4, 4, 1, 0, 0, 0, 7, 0, 256, 0, 4, 4, 5, 0, 5, 11
51, CIVILIZATION_VATICAN_CITY, 1, 5, 4, 4, 3, 0, 0, 0, 7, 4, 88, 0, 4, 4, 4, 0, 2, 14
51, CIVILIZATION_JAKARTA, 1, 4, 6, 3, 5, 0, 0, 0, 8, 6, 166, 0, 4, 4, 6, 0, 4, 10
51, CIVILIZATION_HUNZA, 1, 6, 7, 3, 2, 0, 0, 0, 7, 2, 248, 0, 4, 4, 4, 0, 2, 16
51, CIVILIZATION_BOLOGNA, 1, 4, 6, 4, 5, 0, 0, 0, 7, 5, 296, 0, 4, 5, 5, 0, 5, 10
51, CIVILIZATION_VILNIUS, 1, 3, 6, 3, 5, 0, 0, 0, 7, 1, 133, 0, 3, 4, 6, 0, 2, 7
51, CIVILIZATION_LISBON, 1, 3, 6, 3, 6, 0, 0, 0, 9, 3, 102, 0, 3, 3, 5, 0, 4, 9
51, CIVILIZATION_LAHORE, 1, 5, 5, 5, 2, 0, 0, 0, 7, 4, 164, 0, 4, 4, 7, 0, 4, 14
51, CIVILIZATION_JOHANNESBURG, 1, 6, 5, 3, 5, 0, 0, 0, 7, 4, 40, 0, 4, 4, 5, 0, 2, 19
51, CIVILIZATION_FREE_CITIES, 0, 0, 0, 0, 0, 0, 0, 0, 0, 0, 0, 0, 0, 0, 0, 0, 0, 0
52, CIVILIZATION_SCOTLAND, 2, 6, 4, 6, 1, 0, 0, 0, 21, 2, 132, 9, 6, 15, 7, 2, 14, 19
52, CIVILIZATION_ZULU, 3, 7, 5, 3, 5, 0, 0, 0, 28, 6, 300, 70, 6, 5, 14, 2, 21, 19
52, CIVILIZATION_VIETNAM, 2, 5, 6, 4, 3, 0, 0, 0, 21, 3, 96, 23, 8, 4, 8, 0, 13, 17
52, CIVILIZATION_JAPAN, 1, 4, 5, 4, 2, 0, 0, 0, 14, 3, 165, 15, 5, 4, 12, 2, 12, 13
52, CIVILIZATION_PERSIA, 2, 8, 5, 4, 3, 0, 0, 0, 20, 3, 125, 4, 6, 6, 8, 0, 17, 25
52, CIVILIZATION_GAUL, 2, 7, 5, 3, 2, 0, 0, 0, 22, 2, 160, 131, 5, 3, 10, 9, 15, 21
52, CIVILIZATION_MUSCAT, 1, 4, 4, 4, 2, 0, 0, 0, 7, 0, 19, 0, 4, 4, 5, 0, 5, 11
52, CIVILIZATION_VATICAN_CITY, 1, 5, 4, 4, 3, 0, 0, 0, 7, 4, 92, 0, 4, 4, 4, 0, 2, 14
52, CIVILIZATION_JAKARTA, 1, 4, 6, 3, 5, 0, 0, 0, 8, 6, 170, 0, 4, 4, 6, 0, 4, 10
52, CIVILIZATION_HUNZA, 1, 6, 7, 3, 2, 0, 0, 0, 7, 2, 252, 0, 4, 4, 4, 0, 2, 16
52, CIVILIZATION_BOLOGNA, 1, 4, 6, 5, 5, 0, 0, 0, 7, 5, 70, 0, 4, 5, 5, 0, 5, 10
52, CIVILIZATION_VILNIUS, 1, 4, 6, 3, 5, 0, 0, 0, 7, 1, 139, 0, 4, 5, 6, 0, 2, 7
52, CIVILIZATION_LISBON, 1, 3, 6, 3, 6, 0, 0, 0, 10, 3, 106, 0, 3, 3, 5, 0, 6, 6
52, CIVILIZATION_LAHORE, 1, 6, 5, 6, 2, 0, 0, 0, 7, 4, 171, 0, 5, 4, 8, 0, 4, 14
52, CIVILIZATION_JOHANNESBURG, 1, 6, 6, 3, 5, 0, 0, 0, 7, 4, 45, 0, 4, 4, 5, 0, 2, 19
52, CIVILIZATION_FREE_CITIES, 0, 0, 0, 0, 0, 0, 0, 0, 0, 0, 0, 0, 0, 0, 0, 0, 0, 0
53, CIVILIZATION_SCOTLAND, 2, 6, 4, 6, 1, 0, 0, 0, 21, 2, 139, 11, 6, 15, 7, 2, 14, 19
53, CIVILIZATION_ZULU, 3, 7, 5, 4, 5, 0, 0, 0, 28, 6, 313, 72, 6, 5, 14, 2, 21, 19
53, CIVILIZATION_VIETNAM, 2, 5, 6, 4, 3, 0, 0, 0, 21, 3, 103, 23, 8, 4, 8, 0, 13, 17
53, CIVILIZATION_JAPAN, 1, 4, 5, 4, 2, 0, 0, 0, 14, 3, 176, 17, 5, 4, 12, 2, 12, 13
53, CIVILIZATION_PERSIA, 2, 8, 5, 4, 4, 0, 0, 0, 21, 3, 221, 4, 6, 6, 8, 0, 18, 25
53, CIVILIZATION_GAUL, 2, 7, 5, 3, 2, 0, 0, 0, 22, 2, 169, 145, 5, 3, 10, 14, 15, 21
53, CIVILIZATION_MUSCAT, 1, 4, 4, 4, 3, 0, 0, 0, 7, 0, 21, 0, 4, 4, 5, 0, 5, 11
53, CIVILIZATION_VATICAN_CITY, 1, 5, 4, 4, 3, 0, 0, 0, 7, 4, 96, 0, 4, 4, 4, 0, 2, 14
53, CIVILIZATION_JAKARTA, 1, 4, 6, 3, 5, 0, 0, 0, 8, 6, 174, 0, 4, 4, 6, 0, 4, 10
53, CIVILIZATION_HUNZA, 1, 6, 7, 3, 2, 0, 0, 0, 7, 2, 255, 0, 4, 4, 4, 0, 2, 16
53, CIVILIZATION_BOLOGNA, 1, 4, 6, 6, 5, 0, 0, 0, 7, 5, 74, 0, 4, 5, 5, 0, 5, 10
53, CIVILIZATION_VILNIUS, 1, 3, 6, 3, 5, 0, 0, 0, 7, 2, 145, 0, 3, 4, 6, 0, 3, 7
53, CIVILIZATION_LISBON, 1, 3, 6, 3, 6, 0, 0, 0, 10, 3, 110, 0, 3, 3, 5, 0, 5, 9
53, CIVILIZATION_LAHORE, 1, 6, 5, 6, 3, 0, 0, 0, 7, 4, 177, 0, 5, 4, 8, 0, 4, 14
53, CIVILIZATION_JOHANNESBURG, 1, 6, 7, 3, 5, 0, 0, 0, 7, 4, 50, 0, 4, 4, 5, 0, 2, 19
53, CIVILIZATION_FREE_CITIES, 0, 0, 0, 0, 0, 0, 0, 0, 0, 0, 0, 0, 0, 0, 0, 0, 0, 0
54, CIVILIZATION_SCOTLAND, 2, 6, 4, 6, 1, 0, 0, 0, 21, 2, 146, 13, 6, 15, 7, 2, 14, 19
54, CIVILIZATION_ZULU, 3, 7, 5, 4, 5, 0, 0, 0, 29, 6, 266, 74, 6, 5, 14, 2, 21, 19
54, CIVILIZATION_VIETNAM, 3, 6, 6, 5, 3, 0, 0, 0, 28, 3, 111, 23, 8, 5, 10, 0, 17, 21
54, CIVILIZATION_JAPAN, 2, 5, 5, 4, 2, 0, 0, 0, 21, 3, 187, 19, 5, 5, 12, 2, 15, 17
54, CIVILIZATION_PERSIA, 2, 9, 5, 5, 4, 0, 0, 0, 22, 3, 166, 4, 6, 7, 8, 0, 19, 27
54, CIVILIZATION_GAUL, 2, 7, 5, 3, 2, 0, 0, 0, 22, 2, 179, 159, 5, 3, 10, 14, 15, 21
54, CIVILIZATION_MUSCAT, 1, 4, 4, 5, 3, 0, 0, 0, 7, 0, 23, 0, 4, 4, 5, 0, 5, 11
54, CIVILIZATION_VATICAN_CITY, 1, 5, 5, 4, 4, 0, 0, 0, 7, 4, 99, 0, 4, 4, 4, 0, 2, 14
54, CIVILIZATION_JAKARTA, 1, 5, 6, 4, 5, 0, 0, 0, 8, 6, 177, 0, 4, 4, 5, 0, 4, 12
54, CIVILIZATION_HUNZA, 1, 6, 7, 4, 1, 0, 0, 0, 7, 2, 259, 0, 4, 4, 4, 0, 2, 16
54, CIVILIZATION_BOLOGNA, 1, 4, 6, 6, 5, 0, 0, 0, 7, 5, 78, 0, 4, 5, 5, 0, 5, 10
54, CIVILIZATION_VILNIUS, 1, 4, 6, 4, 5, 0, 0, 0, 7, 2, 152, 0, 4, 5, 6, 0, 3, 7
54, CIVILIZATION_LISBON, 1, 3, 6, 4, 6, 0, 0, 0, 10, 3, 114, 0, 3, 3, 5, 0, 6, 6
54, CIVILIZATION_LAHORE, 1, 6, 5, 6, 3, 0, 0, 0, 7, 4, 183, 0, 5, 4, 8, 0, 4, 14
54, CIVILIZATION_JOHANNESBURG, 1, 6, 7, 4, 5, 0, 0, 0, 7, 4, 56, 0, 4, 4, 5, 0, 2, 19
54, CIVILIZATION_FREE_CITIES, 0, 0, 0, 0, 0, 0, 0, 0, 0, 0, 0, 0, 0, 0, 0, 0, 0, 0
55, CIVILIZATION_SCOTLAND, 2, 6, 4, 6, 2, 0, 0, 0, 23, 2, 13, 17, 6, 15, 7, 4, 14, 19
55, CIVILIZATION_ZULU, 3, 7, 5, 4, 5, 0, 0, 0, 29, 6, 279, 76, 6, 5, 14, 2, 21, 19
55, CIVILIZATION_VIETNAM, 3, 6, 6, 5, 3, 0, 0, 0, 28, 3, 120, 23, 8, 5, 10, 0, 17, 21
55, CIVILIZATION_JAPAN, 2, 5, 5, 4, 3, 0, 0, 0, 21, 4, 197, 21, 5, 5, 12, 2, 15, 17
55, CIVILIZATION_PERSIA, 2, 9, 5, 5, 4, 0, 0, 0, 22, 3, 171, 4, 6, 7, 8, 0, 19, 27
55, CIVILIZATION_GAUL, 2, 7, 6, 3, 2, 0, 0, 0, 22, 2, 189, 173, 5, 3, 10, 14, 13, 21
55, CIVILIZATION_MUSCAT, 1, 4, 4, 5, 3, 0, 0, 0, 7, 0, 25, 0, 4, 4, 5, 0, 5, 11
55, CIVILIZATION_VATICAN_CITY, 1, 5, 6, 4, 4, 0, 0, 0, 7, 4, 102, 0, 4, 4, 4, 0, 2, 14
55, CIVILIZATION_JAKARTA, 1, 5, 6, 5, 5, 0, 0, 0, 8, 6, 180, 0, 4, 4, 5, 0, 4, 12
55, CIVILIZATION_HUNZA, 1, 6, 7, 5, 1, 0, 0, 0, 7, 2, 263, 0, 4, 4, 4, 0, 2, 16
55, CIVILIZATION_BOLOGNA, 1, 4, 6, 6, 5, 0, 0, 0, 7, 6, 82, 0, 4, 5, 5, 0, 5, 10
55, CIVILIZATION_VILNIUS, 1, 3, 6, 5, 5, 0, 0, 0, 7, 2, 158, 0, 3, 4, 6, 0, 3, 7
55, CIVILIZATION_LISBON, 1, 3, 6, 5, 6, 0, 0, 0, 10, 3, 118, 0, 3, 3, 5, 0, 5, 9
55, CIVILIZATION_LAHORE, 1, 6, 5, 6, 3, 0, 0, 0, 7, 4, 189, 0, 5, 4, 8, 0, 4, 14
55, CIVILIZATION_JOHANNESBURG, 1, 6, 7, 5, 5, 0, 0, 0, 7, 4, 61, 0, 4, 4, 5, 0, 2, 19
55, CIVILIZATION_FREE_CITIES, 0, 0, 0, 0, 0, 0, 0, 0, 0, 0, 0, 0, 0, 0, 0, 0, 0, 0
56, CIVILIZATION_SCOTLAND, 2, 6, 4, 6, 2, 0, 0, 0, 24, 2, 20, 21, 6, 15, 7, 4, 14, 19
56, CIVILIZATION_ZULU, 3, 7, 5, 4, 5, 0, 0, 0, 29, 7, 292, 78, 6, 5, 14, 2, 21, 19
56, CIVILIZATION_VIETNAM, 3, 6, 6, 5, 3, 0, 0, 0, 28, 3, 129, 23, 8, 5, 10, 0, 17, 21
56, CIVILIZATION_JAPAN, 2, 5, 5, 4, 3, 0, 0, 0, 22, 4, 207, 23, 5, 5, 12, 2, 15, 17
56, CIVILIZATION_PERSIA, 2, 9, 5, 5, 4, 0, 0, 0, 22, 3, 176, 4, 6, 7, 8, 0, 19, 27
56, CIVILIZATION_GAUL, 2, 7, 6, 3, 2, 0, 0, 0, 26, 3, 199, 187, 5, 4, 10, 14, 15, 21
56, CIVILIZATION_MUSCAT, 1, 4, 4, 5, 3, 0, 0, 0, 7, 0, 27, 0, 4, 4, 5, 0, 5, 11
56, CIVILIZATION_VATICAN_CITY, 1, 5, 6, 4, 4, 0, 0, 0, 7, 4, 105, 0, 4, 4, 4, 0, 2, 14
56, CIVILIZATION_JAKARTA, 1, 5, 6, 6, 5, 0, 0, 0, 8, 6, 184, 0, 4, 4, 5, 0, 4, 12
56, CIVILIZATION_HUNZA, 1, 6, 7, 6, 1, 0, 0, 0, 7, 2, 267, 0, 4, 4, 4, 0, 2, 16
56, CIVILIZATION_BOLOGNA, 1, 4, 7, 6, 5, 0, 0, 0, 7, 6, 86, 0, 4, 5, 5, 0, 5, 11
56, CIVILIZATION_VILNIUS, 1, 4, 6, 6, 5, 0, 0, 0, 7, 2, 164, 0, 4, 5, 6, 0, 3, 7
56, CIVILIZATION_LISBON, 1, 3, 6, 6, 6, 0, 0, 0, 10, 3, 122, 0, 3, 3, 5, 0, 6, 7
56, CIVILIZATION_LAHORE, 1, 6, 6, 6, 3, 0, 0, 0, 7, 4, 195, 0, 5, 4, 8, 0, 4, 14
56, CIVILIZATION_JOHANNESBURG, 1, 6, 7, 6, 6, 0, 0, 0, 7, 4, 67, 0, 4, 4, 5, 0, 2, 19
56, CIVILIZATION_FREE_CITIES, 0, 0, 0, 0, 0, 0, 0, 0, 0, 0, 0, 0, 0, 0, 0, 0, 0, 0
57, CIVILIZATION_SCOTLAND, 2, 6, 5, 7, 2, 0, 0, 0, 24, 2, 27, 25, 6, 15, 7, 4, 14, 19
57, CIVILIZATION_ZULU, 3, 7, 5, 4, 5, 0, 0, 0, 29, 7, 305, 80, 6, 5, 14, 2, 21, 19
57, CIVILIZATION_VIETNAM, 3, 7, 7, 5, 3, 0, 0, 0, 29, 4, 136, 23, 9, 5, 10, 0, 21, 24
57, CIVILIZATION_JAPAN, 2, 5, 5, 4, 3, 0, 0, 0, 22, 4, 217, 25, 5, 5, 12, 2, 15, 17
57, CIVILIZATION_PERSIA, 2, 9, 5, 5, 4, 0, 0, 0, 22, 3, 180, 4, 6, 7, 8, 0, 19, 27
57, CIVILIZATION_GAUL, 2, 6, 6, 3, 2, 0, 0, 0, 26, 3, 206, 201, 5, 4, 8, 14, 13, 19
57, CIVILIZATION_MUSCAT, 1, 4, 5, 5, 3, 0, 0, 0, 7, 1, 29, 0, 4, 4, 5, 0, 5, 11
57, CIVILIZATION_VATICAN_CITY, 1, 5, 6, 4, 4, 0, 0, 0, 7, 4, 108, 0, 4, 4, 4, 0, 2, 14
57, CIVILIZATION_JAKARTA, 1, 5, 6, 6, 5, 0, 0, 0, 8, 6, 187, 0, 4, 4, 5, 0, 4, 12
57, CIVILIZATION_HUNZA, 1, 6, 7, 6, 1, 0, 0, 0, 7, 2, 271, 0, 4, 4, 4, 0, 2, 16
57, CIVILIZATION_BOLOGNA, 1, 4, 7, 6, 5, 0, 0, 0, 9, 6, 90, 0, 4, 5, 5, 0, 5, 11
57, CIVILIZATION_VILNIUS, 1, 3, 6, 6, 5, 0, 0, 0, 7, 2, 170, 0, 3, 4, 6, 0, 3, 7
57, CIVILIZATION_LISBON, 1, 3, 6, 6, 6, 0, 0, 0, 10, 3, 126, 0, 3, 3, 5, 0, 6, 7
57, CIVILIZATION_LAHORE, 1, 6, 7, 6, 3, 0, 0, 0, 7, 4, 201, 0, 5, 4, 8, 0, 4, 14
57, CIVILIZATION_JOHANNESBURG, 1, 6, 7, 6, 6, 0, 0, 0, 7, 4, 72, 0, 4, 4, 5, 0, 2, 19
57, CIVILIZATION_FREE_CITIES, 0, 0, 0, 0, 0, 0, 0, 0, 0, 0, 0, 0, 0, 0, 0, 0, 0, 0
58, CIVILIZATION_SCOTLAND, 2, 6, 5, 7, 2, 0, 0, 0, 24, 2, 34, 29, 6, 15, 7, 4, 14, 19
58, CIVILIZATION_ZULU, 3, 7, 5, 5, 6, 0, 0, 0, 29, 6, 78, 83, 6, 5, 14, 2, 21, 19
58, CIVILIZATION_VIETNAM, 3, 8, 7, 5, 3, 0, 0, 0, 29, 4, 144, 23, 10, 5, 10, 0, 22, 26
58, CIVILIZATION_JAPAN, 2, 6, 6, 4, 3, 0, 0, 0, 22, 5, 229, 4, 6, 6, 14, 3, 16, 19
58, CIVILIZATION_PERSIA, 2, 9, 5, 5, 4, 0, 0, 0, 22, 3, 185, 4, 6, 7, 8, 0, 19, 28
58, CIVILIZATION_GAUL, 2, 6, 6, 3, 2, 0, 0, 0, 30, 5, 214, 215, 6, 5, 8, 14, 13, 19
58, CIVILIZATION_MUSCAT, 1, 4, 6, 5, 3, 0, 0, 0, 7, 1, 31, 0, 4, 4, 5, 0, 5, 11
58, CIVILIZATION_VATICAN_CITY, 1, 5, 6, 4, 4, 0, 0, 0, 7, 3, 111, 0, 4, 4, 4, 0, 2, 13
58, CIVILIZATION_JAKARTA, 1, 5, 6, 6, 5, 0, 0, 0, 10, 6, 191, 0, 4, 4, 5, 0, 4, 12
58, CIVILIZATION_HUNZA, 1, 6, 7, 6, 1, 0, 0, 0, 7, 2, 275, 0, 4, 4, 4, 0, 2, 16
58, CIVILIZATION_BOLOGNA, 1, 4, 7, 6, 5, 0, 0, 0, 9, 6, 94, 0, 4, 5, 5, 0, 5, 11
58, CIVILIZATION_VILNIUS, 1, 4, 6, 6, 5, 0, 0, 0, 7, 2, 177, 0, 4, 5, 6, 0, 3, 7
58, CIVILIZATION_LISBON, 1, 3, 7, 6, 6, 0, 0, 0, 10, 3, 130, 0, 3, 3, 5, 0, 6, 7
58, CIVILIZATION_LAHORE, 1, 6, 7, 6, 3, 0, 0, 0, 7, 4, 207, 0, 5, 4, 8, 0, 4, 14
58, CIVILIZATION_JOHANNESBURG, 1, 6, 7, 6, 6, 0, 0, 0, 7, 4, 77, 0, 4, 4, 5, 0, 2, 19
58, CIVILIZATION_FREE_CITIES, 0, 0, 0, 0, 0, 0, 0, 0, 0, 0, 0, 0, 0, 0, 0, 0, 0, 0
59, CIVILIZATION_SCOTLAND, 2, 6, 5, 7, 2, 0, 0, 0, 24, 2, 40, 38, 6, 15, 7, 10, 14, 19
59, CIVILIZATION_ZULU, 3, 8, 6, 5, 6, 0, 0, 0, 30, 7, 91, 85, 7, 5, 14, 2, 24, 20
59, CIVILIZATION_VIETNAM, 3, 8, 7, 5, 3, 0, 0, 0, 29, 5, 151, 23, 11, 6, 10, 0, 24, 26
59, CIVILIZATION_JAPAN, 2, 6, 6, 5, 3, 0, 0, 0, 22, 5, 242, 6, 6, 6, 13, 2, 19, 19
59, CIVILIZATION_PERSIA, 2, 9, 5, 5, 4, 0, 0, 0, 22, 3, 191, 4, 7, 8, 10, 0, 20, 29
59, CIVILIZATION_GAUL, 2, 6, 6, 3, 2, 0, 0, 0, 30, 6, 221, 229, 6, 5, 8, 14, 14, 19
59, CIVILIZATION_MUSCAT, 1, 4, 7, 5, 3, 0, 0, 0, 7, 1, 33, 0, 4, 4, 5, 0, 5, 11
59, CIVILIZATION_VATICAN_CITY, 1, 5, 6, 4, 4, 0, 0, 0, 7, 4, 114, 0, 4, 4, 4, 0, 2, 14
59, CIVILIZATION_JAKARTA, 1, 5, 6, 6, 5, 0, 0, 0, 10, 6, 194, 0, 4, 4, 5, 0, 4, 12
59, CIVILIZATION_HUNZA, 1, 6, 7, 6, 1, 0, 0, 0, 7, 2, 279, 0, 4, 4, 4, 0, 2, 16
59, CIVILIZATION_BOLOGNA, 1, 4, 7, 6, 5, 0, 0, 0, 9, 6, 98, 0, 4, 5, 5, 0, 5, 11
59, CIVILIZATION_VILNIUS, 1, 3, 7, 6, 5, 0, 0, 0, 7, 2, 183, 0, 3, 4, 6, 0, 3, 7
59, CIVILIZATION_LISBON, 1, 3, 7, 6, 6, 0, 0, 0, 10, 3, 134, 0, 3, 3, 5, 0, 6, 7
59, CIVILIZATION_LAHORE, 1, 6, 7, 6, 3, 0, 0, 0, 7, 4, 213, 0, 5, 4, 8, 0, 4, 14
59, CIVILIZATION_JOHANNESBURG, 1, 7, 7, 6, 6, 0, 0, 0, 7, 4, 83, 0, 4, 4, 5, 0, 2, 19
59, CIVILIZATION_FREE_CITIES, 0, 0, 0, 0, 0, 0, 0, 0, 0, 0, 0, 0, 0, 0, 0, 0, 0, 0
60, CIVILIZATION_SCOTLAND, 2, 6, 5, 7, 2, 0, 0, 0, 24, 2, 46, 48, 6, 15, 7, 10, 14, 19
60, CIVILIZATION_ZULU, 3, 8, 6, 5, 6, 0, 0, 0, 30, 7, 104, 87, 7, 5, 14, 2, 22, 22
60, CIVILIZATION_VIETNAM, 3, 8, 7, 5, 3, 0, 0, 0, 30, 5, 159, 23, 11, 6, 10, 0, 24, 26
60, CIVILIZATION_JAPAN, 2, 6, 6, 5, 3, 0, 0, 0, 22, 5, 253, 8, 6, 6, 13, 2, 19, 19
60, CIVILIZATION_PERSIA, 2, 9, 6, 5, 4, 0, 0, 0, 22, 3, 198, 4, 7, 8, 10, 0, 20, 29
60, CIVILIZATION_GAUL, 2, 6, 6, 3, 2, 0, 0, 0, 30, 6, 228, 243, 6, 5, 8, 14, 14, 19
60, CIVILIZATION_MUSCAT, 1, 4, 7, 5, 3, 0, 0, 0, 7, 1, 35, 0, 4, 4, 5, 0, 5, 10
60, CIVILIZATION_VATICAN_CITY, 1, 5, 6, 4, 4, 0, 0, 0, 7, 4, 117, 0, 4, 4, 4, 0, 2, 14
60, CIVILIZATION_JAKARTA, 1, 5, 6, 6, 4, 0, 0, 0, 10, 7, 198, 0, 4, 5, 6, 0, 5, 12
60, CIVILIZATION_HUNZA, 1, 6, 7, 6, 1, 0, 0, 0, 7, 2, 283, 0, 4, 4, 4, 0, 2, 16
60, CIVILIZATION_BOLOGNA, 1, 5, 7, 6, 5, 0, 0, 0, 9, 7, 104, 0, 4, 5, 7, 0, 7, 12
60, CIVILIZATION_VILNIUS, 1, 4, 7, 6, 5, 0, 0, 0, 7, 2, 189, 0, 4, 5, 6, 0, 3, 7
60, CIVILIZATION_LISBON, 1, 3, 7, 6, 6, 0, 0, 0, 10, 4, 138, 0, 3, 3, 5, 0, 6, 7
60, CIVILIZATION_LAHORE, 1, 6, 7, 6, 3, 0, 0, 0, 7, 4, 219, 0, 5, 4, 8, 0, 4, 14
60, CIVILIZATION_JOHANNESBURG, 1, 7, 7, 6, 6, 0, 0, 0, 7, 4, 89, 0, 4, 4, 5, 0, 2, 19
60, CIVILIZATION_FREE_CITIES, 0, 0, 0, 0, 0, 0, 0, 0, 0, 0, 0, 0, 0, 0, 0, 0, 0, 0
61, CIVILIZATION_SCOTLAND, 2, 7, 6, 7, 2, 0, 0, 0, 24, 2, 52, 58, 7, 18, 7, 10, 15, 21