Game Turn, Attacking Civ, DefendingCiv, AttackerObjType, DefenderObjType, Attacker Type, Defender Type, AttackerID, DefenderID, AttackerStr, DefenderStr, AttackerStrMod, DefenderStrMod, AttackerDmg, DefenderDmg
5, 4, 63, 1:1, 131073:196610, UNIT_WARRIOR, UNIT_SPEARMAN, 20, 25, 5, 11, 49, 21
5, 12, 63, 1:1, 131073:458758, UNIT_WARRIOR, UNIT_SPEARMAN, 20, 25, 5, 6, 34, 21
6, 4, 63, 1:1, 131073:196610, UNIT_WARRIOR, UNIT_SPEARMAN, 20, 25, 0, 9, 55, 19
6, 12, 63, 1:1, 196610:458758, UNIT_WARRIOR, UNIT_SPEARMAN, 20, 25, 5, 4, 33, 26
7, 12, 63, 1:1, 196610:458758, UNIT_WARRIOR, UNIT_SPEARMAN, 20, 25, 2, 1, 31, 21
8, 12, 63, 1:1, 131073:458758, UNIT_WARRIOR, UNIT_SPEARMAN, 20, 25, 2, -1, 34, 24
9, 7, 63, 1:1, 131073:131073, UNIT_WARRIOR, UNIT_SCOUT, 20, 10, 0, 3, 23, 41
10, 8, 63, 1:1, 196610:1638424, UNIT_WARRIOR, UNIT_SCOUT, 20, 10, 0, 0, 21, 50
11, 0, 63, 1:1, 131073:983054, UNIT_WARRIOR, UNIT_SPEARMAN, 20, 25, 5, 12, 54, 17
12, 2, 63, 1:1, 131073:1441813, UNIT_WARRIOR, UNIT_SPEARMAN, 20, 25, 10, 9, 41, 30
12, 8, 63, 1:1, 196610:1572887, UNIT_WARRIOR, UNIT_SPEARMAN, 20, 25, 3, 9, 46, 20
12, 12, 63, 1:1, 131073:458758, UNIT_WARRIOR, UNIT_SPEARMAN, 20, 25, 0, -3, 27, 29
12, 63, 10, 1:1, 1966109:196610, UNIT_SPEARMAN, UNIT_WARRIOR, 25, 20, 0, 5, 24, 34
12, 63, 8, 1:1, 1572887:196610, UNIT_SPEARMAN, UNIT_WARRIOR, 25, 20, -2, -2, 22, 36
13, 1, 63, 1:1, 131073:1310739, UNIT_WARRIOR, UNIT_SCOUT, 20, 10, 0, 0, 24, 52
13, 2, 63, 1:1, 131073:1441813, UNIT_WARRIOR, UNIT_SPEARMAN, 20, 25, 6, 6, 36, 29
13, 6, 63, 1:1, 196610:1769498, UNIT_WARRIOR, UNIT_SPEARMAN, 20, 25, 5, 9, 41, 17
13, 10, 63, 1:1, 196610:2031646, UNIT_WARRIOR, UNIT_SCOUT, 20, 10, -3, 3, 24, 28
13, 63, 0, 1:1, 2162720:131073, UNIT_WARRIOR, UNIT_WARRIOR, 20, 20, 0, 1, 32, 26
13, 63, 0, 1:1, 983054:131073, UNIT_SPEARMAN, UNIT_WARRIOR, 25, 20, -2, 3, 24, 24
13, 63, 10, 1:1, 1966109:196610, UNIT_SPEARMAN, UNIT_WARRIOR, 25, 20, -2, -1, 31, 34
14, 6, 63, 1:1, 196610:1769498, UNIT_WARRIOR, UNIT_SPEARMAN, 20, 25, 1, 7, 45, 17
14, 63, 6, 1:1, 1769498:196610, UNIT_SPEARMAN, UNIT_WARRIOR, 25, 20, -3, -6, 26, 40
15, 10, 63, 1:1, 131073:2031646, UNIT_WARRIOR, UNIT_SCOUT, 20, 10, 0, -3, 19, 41
16, 1, 63, 1:1, 131073:1310739, UNIT_WARRIOR, UNIT_SCOUT, 20, 10, -2, 1, 21, 43
16, 9, 63, 1:1, 196610:131073, UNIT_WARRIOR, UNIT_SCOUT, 20, 10, 0, -4, 16, 47
17, 1, 63, 1:1, 131073:1310739, UNIT_WARRIOR, UNIT_SCOUT, 20, 10, 1, 0, 16, 46
17, 10, 63, 1:1, 131073:2031646, UNIT_WARRIOR, UNIT_SCOUT, 20, 10, -2, 2, 28, 37
18, 9, 63, 1:1, 196610:2752552, UNIT_WARRIOR, UNIT_SCOUT, 20, 10, -2, 0, 19, 43
18, 10, 63, 1:1, 131073:1966109, UNIT_WARRIOR, UNIT_SPEARMAN, 20, 25, 0, 4, 48, 20
19, 6, 63, 1:1, 131073:1769498, UNIT_WARRIOR, UNIT_SPEARMAN, 20, 25, 5, 3, 33, 28
20, 2, 63, 1:1, 131073:1441813, UNIT_WARRIOR, UNIT_SPEARMAN, 20, 25, 10, 3, 26, 37
20, 4, 63, 1:1, 262145:1376276, UNIT_SLINGER, UNIT_WARRIOR, 15, 20, 5, 3, 0, 28
20, 4, 63, 1:1, 196608:1376276, UNIT_SCOUT, UNIT_WARRIOR, 10, 20, 5, 0, 31, 28
20, 6, 63, 1:1, 131073:1769498, UNIT_WARRIOR, UNIT_SPEARMAN, 20, 25, 2, 0, 39, 23
20, 63, 6, 1:1, 1835035:131073, UNIT_SCOUT, UNIT_WARRIOR, 10, 20, 0, -4, 31, 21
20, 63, 8, 1:3, 917517:65536, UNIT_GALLEY, UNKNOWN, 30, 15, 0, 6, 19, 50
21, 4, 63, 1:1, 262145:1376276, UNIT_SLINGER, UNIT_WARRIOR, 15, 20, 5, -3, 0, 29
21, 4, 63, 1:1, 196608:1376276, UNIT_SCOUT, UNIT_WARRIOR, 10, 20, 2, -5, 31, 22
22, 0, 63, 1:1, 262145:2555941, UNIT_WARRIOR, UNIT_SLINGER, 20, 5, 5, 0, 14, 66
22, 4, 63, 1:1, 262145:1703961, UNIT_SLINGER, UNIT_WARRIOR, 15, 20, 5, 3, 0, 30
22, 4, 63, 1:1, 196608:1703961, UNIT_SCOUT, UNIT_WARRIOR, 10, 20, -1, 0, 39, 17
22, 9, 63, 1:1, 131073:2687015, UNIT_WARRIOR, UNIT_SPEARMAN, 20, 25, 5, 9, 47, 20
22, 9, 63, 1:1, 196610:2687015, UNIT_WARRIOR, UNIT_SPEARMAN, 20, 25, 4, 7, 40, 22
22, 10, 63, 1:1, 196610:3080234, UNIT_WARRIOR, UNIT_SCOUT, 20, 10, -5, 3, 31, 38
23, 4, 63, 1:1, 262145:2097183, UNIT_SLINGER, UNIT_SLINGER, 15, 5, 5, 0, 0, 61
23, 9, 63, 1:1, 131073:2687015, UNIT_WARRIOR, UNIT_SPEARMAN, 20, 25, 0, 5, 46, 19
23, 63, 0, 1:1, 2555941:262145, UNIT_SLINGER, UNIT_WARRIOR, 15, 20, -7, 4, 0, 14
23, 63, 0, 1:1, 2162720:262145, UNIT_WARRIOR, UNIT_WARRIOR, 20, 20, -3, 2, 36, 19
23, 63, 2, 1:1, 3276844:131073, UNIT_SLINGER, UNIT_WARRIOR, 15, 20, 0, 12, 0, 18
23, 63, 2, 1:1, 1441813:131073, UNIT_SPEARMAN, UNIT_WARRIOR, 25, 20, -10, 15, 75, 15
24, 1, 63, 1:1, 131073:65536, UNIT_WARRIOR, UNIT_SPEARMAN, 20, 25, 17, 6, 23, 43
24, 2, 63, 1:1, 131073:3276844, UNIT_WARRIOR, UNIT_SLINGER, 20, 5, 12, 6, 14, 60
24, 3, 63, 1:1, 131073:1835035, UNIT_WARRIOR, UNIT_SCOUT, 20, 10, 0, 0, 23, 35
24, 4, 63, 1:1, 262145:2097183, UNIT_SLINGER, UNIT_SLINGER, 15, 5, 5, -6, 0, 70
24, 63, 2, 1:1, 3276844:131073, UNIT_SLINGER, UNIT_WARRIOR, 15, 20, -6, 7, 0, 15
25, 1, 63, 1:1, 131073:65536, UNIT_WARRIOR, UNIT_SPEARMAN, 20, 25, 15, 2, 22, 40
25, 3, 63, 1:1, 131073:1835035, UNIT_WARRIOR, UNIT_SCOUT, 20, 10, -2, -4, 20, 54
25, 63, 2, 1:1, 3276844:131073, UNIT_SLINGER, UNIT_WARRIOR, 15, 20, -6, 6, 0, 17
25, 63, 14, 1:1, 2490404:131073, UNIT_WARRIOR, UNIT_WARRIOR, 20, 20, 0, 0, 34, 34
26, 1, 63, 1:1, 131073:65536, UNIT_WARRIOR, UNIT_SPEARMAN, 20, 25, 13, -2, 23, 45
26, 9, 63, 1:1, 196610:2687015, UNIT_WARRIOR, UNIT_SPEARMAN, 20, 25, 1, 3, 41, 22
26, 63, 2, 1:1, 3276844:131073, UNIT_SLINGER, UNIT_WARRIOR, 15, 20, -6, -4, 0, 20
26, 63, 10, 1:1, 3670064:196610, UNIT_WARRIOR, UNIT_WARRIOR, 20, 20, 0, -1, 26, 34
26, 63, 14, 1:1, 2490404:131073, UNIT_WARRIOR, UNIT_WARRIOR, 20, 20, -3, 0, 38, 23
27, 2, 63, 1:1, 262146:2949139, UNIT_SLINGER, UNIT_WARRIOR, 15, 20, 15, 3, 0, 37
27, 14, 63, 1:1, 196610:262147, UNIT_WARRIOR, UNIT_SCOUT, 20, 10, 0, 0, 22, 40
27, 63, 14, 1:1, 2490404:131073, UNIT_WARRIOR, UNIT_WARRIOR, 20, 20, -7, 1, 46, 19
28, 8, 63, 1:1, 327680:3407918, UNIT_WARRIOR, UNIT_WARRIOR, 20, 20, 0, 0, 34, 29
28, 10, 63, 1:1, 196610:3670064, UNIT_WARRIOR, UNIT_WARRIOR, 20, 20, 3, -3, 22, 34
28, 63, 2, 1:1, 3145748:458756, UNIT_WARRIOR, UNIT_WARRIOR, 20, 20, 0, 18, 57, 15
28, 63, 10, 1:1, 3670064:196610, UNIT_WARRIOR, UNIT_WARRIOR, 20, 20, -6, -6, 32, 32
28, 63, 10, 1:1, 1966109:196610, UNIT_SPEARMAN, UNIT_WARRIOR, 25, 20, -7, -5, 24, 27
29, 2, 63, 1:1, 458756:2949139, UNIT_WARRIOR, UNIT_WARRIOR, 20, 20, 14, -1, 20, 50
29, 8, 63, 1:1, 327680:3407918, UNIT_WARRIOR, UNIT_WARRIOR, 20, 20, -3, -3, 29, 33
29, 63, 10, 1:1, 3670064:131073, UNIT_WARRIOR, UNIT_WARRIOR, 20, 20, -9, -1, 38, 19
30, 1, 63, 1:1, 458754:3211307, UNIT_SLINGER, UNIT_SCOUT, 15, 10, 5, 0, 0, 46
30, 2, 63, 1:1, 458756:1179665, UNIT_WARRIOR, UNIT_SCOUT, 20, 10, 2, 0, 18, 45
30, 8, 63, 1:1, 131073:3407918, UNIT_WARRIOR, UNIT_WARRIOR, 20, 20, 0, -8, 21, 36
30, 8, 63, 1:1, 327680:3407918, UNIT_WARRIOR, UNIT_WARRIOR, 20, 20, -6, -12, 26, 33
30, 63, 4, 1:1, 3866674:393216, UNIT_SLINGER, UNIT_WARRIOR, 15, 20, 0, 5, 0, 23
31, 2, 63, 1:1, 262146:2949139, UNIT_SLINGER, UNIT_WARRIOR, 15, 20, 15, -6, 0, 61
31, 4, 63, 1:1, 393216:3866674, UNIT_WARRIOR, UNIT_SLINGER, 20, 5, 3, 0, 13, 64
31, 12, 63, 1:1, 131073:3604527, UNIT_WARRIOR, UNIT_SCOUT, 20, 10, 0, 0, 18, 37
31, 63, 4, 1:1, 3866674:393216, UNIT_SLINGER, UNIT_WARRIOR, 15, 20, -6, 1, 0, 19
31, 63, 4, 1:1, 4063268:393216, UNIT_WARRIOR, UNIT_WARRIOR, 20, 20, 0, 0, 29, 24
32, 1, 63, 1:1, 524293:2752552, UNIT_WARRIOR, UNIT_SCOUT, 20, 10, 5, -4, 15, 51
32, 9, 63, 1:1, 131073:131073, UNIT_WARRIOR, UNIT_SCOUT, 20, 10, -4, -9, 14, 56
32, 10, 63, 1:1, 131073:1966109, UNIT_WARRIOR, UNIT_SPEARMAN, 20, 25, 12, -1, 23, 41
32, 63, 0, 1:1, 2555941:262145, UNIT_SLINGER, UNIT_WARRIOR, 15, 20, -2, 5, 0, 19
32, 63, 10, 1:3, 3080234:65536, UNIT_SCOUT, UNKNOWN, 10, 15, -4, 6, 43, 19
32, 63, 4, 1:1, 3866674:262145, UNIT_SLINGER, UNIT_SLINGER, 15, 5, -6, 5, 0, 32
32, 63, 4, 1:1, 4063268:458755, UNIT_WARRIOR, UNIT_SCOUT, 20, 10, -3, 5, 25, 37
33, 0, 63, 1:1, 262145:2555941, UNIT_WARRIOR, UNIT_SLINGER, 20, 5, 5, -2, 11, 71
33, 2, 63, 1:1, 458756:1179665, UNIT_WARRIOR, UNIT_SCOUT, 20, 10, 0, -1, 21, 51
33, 4, 63, 1:1, 262145:4063268, UNIT_SLINGER, UNIT_WARRIOR, 15, 20, 7, -5, 0, 41
33, 4, 63, 1:1, 393216:4063268, UNIT_WARRIOR, UNIT_WARRIOR, 20, 20, 10, -9, 11, 54
33, 63, 2, 1:1, 3473429:524291, UNIT_SLINGER, UNIT_ARCHER, 15, 15, 0, 8, 0, 26
33, 63, 10, 1:3, 3080234:65536, UNIT_SCOUT, UNKNOWN, 10, 15, -8, 6, 55, 13
33, 63, 4, 1:1, 4259886:262145, UNIT_WARRIOR, UNIT_SLINGER, 20, 5, 0, 2, 21, 55
33, 63, 4, 1:1, 1703961:262145, UNIT_WARRIOR, UNIT_SLINGER, 20, 5, -5, -4, 20, 52
34, 0, 63, 1:1, 262145:2555941, UNIT_WARRIOR, UNIT_SLINGER, 20, 5, 4, -9, 9, 84
34, 2, 63, 1:1, 524291:3473429, UNIT_ARCHER, UNIT_SLINGER, 25, 5, 2, 0, 0, 84
34, 4, 63, 1:1, 393216:1703961, UNIT_WARRIOR, UNIT_WARRIOR, 20, 20, 9, -7, 16, 54
34, 8, 63, 1:1, 131073:1572887, UNIT_WARRIOR, UNIT_SPEARMAN, 20, 25, 3, 5, 39, 25
34, 12, 63, 1:1, 196610:524295, UNIT_WARRIOR, UNIT_SCOUT, 20, 10, 0, 0, 22, 37
34, 63, 12, 1:1, 524295:196610, UNIT_SCOUT, UNIT_WARRIOR, 10, 20, -4, 1, 47, 19
34, 63, 2, 1:1, 1507350:458756, UNIT_SCOUT, UNIT_WARRIOR, 10, 20, 0, 1, 44, 16
34, 63, 4, 1:1, 4259886:458755, UNIT_WARRIOR, UNIT_SCOUT, 20, 10, -2, 1, 25, 41
34, 63, 4, 1:1, 3866674:393216, UNIT_SLINGER, UNIT_WARRIOR, 15, 20, -6, 0, 0, 21
35, 1, 63, 1:1, 524293:2687015, UNIT_WARRIOR, UNIT_SPEARMAN, 20, 25, 9, 1, 28, 33
35, 2, 63, 1:1, 524291:3473429, UNIT_ARCHER, UNIT_SLINGER, 25, 5, 12, -5, 0, 100
35, 2, 63, 1:1, 458756:1507350, UNIT_WARRIOR, UNIT_SCOUT, 20, 10, 1, -1, 20, 55
35, 12, 63, 1:1, 196610:524295, UNIT_WARRIOR, UNIT_SCOUT, 20, 10, -4, -8, 19, 49
35, 63, 0, 1:1, 4194356:262145, UNIT_SLINGER, UNIT_WARRIOR, 15, 20, 0, 3, 0, 22
35, 63, 4, 1:1, 3866674:393216, UNIT_SLINGER, UNIT_WARRIOR, 15, 20, -6, -2, 0, 17
36, 0, 63, 1:1, 262145:4194356, UNIT_WARRIOR, UNIT_SLINGER, 20, 5, 0, -2, 18, 67
36, 1, 63, 1:1, 524293:2752552, UNIT_WARRIOR, UNIT_SCOUT, 20, 10, 1, -1, 21, 54
36, 2, 63, 1:1, 524291:1507350, UNIT_ARCHER, UNIT_SCOUT, 25, 10, 12, -7, 0, 100
36, 63, 0, 1:1, 4194356:262145, UNIT_SLINGER, UNIT_WARRIOR, 15, 20, -7, -1, 0, 21
36, 63, 1, 1:1, 196610:393220, UNIT_SPEARMAN, UNIT_SCOUT, 25, 10, -4, 10, 33, 36
37, 0, 63, 1:1, 262145:2162720, UNIT_WARRIOR, UNIT_WARRIOR, 20, 20, -3, -4, 30, 31
37, 2, 63, 1:1, 589828:3145748, UNIT_ARCHER, UNIT_WARRIOR, 25, 20, 10, -3, 0, 68
37, 8, 63, 1:1, 327680:1572887, UNIT_WARRIOR, UNIT_SPEARMAN, 20, 25, 1, 2, 34, 25
38, 2, 63, 1:1, 524291:4653081, UNIT_ARCHER, UNIT_SCOUT, 25, 10, 2, 0, 0, 63
39, 1, 63, 1:1, 458754:4849685, UNIT_SLINGER, UNIT_SLINGER, 15, 5, 5, 0, 0, 61
39, 2, 63, 1:1, 589828:3276844, UNIT_ARCHER, UNIT_SLINGER, 25, 5, 10, -3, 0, 100
39, 2, 63, 1:1, 196608:4587557, UNIT_SCOUT, UNIT_SPEARMAN, 10, 25, 5, 0, 38, 20
39, 8, 63, 1:1, 131073:1572887, UNIT_WARRIOR, UNIT_SPEARMAN, 20, 25, 1, 0, 32, 21
39, 63, 8, 1:1, 5046294:131073, UNIT_WARRIOR, UNIT_WARRIOR, 20, 20, 0, -4, 25, 39
39, 63, 1, 1:1, 4849685:458754, UNIT_SLINGER, UNIT_SLINGER, 15, 5, -6, 5, 0, 29
39, 63, 2, 1:1, 4587557:196608, UNIT_SPEARMAN, UNIT_SCOUT, 25, 10, -2, 1, 19, 55
40, 1, 63, 1:1, 327683:262147, UNIT_SCOUT, UNIT_SCOUT, 10, 10, 5, 2, 29, 35
40, 2, 63, 1:1, 524291:4587557, UNIT_ARCHER, UNIT_SPEARMAN, 25, 25, 2, -4, 0, 45
40, 8, 63, 1:1, 327680:5046294, UNIT_WARRIOR, UNIT_WARRIOR, 20, 20, 5, 1, 26, 34
40, 9, 63, 1:1, 196610:3211307, UNIT_WARRIOR, UNIT_SCOUT, 20, 10, 0, -5, 17, 51
40, 63, 8, 1:1, 5046294:327680, UNIT_WARRIOR, UNIT_WARRIOR, 20, 20, -6, -4, 25, 28
40, 63, 1, 1:1, 4849685:131073, UNIT_SLINGER, UNIT_WARRIOR, 15, 20, -6, 2, 0, 18
40, 63, 1, 1:1, 1245202:131073, UNIT_SPEARMAN, UNIT_WARRIOR, 25, 20, 0, 5, 28, 28
41, 1, 63, 1:1, 327683:262147, UNIT_SCOUT, UNIT_SCOUT, 10, 10, 2, -4, 21, 34
41, 1, 63, 1:1, 131073:1245202, UNIT_WARRIOR, UNIT_SPEARMAN, 20, 25, 10, -3, 20, 43
41, 9, 63, 1:1, 196610:3211307, UNIT_WARRIOR, UNIT_SCOUT, 20, 10, -2, -12, 12, 76
41, 63, 0, 1:3, 4194356:65536, UNIT_SLINGER, UNKNOWN, 15, 10, -24, 16, 0, 8
41, 63, 8, 1:1, 5046294:327680, UNIT_WARRIOR, UNIT_WARRIOR, 20, 20, -8, -4, 34, 25
41, 63, 1, 1:1, 4849685:131073, UNIT_SLINGER, UNIT_WARRIOR, 15, 20, -6, -4, 0, 18
42, 1, 63, 1:1, 458754:3014682, UNIT_SLINGER, UNIT_SLINGER, 15, 5, 2, -2, 0, 54
42, 1, 63, 1:1, 393220:196610, UNIT_SCOUT, UNIT_SPEARMAN, 10, 25, 5, 4, 50, 16
42, 2, 63, 1:1, 524291:4587557, UNIT_ARCHER, UNIT_SPEARMAN, 25, 25, 7, -5, 0, 51
42, 63, 4, 1:3, 4718634:65536, UNIT_WARRIOR, UNKNOWN, 20, 10, 0, 11, 26, 31
42, 63, 4, 1:3, 4915240:65536, UNIT_WARRIOR, UNKNOWN, 20, 10, 0, 10, 29, 32
42, 63, 0, 1:3, 4194356:65536, UNIT_SLINGER, UNKNOWN, 15, 10, -24, 16, 0, 7
43, 1, 63, 1:1, 196608:2293794, UNIT_SCOUT, UNIT_SCOUT, 10, 10, 5, 0, 26, 32
43, 63, 4, 1:3, 4718634:65536, UNIT_WARRIOR, UNKNOWN, 20, 10, -3, 11, 38, 23
43, 63, 4, 1:3, 4915240:65536, UNIT_WARRIOR, UNKNOWN, 20, 10, -3, 10, 28, 23
43, 63, 0, 1:3, 4194356:65536, UNIT_SLINGER, UNKNOWN, 15, 10, -24, 16, 0, 7
43, 63, 1, 1:1, 4849685:524293, UNIT_SLINGER, UNIT_WARRIOR, 15, 20, -6, 5, 0, 17
44, 1, 63, 1:1, 458754:3014682, UNIT_SLINGER, UNIT_SLINGER, 15, 5, 2, -7, 0, 56
44, 1, 63, 1:1, 524293:4849685, UNIT_WARRIOR, UNIT_SLINGER, 20, 5, 10, -6, 9, 97
44, 63, 4, 1:3, 4915240:65536, UNIT_WARRIOR, UNKNOWN, 20, 10, -6, 12, 46, 20
44, 63, 0, 1:3, 4194356:65536, UNIT_SLINGER, UNKNOWN, 15, 10, -24, 16, 0, 8
45, 1, 63, 1:1, 196608:3866674, UNIT_SCOUT, UNIT_SLINGER, 10, 5, 2, -6, 19, 46
45, 63, 0, 1:3, 4194356:65536, UNIT_SLINGER, UNKNOWN, 15, 10, -24, 16, 0, 6
45, 63, 5, 1:1, 5636139:262146, UNIT_SLINGER, UNIT_SCOUT, 15, 10, 0, 3, 0, 37
45, 63, 5, 1:1, 5308439:262146, UNIT_WARRIOR, UNIT_SCOUT, 20, 10, 0, -1, 21, 41
46, 1, 63, 1:1, 524293:5898266, UNIT_WARRIOR, UNIT_SCOUT, 20, 10, 2, 0, 15, 48
46, 63, 4, 1:3, 4456477:65536, UNIT_SLINGER, UNKNOWN, 15, 10, -17, 13, 0, 11
47, 1, 63, 1:1, 524293:1245202, UNIT_WARRIOR, UNIT_SPEARMAN, 20, 25, 13, -1, 24, 36
47, 3, 63, 1:1, 131073:5308439, UNIT_WARRIOR, UNIT_WARRIOR, 20, 20, 5, -2, 23, 34
47, 4, 63, 1:1, 393216:4456477, UNIT_WARRIOR, UNIT_SLINGER, 20, 5, 12, 0, 11, 80
47, 11, 63, 1:1, 458757:3801137, UNIT_ARCHER, UNIT_SCOUT, 25, 10, 0, 6, 0, 34
47, 63, 3, 1:1, 5111815:131073, UNIT_WARRIOR, UNIT_WARRIOR, 20, 20, 0, 3, 32, 28
47, 63, 1, 1:1, 5898266:524293, UNIT_SCOUT, UNIT_WARRIOR, 10, 20, -5, 5, 69, 12
48, 3, 63, 1:1, 327682:5308439, UNIT_SLINGER, UNIT_WARRIOR, 15, 20, 5, -5, 0, 42
48, 3, 63, 1:1, 131073:5111815, UNIT_WARRIOR, UNIT_WARRIOR, 20, 20, 0, -3, 27, 27
48, 63, 4, 1:1, 4718634:458755, UNIT_WARRIOR, UNIT_SCOUT, 20, 10, -6, 2, 32, 35
48, 63, 5, 1:1, 5636139:262146, UNIT_SLINGER, UNIT_SCOUT, 15, 10, 0, 6, 0, 25
49, 0, 63, 1:1, 327682:4194356, UNIT_WARRIOR, UNIT_SLINGER, 20, 5, 5, -2, 11, 65
49, 3, 63, 1:1, 327682:5308439, UNIT_SLINGER, UNIT_WARRIOR, 15, 20, 5, -10, 0, 35
49, 3, 63, 1:1, 131073:5111815, UNIT_WARRIOR, UNIT_WARRIOR, 20, 20, -3, -6, 28, 38
49, 4, 63, 1:1, 393216:4259886, UNIT_WARRIOR, UNIT_WARRIOR, 20, 20, 11, 0, 23, 41
49, 4, 63, 1:1, 458755:4718634, UNIT_SCOUT, UNIT_WARRIOR, 10, 20, -1, -10, 32, 31
49, 5, 63, 1:1, 131073:5374006, UNIT_WARRIOR, UNIT_WARRIOR, 20, 20, 5, 3, 24, 27
49, 63, 5, 1:1, 5374006:131073, UNIT_WARRIOR, UNIT_WARRIOR, 20, 20, -3, 6, 46, 21
50, 3, 63, 1:1, 327682:5636139, UNIT_SLINGER, UNIT_SLINGER, 15, 5, 5, 0, 0, 63
50, 4, 63, 1:1, 393216:4259886, UNIT_WARRIOR, UNIT_WARRIOR, 20, 20, 9, -1, 21, 38
50, 4, 63, 1:1, 458755:4456477, UNIT_SCOUT, UNIT_SLINGER, 10, 5, -4, -5, 22, 19
50, 5, 63, 1:1, 131073:5374006, UNIT_WARRIOR, UNIT_WARRIOR, 20, 20, 1, -4, 22, 36
50, 63, 4, 1:3, 4456477:65536, UNIT_SLINGER, UNKNOWN, 15, 10, -27, 13, 0, 6
50, 63, 0, 1:3, 2424867:65536, UNIT_WARRIOR, UNKNOWN, 20, 25, 0, 11, 56, 18
51, 3, 63, 1:1, 327682:5636139, UNIT_SLINGER, UNIT_SLINGER, 15, 5, 5, -6, 0, 69
51, 4, 63, 1:1, 393216:4259886, UNIT_WARRIOR, UNIT_WARRIOR, 20, 20, 7, -8, 18, 56
51, 63, 0, 1:3, 4784167:65536, UNIT_WARRIOR, UNKNOWN, 20, 25, 0, 11, 65, 13
52, 0, 63, 1:1, 524292:917517, UNIT_PHOENICIA_BIREME, UNIT_GALLEY, 35, 30, 5, -2, 21, 43
52, 3, 63, 1:1, 327682:5111815, UNIT_SLINGER, UNIT_WARRIOR, 15, 20, 5, -10, 0, 41
53, 0, 63, 1:1, 524292:917517, UNIT_PHOENICIA_BIREME, UNIT_GALLEY, 35, 30, 3, -1, 24, 39
53, 11, 63, 1:1, 458757:3801137, UNIT_ARCHER, UNIT_SCOUT, 25, 10, 0, 3, 0, 55
53, 63, 14, 1:1, 196610:131073, UNIT_SPEARMAN, UNIT_WARRIOR, 25, 20, -9, 10, 51, 15
54, 14, 63, 1:1, 131073:6357038, UNIT_WARRIOR, UNIT_WARRIOR, 20, 20, -1, 0, 31, 31
54, 63, 14, 1:1, 6357038:131073, UNIT_WARRIOR, UNIT_WARRIOR, 20, 20, -3, -5, 23, 25
55, 5, 63, 1:1, 393220:655369, UNIT_SLINGER, UNIT_SCOUT, 15, 10, 5, 0, 0, 40
55, 63, 0, 1:1, 917517:524292, UNIT_GALLEY, UNIT_PHOENICIA_BIREME, 30, 35, -5, 1, 39, 22
55, 63, 14, 1:1, 6357038:131073, UNIT_WARRIOR, UNIT_WARRIOR, 20, 20, -5, -2, 38, 29
56, 14, 63, 1:1, 131073:6357038, UNIT_WARRIOR, UNIT_WARRIOR, 20, 20, 3, -9, 17, 42
57, 1, 63, 1:1, 851969:1638424, UNIT_HEAVY_CHARIOT, UNIT_SCOUT, 28, 10, 5, -5, 9, 99
57, 4, 63, 1:1, 786437:4456477, UNIT_WARRIOR, UNIT_SLINGER, 20, 5, 5, -10, 8, 100
57, 5, 63, 1:1, 458752:2621478, UNIT_WARRIOR, UNIT_SLINGER, 20, 5, 5, 0, 12, 55
57, 5, 63, 1:1, 393220:2621478, UNIT_SLINGER, UNIT_SLINGER, 15, 5, 5, -5, 0, 62
57, 63, 5, 1:1, 5963826:393220, UNIT_WARRIOR, UNIT_SLINGER, 20, 5, 0, 5, 20, 41
57, 63, 5, 1:1, 6291510:393220, UNIT_WARRIOR, UNIT_SLINGER, 20, 5, 0, 1, 15, 55
58, 5, 63, 1:1, 393220:6553600, UNIT_SLINGER, UNIT_SLINGER, 15, 5, -5, 3, 0, 32
58, 5, 63, 1:1, 131073:6291510, UNIT_WARRIOR, UNIT_WARRIOR, 20, 20, 12, -3, 16, 44
58, 5, 63, 1:1, 458752:6291510, UNIT_WARRIOR, UNIT_WARRIOR, 20, 20, 4, -8, 20, 43
58, 63, 5, 1:1, 6094874:131073, UNIT_WARRIOR, UNIT_WARRIOR, 20, 20, 0, 3, 31, 23
58, 63, 5, 1:1, 5963826:458752, UNIT_WARRIOR, UNIT_WARRIOR, 20, 20, -2, 0, 29, 22
58, 63, 5, 1:1, 6553600:458752, UNIT_SLINGER, UNIT_WARRIOR, 15, 20, -3, -2, 0, 20
58, 63, 3, 1:1, 6815790:655360, UNIT_WARRIOR, UNIT_WARRIOR, 20, 20, 0, 5, 41, 22
59, 3, 63, 1:1, 524291:3604527, UNIT_WARRIOR, UNIT_SCOUT, 20, 10, 5, 2, 16, 56
59, 3, 63, 1:1, 655360:6815790, UNIT_WARRIOR, UNIT_WARRIOR, 20, 20, 3, -1, 28, 29
59, 5, 63, 1:1, 458752:6553600, UNIT_WARRIOR, UNIT_SLINGER, 20, 5, -2, 0, 15, 39
59, 63, 5, 1:1, 6094874:458752, UNIT_WARRIOR, UNIT_WARRIOR, 20, 20, -3, -6, 30, 33
59, 63, 3, 1:1, 6815790:327682, UNIT_WARRIOR, UNIT_SLINGER, 20, 5, -7, 11, 38, 21
60, 5, 63, 1:1, 393220:6553600, UNIT_SLINGER, UNIT_SLINGER, 15, 5, 7, -4, 0, 60
60, 63, 3, 1:1, 3538975:327682, UNIT_SPEARMAN, UNIT_SLINGER, 25, 5, 0, 9, 16, 51
