Game Turn, City, Production Added, Current Item, Current Production, Production Needed, Overflow
2, LOC_CITY_NAME_TYRE, 6.0, UNIT_SCOUT, 6.0, 30, 0.0
2, LOC_CITY_HA_NOI, 4.8, UNIT_SCOUT, 4.8, 30, 0.0
2, LOC_CITY_NAME_AMSTERDAM, 7.2, UNIT_SCOUT, 7.2, 30, 0.0
2, LOC_CITY_NAME_RA_KEDET, 6.0, UNIT_SCOUT, 6.0, 30, 0.0
2, LOC_CITY_NAME_MBANZA_KONGO, 4.8, UNIT_SCOUT, 4.8, 30, 0.0
2, LOC_CITY_NAME_NAZCA, 2.0, BUILDING_MONUMENT, 2.0, 60, 0.0
2, LOC_CITY_NAME_HUNZA, 2.5, BUILDING_MONUMENT, 2.5, 60, 0.0
2, LOC_CITY_NAME_CHINGUETTI, 4.5, UNIT_SLINGER, 4.5, 35, 0.0
2, LOC_CITY_NAME_NGAZARGAMU, 3.0, BUILDING_MONUMENT, 3.0, 60, 0.0
2, LOC_CITY_NAME_ANTIOCH, 2.0, BUILDING_MONUMENT, 2.0, 60, 0.0
2, LOC_CITY_NAME_YEREVAN, 2.5, BUILDING_MONUMENT, 2.5, 60, 0.0
2, LOC_CITY_NAME_VATICAN_CITY, 3.0, BUILDING_MONUMENT, 3.0, 60, 0.0
2, LOC_CITY_NAME_LISBON, 3.0, BUILDING_MONUMENT, 3.0, 60, 0.0
2, LOC_CITY_NAME_JOHANNESBURG, 3.0, BUILDING_MONUMENT, 3.0, 60, 0.0
3, LOC_CITY_NAME_ATHENS, 8.4, UNIT_SCOUT, 8.4, 30, 0.0
3, LOC_CITY_HA_NOI, 4.8, UNIT_SCOUT, 9.6, 30, 0.0
3, LOC_CITY_NAME_RA_KEDET, 6.0, UNIT_SCOUT, 12.0, 30, 0.0
3, LOC_CITY_NAME_NGAZARGAMU, 3.0, BUILDING_MONUMENT, 6.0, 60, 0.0
4, LOC_CITY_NAME_TYRE, 12.0, UNIT_BUILDER, 12.0, 50, 0.0
4, LOC_CITY_NAME_ATHENS, 8.4, UNIT_SCOUT, 16.8, 30, 0.0
4, LOC_CITY_HA_NOI, 4.8, UNIT_SCOUT, 14.4, 30, 0.0
4, LOC_CITY_NAME_AMSTERDAM, 14.4, UNIT_BUILDER, 14.4, 50, 0.0
4, LOC_CITY_NAME_RA_KEDET, 6.0, UNIT_SCOUT, 18.0, 30, 0.0
4, LOC_CITY_NAME_MBANZA_KONGO, 9.6, UNIT_BUILDER, 9.6, 50, 0.0
4, LOC_CITY_NAME_NAZCA, 12.0, UNIT_BUILDER, 12.0, 50, 0.0
4, LOC_CITY_NAME_HUNZA, 15.0, UNIT_BUILDER, 15.0, 50, 0.0
4, LOC_CITY_NAME_CHINGUETTI, 9.0, UNIT_BUILDER, 9.0, 50, 0.0
4, LOC_CITY_NAME_NGAZARGAMU, 3.0, BUILDING_MONUMENT, 9.0, 60, 0.0
4, LOC_CITY_NAME_ANTIOCH, 12.0, UNIT_BUILDER, 12.0, 50, 0.0
4, LOC_CITY_NAME_YEREVAN, 15.0, UNIT_BUILDER, 15.0, 50, 0.0
4, LOC_CITY_NAME_VATICAN_CITY, 18.0, UNIT_BUILDER, 18.0, 50, 0.0
4, LOC_CITY_NAME_LISBON, 18.0, UNIT_BUILDER, 18.0, 50, 0.0
4, LOC_CITY_NAME_JOHANNESBURG, 18.0, UNIT_BUILDER, 18.0, 50, 0.0
5, LOC_CITY_NAME_TYRE, 6.0, UNIT_BUILDER, 18.0, 50, 0.0
5, LOC_CITY_NAME_ATHENS, 9.6, UNIT_SCOUT, 26.4, 30, 0.0
5, LOC_CITY_HA_NOI, 4.8, UNIT_SCOUT, 19.2, 30, 0.0
5, LOC_CITY_NAME_AMSTERDAM, 7.2, UNIT_BUILDER, 21.6, 50, 0.0
5, LOC_CITY_NAME_RA_KEDET, 6.0, UNIT_SCOUT, 24.0, 30, 0.0
5, LOC_CITY_NAME_MBANZA_KONGO, 4.8, UNIT_BUILDER, 14.4, 50, 0.0
5, LOC_CITY_NAME_NAZCA, 6.0, UNIT_BUILDER, 18.0, 50, 0.0
5, LOC_CITY_NAME_HUNZA, 7.5, UNIT_BUILDER, 22.5, 50, 0.0
5, LOC_CITY_NAME_CHINGUETTI, 4.5, UNIT_BUILDER, 13.5, 50, 0.0
5, LOC_CITY_NAME_NGAZARGAMU, 3.0, BUILDING_MONUMENT, 12.0, 60, 0.0
5, LOC_CITY_NAME_ANTIOCH, 6.0, UNIT_BUILDER, 18.0, 50, 0.0
5, LOC_CITY_NAME_YEREVAN, 7.5, UNIT_BUILDER, 22.5, 50, 0.0
5, LOC_CITY_NAME_VATICAN_CITY, 9.0, UNIT_BUILDER, 27.0, 50, 0.0
5, LOC_CITY_NAME_LISBON, 9.0, UNIT_BUILDER, 27.0, 50, 0.0
5, LOC_CITY_NAME_JOHANNESBURG, 9.0, UNIT_BUILDER, 27.0, 50, 0.0
6, LOC_CITY_NAME_TYRE, 6.0, UNIT_BUILDER, 24.0, 50, 0.0
6, LOC_CITY_NAME_ATHENS, 9.6, UNIT_SCOUT, 36.0, 30, 4.8
6, LOC_CITY_HA_NOI, 4.8, UNIT_SCOUT, 24.0, 30, 0.0
6, LOC_CITY_NAME_AMSTERDAM, 7.2, UNIT_BUILDER, 28.8, 50, 0.0
6, LOC_CITY_NAME_RA_KEDET, 6.0, UNIT_SCOUT, 30.0, 30, 0.0
6, LOC_CITY_NAME_MBANZA_KONGO, 4.8, UNIT_BUILDER, 19.2, 50, 0.0
6, LOC_CITY_NAME_NAZCA, 6.0, UNIT_BUILDER, 24.0, 50, 0.0
6, LOC_CITY_NAME_HUNZA, 7.5, UNIT_BUILDER, 30.0, 50, 0.0
6, LOC_CITY_NAME_CHINGUETTI, 4.5, UNIT_BUILDER, 18.0, 50, 0.0
6, LOC_CITY_NAME_NGAZARGAMU, 3.0, BUILDING_MONUMENT, 15.0, 60, 0.0
6, LOC_CITY_NAME_ANTIOCH, 6.0, UNIT_BUILDER, 24.0, 50, 0.0
6, LOC_CITY_NAME_YEREVAN, 7.5, UNIT_BUILDER, 30.0, 50, 0.0
6, LOC_CITY_NAME_VATICAN_CITY, 9.0, UNIT_BUILDER, 36.0, 50, 0.0
6, LOC_CITY_NAME_LISBON, 9.0, UNIT_BUILDER, 36.0, 50, 0.0
6, LOC_CITY_NAME_JOHANNESBURG, 9.0, UNIT_BUILDER, 36.0, 50, 0.0
7, LOC_CITY_NAME_TYRE, 7.0, UNIT_BUILDER, 31.0, 50, 0.0
7, LOC_CITY_NAME_ATHENS, 14.4, UNIT_BUILDER, 14.4, 50, 0.0
7, LOC_CITY_HA_NOI, 6.0, UNIT_SCOUT, 30.0, 30, 0.0
7, LOC_CITY_NAME_AMSTERDAM, 7.2, UNIT_BUILDER, 36.0, 50, 0.0
7, LOC_CITY_NAME_RA_KEDET, 6.0, UNIT_BUILDER, 6.0, 50, 0.0
7, LOC_CITY_NAME_MBANZA_KONGO, 4.8, UNIT_BUILDER, 24.0, 50, 0.0
7, LOC_CITY_NAME_NAZCA, 6.0, UNIT_BUILDER, 30.0, 50, 0.0
7, LOC_CITY_NAME_HUNZA, 7.5, UNIT_BUILDER, 37.5, 50, 0.0
7, LOC_CITY_NAME_CHINGUETTI, 4.5, UNIT_BUILDER, 22.5, 50, 0.0
7, LOC_CITY_NAME_NGAZARGAMU, 3.0, BUILDING_MONUMENT, 18.0, 60, 0.0
7, LOC_CITY_NAME_ANTIOCH, 6.0, UNIT_BUILDER, 30.0, 50, 0.0
7, LOC_CITY_NAME_YEREVAN, 7.5, UNIT_BUILDER, 37.5, 50, 0.0
7, LOC_CITY_NAME_VATICAN_CITY, 9.0, UNIT_BUILDER, 45.0, 50, 0.0
7, LOC_CITY_NAME_LISBON, 9.0, UNIT_BUILDER, 45.0, 50, 0.0
7, LOC_CITY_NAME_JOHANNESBURG, 9.0, UNIT_BUILDER, 45.0, 50, 0.0
8, LOC_CITY_NAME_TYRE, 7.0, UNIT_BUILDER, 38.0, 50, 0.0
8, LOC_CITY_NAME_ATHENS, 9.6, UNIT_BUILDER, 24.0, 50, 0.0
8, LOC_CITY_HA_NOI, 6.0, UNIT_SCOUT, 36.0, 30, 6.0
8, LOC_CITY_NAME_AMSTERDAM, 7.2, UNIT_BUILDER, 43.2, 50, 0.0
8, LOC_CITY_NAME_RA_KEDET, 6.0, UNIT_BUILDER, 12.0, 50, 0.0
8, LOC_CITY_NAME_MBANZA_KONGO, 4.8, UNIT_BUILDER, 28.8, 50, 0.0
8, LOC_CITY_NAME_NAZCA, 6.0, UNIT_BUILDER, 36.0, 50, 0.0
8, LOC_CITY_NAME_HUNZA, 7.5, UNIT_BUILDER, 45.0, 50, 0.0
8, LOC_CITY_NAME_CHINGUETTI, 4.5, UNIT_BUILDER, 27.0, 50, 0.0
8, LOC_CITY_NAME_NGAZARGAMU, 3.0, BUILDING_MONUMENT, 21.0, 60, 0.0
8, LOC_CITY_NAME_ANTIOCH, 6.0, UNIT_BUILDER, 36.0, 50, 0.0
8, LOC_CITY_NAME_YEREVAN, 7.5, UNIT_BUILDER, 45.0, 50, 0.0
8, LOC_CITY_NAME_VATICAN_CITY, 9.0, UNIT_BUILDER, 54.0, 50, 0.0
8, LOC_CITY_NAME_LISBON, 9.0, UNIT_BUILDER, 54.0, 50, 0.0
8, LOC_CITY_NAME_JOHANNESBURG, 9.0, UNIT_BUILDER, 54.0, 50, 0.0
9, LOC_CITY_NAME_TYRE, 7.0, UNIT_BUILDER, 45.0, 50, 0.0
9, LOC_CITY_NAME_ATHENS, 9.6, UNIT_BUILDER, 33.6, 50, 0.0
9, LOC_CITY_HA_NOI, 12.0, UNIT_BUILDER, 12.0, 50, 0.0
9, LOC_CITY_NAME_AMSTERDAM, 7.2, UNIT_BUILDER, 50.4, 50, 0.4
9, LOC_CITY_NAME_RA_KEDET, 6.0, UNIT_BUILDER, 18.0, 50, 0.0
9, LOC_CITY_NAME_MBANZA_KONGO, 4.8, UNIT_BUILDER, 33.6, 50, 0.0
9, LOC_CITY_NAME_NAZCA, 6.0, UNIT_BUILDER, 42.0, 50, 0.0
9, LOC_CITY_NAME_HUNZA, 7.5, UNIT_BUILDER, 52.5, 50, 0.0
9, LOC_CITY_NAME_CHINGUETTI, 4.5, UNIT_BUILDER, 31.5, 50, 0.0
9, LOC_CITY_NAME_NGAZARGAMU, 3.0, BUILDING_MONUMENT, 24.0, 60, 0.0
9, LOC_CITY_NAME_ANTIOCH, 6.0, UNIT_BUILDER, 42.0, 50, 0.0
9, LOC_CITY_NAME_YEREVAN, 7.5, UNIT_BUILDER, 52.5, 50, 0.0
9, LOC_CITY_NAME_VATICAN_CITY, 3.0, BUILDING_MONUMENT, 6.0, 60, 0.0
9, LOC_CITY_NAME_LISBON, 3.0, BUILDING_MONUMENT, 6.0, 60, 0.0
9, LOC_CITY_NAME_JOHANNESBURG, 2.5, BUILDING_MONUMENT, 5.5, 60, 0.0
10, LOC_CITY_NAME_TYRE, 7.0, UNIT_BUILDER, 52.0, 50, 2.0
10, LOC_CITY_NAME_ATHENS, 9.6, UNIT_BUILDER, 43.2, 50, 0.0
10, LOC_CITY_HA_NOI, 6.0, UNIT_BUILDER, 18.0, 50, 0.0
10, LOC_CITY_NAME_AMSTERDAM, 7.6, BUILDING_MONUMENT, 7.6, 60, 0.0
10, LOC_CITY_NAME_RA_KEDET, 6.0, UNIT_BUILDER, 24.0, 50, 0.0
10, LOC_CITY_NAME_MBANZA_KONGO, 7.2, UNIT_BUILDER, 40.8, 50, 0.0
10, LOC_CITY_NAME_NAZCA, 6.0, UNIT_BUILDER, 48.0, 50, 0.0
10, LOC_CITY_NAME_HUNZA, 2.5, BUILDING_MONUMENT, 5.0, 60, 0.0
10, LOC_CITY_NAME_CHINGUETTI, 4.5, UNIT_BUILDER, 36.0, 50, 0.0
10, LOC_CITY_NAME_NGAZARGAMU, 4.0, BUILDING_MONUMENT, 28.0, 60, 0.0
10, LOC_CITY_NAME_ANTIOCH, 7.5, UNIT_BUILDER, 49.5, 50, 0.0
10, LOC_CITY_NAME_YEREVAN, 3.0, BUILDING_MONUMENT, 5.5, 60, 0.0
10, LOC_CITY_NAME_VATICAN_CITY, 3.5, BUILDING_MONUMENT, 9.5, 60, 0.0
10, LOC_CITY_NAME_LISBON, 3.0, BUILDING_MONUMENT, 9.0, 60, 0.0
10, LOC_CITY_NAME_JOHANNESBURG, 3.5, BUILDING_MONUMENT, 9.0, 60, 0.0
11, LOC_CITY_NAME_TYRE, 9.0, BUILDING_MONUMENT, 9.0, 60, 0.0
11, LOC_CITY_NAME_ATHENS, 9.6, UNIT_BUILDER, 52.8, 50, 1.6
11, LOC_CITY_HA_NOI, 6.0, UNIT_BUILDER, 24.0, 50, 0.0
11, LOC_CITY_NAME_AMSTERDAM, 7.2, BUILDING_MONUMENT, 14.8, 60, 0.0
11, LOC_CITY_NAME_RA_KEDET, 6.0, UNIT_BUILDER, 30.0, 50, 0.0
11, LOC_CITY_NAME_MBANZA_KONGO, 7.2, UNIT_BUILDER, 48.0, 50, 0.0
11, LOC_CITY_NAME_NAZCA, 6.0, UNIT_BUILDER, 54.0, 50, 0.0
11, LOC_CITY_NAME_HUNZA, 2.5, BUILDING_MONUMENT, 7.5, 60, 0.0
11, LOC_CITY_NAME_CHINGUETTI, 4.5, UNIT_BUILDER, 40.5, 50, 0.0
11, LOC_CITY_NAME_NGAZARGAMU, 4.0, BUILDING_MONUMENT, 32.0, 60, 0.0
11, LOC_CITY_NAME_ANTIOCH, 7.5, UNIT_BUILDER, 57.0, 50, 2.0
11, LOC_CITY_NAME_YEREVAN, 3.0, BUILDING_MONUMENT, 8.5, 60, 0.0
11, LOC_CITY_NAME_VATICAN_CITY, 3.5, BUILDING_MONUMENT, 13.0, 60, 0.0
11, LOC_CITY_NAME_LISBON, 3.0, BUILDING_MONUMENT, 12.0, 60, 0.0
11, LOC_CITY_NAME_JOHANNESBURG, 3.5, BUILDING_MONUMENT, 12.5, 60, 0.0
12, LOC_CITY_NAME_TYRE, 7.0, BUILDING_MONUMENT, 16.0, 60, 0.0
12, LOC_CITY_NAME_ATHENS, 11.2, UNIT_SCOUT, 11.2, 30, 0.0
12, LOC_CITY_HA_NOI, 6.0, UNIT_BUILDER, 30.0, 50, 0.0
12, LOC_CITY_NAME_AMSTERDAM, 6.0, BUILDING_MONUMENT, 20.8, 60, 0.0
12, LOC_CITY_NAME_RA_KEDET, 6.0, UNIT_BUILDER, 36.0, 50, 0.0
12, LOC_CITY_NAME_MBANZA_KONGO, 7.2, UNIT_BUILDER, 55.2, 50, 5.2
12, LOC_CITY_NAME_NAZCA, 2.0, BUILDING_MONUMENT, 4.0, 60, 0.0
12, LOC_CITY_NAME_HUNZA, 2.5, BUILDING_MONUMENT, 10.0, 60, 0.0
12, LOC_CITY_NAME_CHINGUETTI, 4.5, UNIT_BUILDER, 45.0, 50, 0.0
12, LOC_CITY_NAME_NGAZARGAMU, 4.0, BUILDING_MONUMENT, 36.0, 60, 0.0
12, LOC_CITY_NAME_ANTIOCH, 4.0, BUILDING_GRANARY, 4.0, 65, 0.0
12, LOC_CITY_NAME_YEREVAN, 3.0, BUILDING_MONUMENT, 11.5, 60, 0.0
12, LOC_CITY_NAME_VATICAN_CITY, 3.5, BUILDING_MONUMENT, 16.5, 60, 0.0
12, LOC_CITY_NAME_LISBON, 3.0, BUILDING_MONUMENT, 15.0, 60, 0.0
12, LOC_CITY_NAME_JOHANNESBURG, 3.5, BUILDING_MONUMENT, 16.0, 60, 0.0
13, LOC_CITY_NAME_TYRE, 7.0, BUILDING_MONUMENT, 23.0, 60, 0.0
13, LOC_CITY_NAME_ATHENS, 9.6, UNIT_SCOUT, 20.8, 30, 0.0
13, LOC_CITY_HA_NOI, 6.0, UNIT_BUILDER, 36.0, 50, 0.0
13, LOC_CITY_NAME_AMSTERDAM, 6.0, BUILDING_MONUMENT, 26.8, 60, 0.0
13, LOC_CITY_NAME_RA_KEDET, 6.0, UNIT_BUILDER, 42.0, 50, 0.0
13, LOC_CITY_NAME_MBANZA_KONGO, 12.4, BUILDING_MONUMENT, 12.4, 60, 0.0
13, LOC_CITY_NAME_NAZCA, 2.0, BUILDING_MONUMENT, 6.0, 60, 0.0
13, LOC_CITY_NAME_HUNZA, 2.5, BUILDING_MONUMENT, 12.5, 60, 0.0
13, LOC_CITY_NAME_CHINGUETTI, 4.5, UNIT_BUILDER, 49.5, 50, 0.0
13, LOC_CITY_NAME_NGAZARGAMU, 4.0, BUILDING_MONUMENT, 40.0, 60, 0.0
13, LOC_CITY_NAME_ANTIOCH, 2.0, BUILDING_GRANARY, 6.0, 65, 0.0
13, LOC_CITY_NAME_YEREVAN, 3.5, BUILDING_MONUMENT, 15.0, 60, 0.0
13, LOC_CITY_NAME_VATICAN_CITY, 3.5, BUILDING_MONUMENT, 20.0, 60, 0.0
13, LOC_CITY_NAME_LISBON, 3.0, BUILDING_MONUMENT, 18.0, 60, 0.0
13, LOC_CITY_NAME_JOHANNESBURG, 3.5, BUILDING_MONUMENT, 19.5, 60, 0.0
14, LOC_CITY_NAME_TYRE, 8.0, BUILDING_MONUMENT, 31.0, 60, 0.0
14, LOC_CITY_NAME_ATHENS, 9.6, UNIT_SCOUT, 30.4, 30, 0.0
14, LOC_CITY_HA_NOI, 6.0, UNIT_BUILDER, 42.0, 50, 0.0
14, LOC_CITY_NAME_AMSTERDAM, 6.0, BUILDING_MONUMENT, 32.8, 60, 0.0
14, LOC_CITY_NAME_RA_KEDET, 6.0, UNIT_BUILDER, 48.0, 50, 0.0
14, LOC_CITY_NAME_MBANZA_KONGO, 7.2, BUILDING_MONUMENT, 19.6, 60, 0.0
14, LOC_CITY_NAME_NAZCA, 2.0, BUILDING_MONUMENT, 8.0, 60, 0.0
14, LOC_CITY_NAME_HUNZA, 2.5, BUILDING_MONUMENT, 15.0, 60, 0.0
14, LOC_CITY_NAME_CHINGUETTI, 4.5, UNIT_BUILDER, 54.0, 50, 1.0
14, LOC_CITY_NAME_NGAZARGAMU, 4.0, BUILDING_MONUMENT, 44.0, 60, 0.0
14, LOC_CITY_NAME_ANTIOCH, 2.0, BUILDING_GRANARY, 8.0, 65, 0.0
14, LOC_CITY_NAME_YEREVAN, 3.5, BUILDING_MONUMENT, 18.5, 60, 0.0
14, LOC_CITY_NAME_VATICAN_CITY, 3.5, BUILDING_MONUMENT, 23.5, 60, 0.0
14, LOC_CITY_NAME_LISBON, 3.0, BUILDING_MONUMENT, 21.0, 60, 0.0
14, LOC_CITY_NAME_JOHANNESBURG, 3.5, BUILDING_MONUMENT, 23.0, 60, 0.0
15, LOC_CITY_NAME_TYRE, 9.0, BUILDING_MONUMENT, 40.0, 60, 0.0
15, LOC_CITY_NAME_ATHENS, 8.4, BUILDING_MONUMENT, 8.4, 60, 0.0
15, LOC_CITY_HA_NOI, 7.2, UNIT_BUILDER, 49.2, 50, 0.0
15, LOC_CITY_NAME_AMSTERDAM, 8.4, BUILDING_MONUMENT, 41.2, 60, 0.0
15, LOC_CITY_NAME_RA_KEDET, 6.0, UNIT_SLINGER, 6.0, 35, 0.0
15, LOC_CITY_NAME_MBANZA_KONGO, 7.2, BUILDING_MONUMENT, 26.8, 60, 0.0
15, LOC_CITY_NAME_NAZCA, 3.0, BUILDING_MONUMENT, 11.0, 60, 0.0
15, LOC_CITY_NAME_HUNZA, 2.5, BUILDING_MONUMENT, 17.5, 60, 0.0
15, LOC_CITY_NAME_CHINGUETTI, 2.5, BUILDING_MONUMENT, 2.5, 60, 0.0
15, LOC_CITY_NAME_NGAZARGAMU, 4.0, BUILDING_MONUMENT, 48.0, 60, 0.0
15, LOC_CITY_NAME_ANTIOCH, 2.0, BUILDING_GRANARY, 10.0, 65, 0.0
15, LOC_CITY_NAME_YEREVAN, 3.5, BUILDING_MONUMENT, 22.0, 60, 0.0
15, LOC_CITY_NAME_VATICAN_CITY, 3.5, BUILDING_MONUMENT, 27.0, 60, 0.0
15, LOC_CITY_NAME_LISBON, 3.0, BUILDING_MONUMENT, 24.0, 60, 0.0
15, LOC_CITY_NAME_JOHANNESBURG, 3.5, BUILDING_MONUMENT, 26.5, 60, 0.0
16, LOC_CITY_NAME_TYRE, 9.0, BUILDING_MONUMENT, 49.0, 60, 0.0
16, LOC_CITY_NAME_ATHENS, 8.4, BUILDING_MONUMENT, 16.8, 60, 0.0
16, LOC_CITY_HA_NOI, 7.2, UNIT_SETTLER, 7.2, 80, 0.0
16, LOC_CITY_NAME_AMSTERDAM, 8.4, BUILDING_MONUMENT, 49.6, 60, 0.0
16, LOC_CITY_NAME_RA_KEDET, 6.0, UNIT_SLINGER, 12.0, 35, 0.0
16, LOC_CITY_NAME_MBANZA_KONGO, 7.2, BUILDING_MONUMENT, 34.0, 60, 0.0
16, LOC_CITY_NAME_NAZCA, 3.0, BUILDING_MONUMENT, 14.0, 60, 0.0
16, LOC_CITY_NAME_HUNZA, 2.5, BUILDING_MONUMENT, 20.0, 60, 0.0
16, LOC_CITY_NAME_CHINGUETTI, 1.5, BUILDING_MONUMENT, 4.0, 60, 0.0
16, LOC_CITY_NAME_NGAZARGAMU, 4.0, BUILDING_MONUMENT, 52.0, 60, 0.0
16, LOC_CITY_NAME_ANTIOCH, 2.0, BUILDING_GRANARY, 12.0, 65, 0.0
16, LOC_CITY_NAME_YEREVAN, 3.5, BUILDING_MONUMENT, 25.5, 60, 0.0
16, LOC_CITY_NAME_VATICAN_CITY, 3.5, BUILDING_MONUMENT, 30.5, 60, 0.0
16, LOC_CITY_NAME_LISBON, 3.0, BUILDING_MONUMENT, 27.0, 60, 0.0
16, LOC_CITY_NAME_JOHANNESBURG, 3.5, BUILDING_MONUMENT, 30.0, 60, 0.0
17, LOC_CITY_NAME_TYRE, 9.0, BUILDING_MONUMENT, 58.0, 60, 0.0
17, LOC_CITY_NAME_ATHENS, 9.6, BUILDING_MONUMENT, 26.4, 60, 0.0
17, LOC_CITY_HA_NOI, 7.2, UNIT_SETTLER, 14.4, 80, 0.0
17, LOC_CITY_NAME_AMSTERDAM, 8.4, BUILDING_MONUMENT, 58.0, 60, 0.0
17, LOC_CITY_NAME_RA_KEDET, 7.2, UNIT_SLINGER, 19.2, 35, 0.0
17, LOC_CITY_NAME_MBANZA_KONGO, 7.2, BUILDING_MONUMENT, 41.2, 60, 0.0
17, LOC_CITY_NAME_NAZCA, 3.0, BUILDING_MONUMENT, 17.0, 60, 0.0
17, LOC_CITY_NAME_HUNZA, 2.5, BUILDING_MONUMENT, 22.5, 60, 0.0
17, LOC_CITY_NAME_CHINGUETTI, 1.5, BUILDING_MONUMENT, 5.5, 60, 0.0
17, LOC_CITY_NAME_NGAZARGAMU, 4.0, BUILDING_MONUMENT, 56.0, 60, 0.0
17, LOC_CITY_NAME_ANTIOCH, 2.0, BUILDING_GRANARY, 14.0, 65, 0.0
17, LOC_CITY_NAME_YEREVAN, 3.5, BUILDING_MONUMENT, 29.0, 60, 0.0
17, LOC_CITY_NAME_VATICAN_CITY, 3.5, BUILDING_MONUMENT, 34.0, 60, 0.0
17, LOC_CITY_NAME_LISBON, 3.0, BUILDING_MONUMENT, 30.0, 60, 0.0
17, LOC_CITY_NAME_JOHANNESBURG, 3.5, BUILDING_MONUMENT, 33.5, 60, 0.0
18, LOC_CITY_NAME_TYRE, 9.0, BUILDING_MONUMENT, 67.0, 60, 7.0
18, LOC_CITY_NAME_ATHENS, 12.0, BUILDING_MONUMENT, 38.4, 60, 0.0
18, LOC_CITY_HA_NOI, 7.2, UNIT_SETTLER, 21.6, 80, 0.0
18, LOC_CITY_NAME_AMSTERDAM, 8.4, BUILDING_MONUMENT, 66.4, 60, 6.4
18, LOC_CITY_NAME_RA_KEDET, 7.2, UNIT_SLINGER, 26.4, 35, 0.0
18, LOC_CITY_NAME_MBANZA_KONGO, 7.2, BUILDING_MONUMENT, 48.4, 60, 0.0
18, LOC_CITY_NAME_NAZCA, 3.0, BUILDING_MONUMENT, 20.0, 60, 0.0
18, LOC_CITY_NAME_HUNZA, 2.5, BUILDING_MONUMENT, 25.0, 60, 0.0
18, LOC_CITY_NAME_CHINGUETTI, 1.5, BUILDING_MONUMENT, 7.0, 60, 0.0
18, LOC_CITY_NAME_NGAZARGAMU, 4.0, BUILDING_MONUMENT, 60.0, 60, 0.0
18, LOC_CITY_NAME_ANTIOCH, 2.0, BUILDING_GRANARY, 16.0, 65, 0.0
18, LOC_CITY_NAME_YEREVAN, 3.5, BUILDING_MONUMENT, 32.5, 60, 0.0
18, LOC_CITY_NAME_VATICAN_CITY, 3.5, BUILDING_MONUMENT, 37.5, 60, 0.0
18, LOC_CITY_NAME_LISBON, 3.0, BUILDING_MONUMENT, 33.0, 60, 0.0
18, LOC_CITY_NAME_JOHANNESBURG, 4.0, BUILDING_MONUMENT, 37.5, 60, 0.0
19, LOC_CITY_NAME_TYRE, 16.0, UNIT_WARRIOR, 16.0, 40, 0.0
19, LOC_CITY_NAME_ATHENS, 12.0, BUILDING_MONUMENT, 50.4, 60, 0.0
19, LOC_CITY_HA_NOI, 7.2, UNIT_SETTLER, 28.8, 80, 0.0
19, LOC_CITY_NAME_AMSTERDAM, 14.8, UNIT_SETTLER, 14.8, 80, 0.0
19, LOC_CITY_NAME_RA_KEDET, 7.2, UNIT_SLINGER, 33.6, 35, 0.0
19, LOC_CITY_NAME_MBANZA_KONGO, 7.2, BUILDING_MONUMENT, 55.6, 60, 0.0
19, LOC_CITY_NAME_NAZCA, 3.0, BUILDING_MONUMENT, 23.0, 60, 0.0
19, LOC_CITY_NAME_HUNZA, 2.5, BUILDING_MONUMENT, 27.5, 60, 0.0
19, LOC_CITY_NAME_CHINGUETTI, 1.5, BUILDING_MONUMENT, 8.5, 60, 0.0
19, LOC_CITY_NAME_NGAZARGAMU, 4.0, BUILDING_GRANARY, 4.0, 65, 0.0
19, LOC_CITY_NAME_ANTIOCH, 2.0, BUILDING_GRANARY, 18.0, 65, 0.0
19, LOC_CITY_NAME_YEREVAN, 3.5, BUILDING_MONUMENT, 36.0, 60, 0.0
19, LOC_CITY_NAME_VATICAN_CITY, 3.5, BUILDING_MONUMENT, 41.0, 60, 0.0
19, LOC_CITY_NAME_LISBON, 3.0, BUILDING_MONUMENT, 36.0, 60, 0.0
19, LOC_CITY_NAME_JOHANNESBURG, 4.0, BUILDING_MONUMENT, 41.5, 60, 0.0
20, LOC_CITY_NAME_TYRE, 9.0, UNIT_WARRIOR, 25.0, 40, 0.0
20, LOC_CITY_NAME_ATHENS, 12.0, BUILDING_MONUMENT, 62.4, 60, 2.4
20, LOC_CITY_HA_NOI, 7.2, UNIT_SETTLER, 36.0, 80, 0.0
20, LOC_CITY_NAME_AMSTERDAM, 8.4, UNIT_SETTLER, 23.2, 80, 0.0
20, LOC_CITY_NAME_RA_KEDET, 7.2, UNIT_SLINGER, 40.8, 35, 5.8
20, LOC_CITY_NAME_MBANZA_KONGO, 7.2, BUILDING_MONUMENT, 62.8, 60, 2.8
20, LOC_CITY_NAME_NAZCA, 3.0, BUILDING_MONUMENT, 26.0, 60, 0.0
20, LOC_CITY_NAME_HUNZA, 3.0, BUILDING_MONUMENT, 30.5, 60, 0.0
20, LOC_CITY_NAME_CHINGUETTI, 2.0, BUILDING_MONUMENT, 10.5, 60, 0.0
20, LOC_CITY_NAME_NGAZARGAMU, 4.0, BUILDING_GRANARY, 8.0, 65, 0.0
20, LOC_CITY_NAME_ANTIOCH, 2.0, BUILDING_GRANARY, 20.0, 65, 0.0
20, LOC_CITY_NAME_YEREVAN, 3.5, BUILDING_MONUMENT, 39.5, 60, 0.0
20, LOC_CITY_NAME_VATICAN_CITY, 3.5, BUILDING_MONUMENT, 44.5, 60, 0.0
20, LOC_CITY_NAME_LISBON, 3.0, BUILDING_MONUMENT, 39.0, 60, 0.0
20, LOC_CITY_NAME_JOHANNESBURG, 4.0, BUILDING_MONUMENT, 45.5, 60, 0.0
21, LOC_CITY_NAME_TYRE, 9.0, UNIT_WARRIOR, 34.0, 40, 0.0
21, LOC_CITY_NAME_ATHENS, 15.6, UNIT_SCOUT, 15.6, 30, 0.0
21, LOC_CITY_HA_NOI, 7.2, UNIT_SETTLER, 43.2, 80, 0.0
21, LOC_CITY_NAME_AMSTERDAM, 8.4, UNIT_SETTLER, 31.6, 80, 0.0
21, LOC_CITY_NAME_RA_KEDET, 13.0, UNIT_BUILDER, 61.0, 50, 5.2
21, LOC_CITY_NAME_MBANZA_KONGO, 10.0, DISTRICT_CAMPUS, 10.0, 63, 0.0
21, LOC_CITY_NAME_NAZCA, 3.0, BUILDING_MONUMENT, 29.0, 60, 0.0
21, LOC_CITY_NAME_HUNZA, 3.0, BUILDING_MONUMENT, 33.5, 60, 0.0
21, LOC_CITY_NAME_CHINGUETTI, 2.0, BUILDING_MONUMENT, 12.5, 60, 0.0
21, LOC_CITY_NAME_NGAZARGAMU, 4.0, BUILDING_GRANARY, 12.0, 65, 0.0
21, LOC_CITY_NAME_ANTIOCH, 2.0, BUILDING_GRANARY, 22.0, 65, 0.0
21, LOC_CITY_NAME_YEREVAN, 3.5, BUILDING_MONUMENT, 43.0, 60, 0.0
21, LOC_CITY_NAME_VATICAN_CITY, 3.5, BUILDING_MONUMENT, 48.0, 60, 0.0
21, LOC_CITY_NAME_LISBON, 3.5, BUILDING_MONUMENT, 42.5, 60, 0.0
21, LOC_CITY_NAME_JOHANNESBURG, 4.0, BUILDING_MONUMENT, 49.5, 60, 0.0
22, LOC_CITY_NAME_TYRE, 9.0, UNIT_WARRIOR, 43.0, 40, 3.0
22, LOC_CITY_NAME_ATHENS, 12.0, UNIT_SCOUT, 27.6, 30, 0.0
22, LOC_CITY_HA_NOI, 7.2, UNIT_SETTLER, 50.4, 80, 0.0
22, LOC_CITY_NAME_AMSTERDAM, 8.4, UNIT_SETTLER, 40.0, 80, 0.0
22, LOC_CITY_NAME_RA_KEDET, 12.4, UNIT_BUILDER, 12.4, 54, 0.0
22, LOC_CITY_NAME_MBANZA_KONGO, 7.2, DISTRICT_CAMPUS, 17.2, 63, 0.0
22, LOC_CITY_NAME_NAZCA, 3.0, BUILDING_MONUMENT, 32.0, 60, 0.0
22, LOC_CITY_NAME_HUNZA, 3.0, BUILDING_MONUMENT, 36.5, 60, 0.0
22, LOC_CITY_NAME_CHINGUETTI, 6.0, UNIT_WARRIOR, 6.0, 40, 0.0
22, LOC_CITY_NAME_NGAZARGAMU, 4.0, BUILDING_GRANARY, 16.0, 65, 0.0
22, LOC_CITY_NAME_ANTIOCH, 2.0, BUILDING_GRANARY, 24.0, 65, 0.0
22, LOC_CITY_NAME_YEREVAN, 4.0, BUILDING_MONUMENT, 47.0, 60, 0.0
22, LOC_CITY_NAME_VATICAN_CITY, 3.5, BUILDING_MONUMENT, 51.5, 60, 0.0
22, LOC_CITY_NAME_LISBON, 3.5, BUILDING_MONUMENT, 46.0, 60, 0.0
22, LOC_CITY_NAME_JOHANNESBURG, 4.0, BUILDING_MONUMENT, 53.5, 60, 0.0
23, LOC_CITY_NAME_TYRE, 12.0, UNIT_SETTLER, 12.0, 80, 0.0
23, LOC_CITY_NAME_ATHENS, 12.0, UNIT_SCOUT, 39.6, 30, 8.4
23, LOC_CITY_HA_NOI, 7.2, UNIT_SETTLER, 57.6, 80, 0.0
23, LOC_CITY_NAME_AMSTERDAM, 8.4, UNIT_SETTLER, 48.4, 110, 0.0
23, LOC_CITY_NAME_RA_KEDET, 7.2, UNIT_BUILDER, 19.6, 54, 0.0
23, LOC_CITY_NAME_MBANZA_KONGO, 7.2, DISTRICT_CAMPUS, 24.4, 63, 0.0
23, LOC_CITY_NAME_NAZCA, 3.0, BUILDING_MONUMENT, 35.0, 60, 0.0
23, LOC_CITY_NAME_HUNZA, 3.0, BUILDING_MONUMENT, 39.5, 60, 0.0
23, LOC_CITY_NAME_CHINGUETTI, 6.0, UNIT_WARRIOR, 12.0, 40, 0.0
23, LOC_CITY_NAME_NGAZARGAMU, 4.0, BUILDING_GRANARY, 20.0, 65, 0.0
23, LOC_CITY_NAME_ANTIOCH, 2.0, BUILDING_GRANARY, 26.0, 65, 0.0
23, LOC_CITY_NAME_YEREVAN, 4.0, BUILDING_MONUMENT, 51.0, 60, 0.0
23, LOC_CITY_NAME_VATICAN_CITY, 3.5, BUILDING_MONUMENT, 55.0, 60, 0.0
23, LOC_CITY_NAME_LISBON, 3.5, BUILDING_MONUMENT, 49.5, 60, 0.0
23, LOC_CITY_NAME_JOHANNESBURG, 4.0, BUILDING_MONUMENT, 57.5, 60, 0.0
24, LOC_CITY_NAME_TYRE, 9.0, UNIT_SETTLER, 21.0, 80, 0.0
24, LOC_CITY_NAME_ATHENS, 19.2, BUILDING_GRANARY, 19.2, 65, 0.0
24, LOC_CITY_HA_NOI, 8.4, UNIT_SETTLER, 66.0, 80, 0.0
24, LOC_CITY_NAME_AMSTERDAM, 8.4, UNIT_SETTLER, 56.8, 110, 0.0
24, LOC_CITY_NAME_RA_KEDET, 7.2, UNIT_WARRIOR, 7.2, 40, 0.0
24, LOC_CITY_NAME_MBANZA_KONGO, 7.2, DISTRICT_CAMPUS, 31.6, 63, 0.0
24, LOC_CITY_NAME_NAZCA, 3.0, BUILDING_MONUMENT, 38.0, 60, 0.0
24, LOC_CITY_NAME_HUNZA, 3.0, BUILDING_MONUMENT, 42.5, 60, 0.0
24, LOC_CITY_NAME_CHINGUETTI, 6.0, UNIT_WARRIOR, 18.0, 40, 0.0
24, LOC_CITY_NAME_NGAZARGAMU, 4.0, BUILDING_GRANARY, 24.0, 65, 0.0
24, LOC_CITY_NAME_ANTIOCH, 2.5, BUILDING_GRANARY, 28.5, 65, 0.0
24, LOC_CITY_NAME_YEREVAN, 4.0, BUILDING_MONUMENT, 55.0, 60, 0.0
24, LOC_CITY_NAME_VATICAN_CITY, 3.5, BUILDING_MONUMENT, 58.5, 60, 0.0
24, LOC_CITY_NAME_LISBON, 3.5, BUILDING_MONUMENT, 53.0, 60, 0.0
24, LOC_CITY_NAME_JOHANNESBURG, 4.0, BUILDING_MONUMENT, 61.5, 60, 1.5
25, LOC_CITY_NAME_TYRE, 9.0, UNIT_SETTLER, 30.0, 80, 0.0
25, LOC_CITY_NAME_ATHENS, 10.8, BUILDING_GRANARY, 30.0, 65, 0.0
25, LOC_CITY_NAME_ATHENS, 23.0, BUILDING_GRANARY, 53.0, 65, 0.0
25, LOC_CITY_HA_NOI, 8.4, UNIT_SETTLER, 74.4, 80, 0.0
25, LOC_CITY_NAME_AMSTERDAM, 8.4, UNIT_SETTLER, 65.2, 110, 0.0
25, LOC_CITY_NAME_RA_KEDET, 7.2, UNIT_WARRIOR, 14.4, 40, 0.0
25, LOC_CITY_NAME_MBANZA_KONGO, 7.2, DISTRICT_CAMPUS, 38.8, 63, 0.0
25, LOC_CITY_NAME_NAZCA, 3.0, BUILDING_MONUMENT, 41.0, 60, 0.0
25, LOC_CITY_NAME_HUNZA, 3.0, BUILDING_MONUMENT, 45.5, 60, 0.0
25, LOC_CITY_NAME_CHINGUETTI, 6.0, UNIT_WARRIOR, 24.0, 40, 0.0
25, LOC_CITY_NAME_NGAZARGAMU, 4.0, BUILDING_GRANARY, 28.0, 65, 0.0
25, LOC_CITY_NAME_ANTIOCH, 2.5, BUILDING_GRANARY, 31.0, 65, 0.0
25, LOC_CITY_NAME_YEREVAN, 4.0, BUILDING_MONUMENT, 59.0, 60, 0.0
25, LOC_CITY_NAME_VATICAN_CITY, 3.5, BUILDING_MONUMENT, 62.0, 60, 2.0
25, LOC_CITY_NAME_LISBON, 3.5, BUILDING_MONUMENT, 56.5, 60, 0.0
25, LOC_CITY_NAME_JOHANNESBURG, 5.5, BUILDING_GRANARY, 5.5, 65, 0.0
26, LOC_CITY_NAME_TYRE, 9.0, UNIT_SETTLER, 39.0, 80, 0.0
26, LOC_CITY_NAME_ATHENS, 10.8, BUILDING_GRANARY, 63.8, 65, 0.0
26, LOC_CITY_HA_NOI, 8.4, UNIT_SETTLER, 82.8, 80, 2.8
26, LOC_CITY_NAME_AMSTERDAM, 8.4, UNIT_SETTLER, 73.6, 110, 0.0
26, LOC_CITY_NAME_RA_KEDET, 7.2, UNIT_WARRIOR, 21.6, 40, 0.0
26, LOC_CITY_NAME_MBANZA_KONGO, 9.6, DISTRICT_CAMPUS, 48.4, 63, 0.0
26, LOC_CITY_NAME_NAZCA, 3.0, BUILDING_MONUMENT, 44.0, 60, 0.0
26, LOC_CITY_NAME_HUNZA, 3.0, BUILDING_MONUMENT, 48.5, 60, 0.0
26, LOC_CITY_NAME_CHINGUETTI, 6.0, UNIT_WARRIOR, 30.0, 40, 0.0
26, LOC_CITY_NAME_NGAZARGAMU, 4.0, BUILDING_GRANARY, 32.0, 65, 0.0
26, LOC_CITY_NAME_ANTIOCH, 2.5, BUILDING_GRANARY, 33.5, 65, 0.0
26, LOC_CITY_NAME_YEREVAN, 4.0, BUILDING_MONUMENT, 63.0, 60, 3.0
26, LOC_CITY_NAME_VATICAN_CITY, 5.5, BUILDING_GRANARY, 5.5, 65, 0.0
26, LOC_CITY_NAME_LISBON, 3.5, BUILDING_MONUMENT, 60.0, 60, 0.0
26, LOC_CITY_NAME_JOHANNESBURG, 4.0, BUILDING_GRANARY, 9.5, 65, 0.0
27, LOC_CITY_NAME_TYRE, 9.0, UNIT_SETTLER, 48.0, 80, 0.0
27, LOC_CITY_NAME_ATHENS, 10.8, BUILDING_GRANARY, 74.6, 65, 9.6
27, LOC_CITY_HA_NOI, 10.0, UNIT_BUILDER, 59.2, 50, 6.4
27, LOC_CITY_NAME_AMSTERDAM, 8.4, UNIT_SETTLER, 82.0, 110, 0.0
27, LOC_CITY_NAME_RA_KEDET, 7.2, UNIT_WARRIOR, 28.8, 40, 0.0
27, LOC_CITY_NAME_MBANZA_KONGO, 12.0, DISTRICT_CAMPUS, 60.4, 63, 0.0
27, LOC_CITY_NAME_NAZCA, 3.0, BUILDING_MONUMENT, 47.0, 60, 0.0
27, LOC_CITY_NAME_HUNZA, 3.0, BUILDING_MONUMENT, 51.5, 60, 0.0
27, LOC_CITY_NAME_CHINGUETTI, 6.0, UNIT_WARRIOR, 36.0, 40, 0.0
27, LOC_CITY_NAME_NGAZARGAMU, 4.0, BUILDING_GRANARY, 36.0, 65, 0.0
27, LOC_CITY_NAME_ANTIOCH, 2.5, BUILDING_GRANARY, 36.0, 65, 0.0
27, LOC_CITY_NAME_YEREVAN, 21.0, UNIT_WARRIOR, 21.0, 40, 0.0
27, LOC_CITY_NAME_VATICAN_CITY, 3.5, BUILDING_GRANARY, 9.0, 65, 0.0
27, LOC_CITY_NAME_LISBON, 10.5, UNIT_BUILDER, 10.5, 54, 0.0
27, LOC_CITY_NAME_JOHANNESBURG, 4.0, BUILDING_GRANARY, 13.5, 65, 0.0
28, LOC_CITY_NAME_TYRE, 9.0, UNIT_WARRIOR, 9.0, 40, 0.0
28, LOC_CITY_NAME_ATHENS, 22.8, UNIT_WARRIOR, 22.8, 40, 0.0
28, LOC_CITY_HA_NOI, 13.6, BUILDING_GRANARY, 13.6, 65, 0.0
28, LOC_CITY_NAME_AMSTERDAM, 8.4, UNIT_SETTLER, 90.4, 110, 0.0
28, LOC_CITY_NAME_RA_KEDET, 7.2, UNIT_WARRIOR, 36.0, 40, 0.0
28, LOC_CITY_NAME_MBANZA_KONGO, 12.0, DISTRICT_CAMPUS, 72.4, 63, 9.4
28, LOC_CITY_NAME_NAZCA, 3.0, BUILDING_MONUMENT, 50.0, 60, 0.0
28, LOC_CITY_NAME_HUNZA, 3.0, BUILDING_MONUMENT, 54.5, 60, 0.0
28, LOC_CITY_NAME_CHINGUETTI, 6.0, UNIT_WARRIOR, 42.0, 40, 0.0
28, LOC_CITY_NAME_NGAZARGAMU, 4.0, BUILDING_GRANARY, 40.0, 65, 0.0
28, LOC_CITY_NAME_ANTIOCH, 2.5, BUILDING_GRANARY, 38.5, 65, 0.0
28, LOC_CITY_NAME_YEREVAN, 12.0, UNIT_WARRIOR, 33.0, 40, 0.0
28, LOC_CITY_NAME_VATICAN_CITY, 3.5, BUILDING_GRANARY, 12.5, 65, 0.0
28, LOC_CITY_NAME_LISBON, 10.5, UNIT_BUILDER, 21.0, 54, 0.0
28, LOC_CITY_NAME_JOHANNESBURG, 4.0, BUILDING_GRANARY, 17.5, 65, 0.0
29, LOC_CITY_NAME_TYRE, 10.0, UNIT_WARRIOR, 19.0, 40, 0.0
29, LOC_CITY_NAME_ATHENS, 13.2, UNIT_WARRIOR, 36.0, 40, 0.0
29, LOC_CITY_HA_NOI, 8.4, BUILDING_GRANARY, 22.0, 65, 0.0
29, LOC_CITY_NAME_AMSTERDAM, 8.4, UNIT_SETTLER, 98.8, 110, 0.0
29, LOC_CITY_NAME_RA_KEDET, 4.8, UNIT_WARRIOR, 40.8, 40, 0.8
29, LOC_CITY_NAME_MBANZA_KONGO, 21.4, UNIT_SETTLER, 21.4, 80, 0.0
29, LOC_CITY_NAME_NAZCA, 3.0, BUILDING_MONUMENT, 53.0, 60, 0.0
29, LOC_CITY_NAME_HUNZA, 3.0, BUILDING_MONUMENT, 57.5, 60, 0.0
29, LOC_CITY_NAME_CHINGUETTI, 2.0, BUILDING_GRANARY, 2.0, 65, 0.0
29, LOC_CITY_NAME_NGAZARGAMU, 4.0, BUILDING_GRANARY, 44.0, 65, 0.0
29, LOC_CITY_NAME_ANTIOCH, 2.5, BUILDING_GRANARY, 41.0, 65, 0.0
29, LOC_CITY_NAME_YEREVAN, 12.0, UNIT_WARRIOR, 45.0, 40, 0.0
29, LOC_CITY_NAME_VATICAN_CITY, 3.5, BUILDING_GRANARY, 16.0, 65, 0.0
29, LOC_CITY_NAME_LISBON, 10.5, UNIT_BUILDER, 31.5, 54, 0.0
29, LOC_CITY_NAME_JOHANNESBURG, 4.0, BUILDING_GRANARY, 21.5, 65, 0.0
30, LOC_CITY_NAME_TYRE, 10.0, UNIT_WARRIOR, 29.0, 40, 0.0
30, LOC_CITY_NAME_ATHENS, 13.2, UNIT_WARRIOR, 49.2, 40, 8.0
30, LOC_CITY_HA_NOI, 8.4, BUILDING_GRANARY, 30.4, 65, 0.0
30, LOC_CITY_NAME_AMSTERDAM, 8.4, UNIT_SETTLER, 107.2, 110, 0.0
30, LOC_CITY_NAME_RA_KEDET, 6.8, DISTRICT_HOLY_SITE, 6.8, 63, 0.0
30, LOC_CITY_NAME_MBANZA_KONGO, 13.2, UNIT_SETTLER, 34.6, 80, 0.0
30, LOC_CITY_NAME_NAZCA, 3.0, BUILDING_MONUMENT, 56.0, 60, 0.0
30, LOC_CITY_NAME_HUNZA, 2.4, BUILDING_MONUMENT, 59.9, 60, 0.0
30, LOC_CITY_NAME_CHINGUETTI, 1.6, BUILDING_GRANARY, 3.6, 65, 0.0
30, LOC_CITY_NAME_NGAZARGAMU, 4.0, BUILDING_GRANARY, 48.0, 65, 0.0
30, LOC_CITY_NAME_ANTIOCH, 2.5, BUILDING_GRANARY, 43.5, 65, 0.0
30, LOC_CITY_NAME_YEREVAN, 4.0, UNIT_TRADER, 4.0, 44, 0.0
30, LOC_CITY_NAME_VATICAN_CITY, 3.5, BUILDING_GRANARY, 19.5, 65, 0.0
30, LOC_CITY_NAME_LISBON, 10.5, UNIT_BUILDER, 42.0, 54, 0.0
30, LOC_CITY_NAME_JOHANNESBURG, 4.0, BUILDING_GRANARY, 25.5, 65, 0.0
31, LOC_CITY_NAME_TYRE, 10.0, UNIT_WARRIOR, 39.0, 40, 0.0
31, LOC_CITY_NAME_ATHENS, 21.2, UNIT_SETTLER, 21.2, 80, 0.0
31, LOC_CITY_HA_NOI, 9.6, UNIT_ARCHER, 9.6, 60, 0.0
31, LOC_CITY_NAME_AMSTERDAM, 8.4, UNIT_SETTLER, 115.6, 110, 5.6
31, LOC_CITY_NAME_RA_KEDET, 6.0, DISTRICT_HOLY_SITE, 12.8, 63, 0.0
31, LOC_CITY_NAME_MBANZA_KONGO, 13.2, UNIT_SETTLER, 47.8, 80, 0.0
31, LOC_CITY_NAME_NAZCA, 3.0, BUILDING_MONUMENT, 59.0, 60, 0.0
31, LOC_CITY_NAME_HUNZA, 2.4, BUILDING_MONUMENT, 62.3, 60, 2.3
31, LOC_CITY_NAME_CHINGUETTI, 1.6, BUILDING_GRANARY, 5.2, 65, 0.0
31, LOC_CITY_NAME_NGAZARGAMU, 4.0, BUILDING_GRANARY, 52.0, 65, 0.0
31, LOC_CITY_NAME_ANTIOCH, 2.5, BUILDING_GRANARY, 46.0, 65, 0.0
31, LOC_CITY_NAME_YEREVAN, 4.0, UNIT_TRADER, 8.0, 44, 0.0
31, LOC_CITY_NAME_VATICAN_CITY, 3.5, BUILDING_GRANARY, 23.0, 65, 0.0
31, LOC_CITY_NAME_LISBON, 10.5, UNIT_BUILDER, 52.5, 54, 0.0
31, LOC_CITY_NAME_JOHANNESBURG, 4.0, BUILDING_GRANARY, 29.5, 65, 0.0
32, LOC_CITY_NAME_TYRE, 10.0, UNIT_WARRIOR, 49.0, 40, 9.0
32, LOC_CITY_NAME_ATHENS, 15.6, UNIT_SETTLER, 36.8, 80, 0.0
32, LOC_CITY_HA_NOI, 9.6, UNIT_ARCHER, 19.2, 60, 0.0
32, LOC_CITY_NAME_AMSTERDAM, 14.0, DISTRICT_HOLY_SITE, 14.0, 73, 0.0
32, LOC_CITY_NAME_RA_KEDET, 6.0, DISTRICT_HOLY_SITE, 18.8, 63, 0.0
32, LOC_CITY_NAME_MBANZA_KONGO, 13.2, UNIT_SETTLER, 61.0, 80, 0.0
32, LOC_CITY_NAME_NAZCA, 3.0, BUILDING_MONUMENT, 62.0, 60, 2.0
32, LOC_CITY_NAME_HUNZA, 14.1, UNIT_BUILDER, 14.1, 54, 0.0
32, LOC_CITY_NAME_CHINGUETTI, 1.6, BUILDING_GRANARY, 6.8, 65, 0.0
32, LOC_CITY_NAME_NGAZARGAMU, 4.0, BUILDING_GRANARY, 56.0, 65, 0.0
32, LOC_CITY_NAME_ANTIOCH, 2.5, BUILDING_GRANARY, 48.5, 65, 0.0
32, LOC_CITY_NAME_YEREVAN, 4.0, UNIT_TRADER, 12.0, 44, 0.0
32, LOC_CITY_NAME_VATICAN_CITY, 3.5, BUILDING_GRANARY, 26.5, 65, 0.0
32, LOC_CITY_NAME_LISBON, 9.6, UNIT_BUILDER, 62.1, 54, 1.7
32, LOC_CITY_NAME_JOHANNESBURG, 4.0, BUILDING_GRANARY, 33.5, 65, 0.0
33, LOC_CITY_NAME_TYRE, 19.0, BUILDING_GRANARY, 19.0, 65, 0.0
33, LOC_CITY_NAME_ATHENS, 15.6, UNIT_SETTLER, 52.4, 80, 0.0
33, LOC_CITY_HA_NOI, 9.6, UNIT_ARCHER, 28.8, 60, 0.0
33, LOC_CITY_NAME_AMSTERDAM, 8.4, DISTRICT_HOLY_SITE, 22.4, 73, 0.0
33, LOC_CITY_NAME_UTRECHT, 3.3, UNIT_SCOUT, 3.3, 30, 0.0
33, LOC_CITY_NAME_RA_KEDET, 8.4, DISTRICT_HOLY_SITE, 27.2, 63, 0.0
33, LOC_CITY_NAME_MBANZA_KONGO, 13.2, UNIT_SETTLER, 74.2, 80, 0.0
33, LOC_CITY_NAME_NAZCA, 5.0, BUILDING_GRANARY, 5.0, 65, 0.0
33, LOC_CITY_NAME_HUNZA, 7.2, UNIT_BUILDER, 21.3, 54, 0.0
33, LOC_CITY_NAME_CHINGUETTI, 1.6, BUILDING_GRANARY, 8.4, 65, 0.0
33, LOC_CITY_NAME_NGAZARGAMU, 4.5, BUILDING_GRANARY, 60.5, 65, 0.0
33, LOC_CITY_NAME_ANTIOCH, 2.5, BUILDING_GRANARY, 51.0, 65, 0.0
33, LOC_CITY_NAME_YEREVAN, 4.0, UNIT_TRADER, 16.0, 44, 0.0
33, LOC_CITY_NAME_VATICAN_CITY, 3.5, BUILDING_GRANARY, 30.0, 65, 0.0
33, LOC_CITY_NAME_LISBON, 4.9, BUILDING_GRANARY, 4.9, 65, 0.0
33, LOC_CITY_NAME_JOHANNESBURG, 4.0, BUILDING_GRANARY, 37.5, 65, 0.0
34, LOC_CITY_NAME_TYRE, 10.0, BUILDING_GRANARY, 29.0, 65, 0.0
34, LOC_CITY_NAME_ATHENS, 15.6, UNIT_SETTLER, 68.0, 80, 0.0
34, LOC_CITY_HA_NOI, 9.6, UNIT_ARCHER, 38.4, 60, 0.0
34, LOC_CITY_NAME_AMSTERDAM, 8.4, DISTRICT_HOLY_SITE, 30.8, 73, 0.0
34, LOC_CITY_NAME_RA_KEDET, 8.4, DISTRICT_HOLY_SITE, 35.6, 63, 0.0
34, LOC_CITY_NAME_MBANZA_KONGO, 13.2, UNIT_SETTLER, 87.4, 80, 7.4
34, LOC_CITY_NAME_NAZCA, 3.0, BUILDING_GRANARY, 8.0, 65, 0.0
34, LOC_CITY_NAME_HUNZA, 7.2, UNIT_BUILDER, 28.5, 54, 0.0
34, LOC_CITY_NAME_CHINGUETTI, 1.6, BUILDING_GRANARY, 10.0, 65, 0.0
34, LOC_CITY_NAME_NGAZARGAMU, 4.5, BUILDING_GRANARY, 65.0, 65, 0.0
34, LOC_CITY_NAME_ANTIOCH, 3.0, BUILDING_GRANARY, 54.0, 65, 0.0
34, LOC_CITY_NAME_YEREVAN, 4.0, UNIT_TRADER, 20.0, 44, 0.0
34, LOC_CITY_NAME_VATICAN_CITY, 3.5, BUILDING_GRANARY, 33.5, 65, 0.0
34, LOC_CITY_NAME_LISBON, 3.2, BUILDING_GRANARY, 8.1, 65, 0.0
34, LOC_CITY_NAME_JOHANNESBURG, 4.0, BUILDING_GRANARY, 41.5, 65, 0.0
35, LOC_CITY_NAME_TYRE, 10.0, BUILDING_GRANARY, 39.0, 65, 0.0
35, LOC_CITY_NAME_ATHENS, 15.6, UNIT_SETTLER, 83.6, 80, 2.4
35, LOC_CITY_HA_NOI, 9.6, UNIT_ARCHER, 48.0, 60, 0.0
35, LOC_CITY_NAME_AMSTERDAM, 8.4, DISTRICT_HOLY_SITE, 39.2, 73, 0.0
35, LOC_CITY_NAME_UTRECHT, 6.6, UNIT_BUILDER, 6.6, 54, 0.0
35, LOC_CITY_NAME_RA_KEDET, 8.4, DISTRICT_HOLY_SITE, 44.0, 63, 0.0
35, LOC_CITY_NAME_MBANZA_KONGO, 18.2, BUILDING_ETEMENANKI, 18.2, 220, 0.0
35, LOC_CITY_NAME_NAZCA, 3.0, BUILDING_GRANARY, 11.0, 65, 0.0
35, LOC_CITY_NAME_HUNZA, 7.2, UNIT_BUILDER, 35.7, 54, 0.0
35, LOC_CITY_NAME_CHINGUETTI, 1.6, BUILDING_GRANARY, 11.6, 65, 0.0
35, LOC_CITY_NAME_NGAZARGAMU, 5.0, UNIT_TRADER, 5.0, 44, 0.0
35, LOC_CITY_NAME_ANTIOCH, 3.0, BUILDING_GRANARY, 57.0, 65, 0.0
35, LOC_CITY_NAME_YEREVAN, 4.0, UNIT_TRADER, 24.0, 46, 0.0
35, LOC_CITY_NAME_VATICAN_CITY, 3.5, BUILDING_GRANARY, 37.0, 65, 0.0
35, LOC_CITY_NAME_LISBON, 3.2, BUILDING_GRANARY, 11.3, 65, 0.0
35, LOC_CITY_NAME_JOHANNESBURG, 4.0, BUILDING_GRANARY, 45.5, 65, 0.0
36, LOC_CITY_NAME_TYRE, 10.0, BUILDING_GRANARY, 49.0, 65, 0.0
36, LOC_CITY_NAME_ATHENS, 15.6, UNIT_BUILDER, 15.6, 54, 0.0
36, LOC_CITY_HA_NOI, 9.6, UNIT_ARCHER, 57.6, 60, 0.0
36, LOC_CITY_NAME_AMSTERDAM, 8.4, DISTRICT_HOLY_SITE, 47.6, 73, 0.0
36, LOC_CITY_NAME_UTRECHT, 3.3, UNIT_BUILDER, 9.9, 54, 0.0
36, LOC_CITY_NAME_MAASTRICHT, 3.3, UNIT_SCOUT, 3.3, 30, 0.0
36, LOC_CITY_NAME_RA_KEDET, 8.4, DISTRICT_HOLY_SITE, 52.4, 63, 0.0
36, LOC_CITY_NAME_MBANZA_KONGO, 10.8, BUILDING_ETEMENANKI, 29.0, 220, 0.0
36, LOC_CITY_NAME_NAZCA, 3.0, BUILDING_GRANARY, 14.0, 65, 0.0
36, LOC_CITY_NAME_HUNZA, 7.2, UNIT_BUILDER, 42.9, 54, 0.0
36, LOC_CITY_NAME_CHINGUETTI, 1.6, BUILDING_GRANARY, 13.2, 65, 0.0
36, LOC_CITY_NAME_NGAZARGAMU, 5.0, UNIT_TRADER, 10.0, 46, 0.0
36, LOC_CITY_NAME_ANTIOCH, 3.0, BUILDING_GRANARY, 60.0, 65, 0.0
36, LOC_CITY_NAME_YEREVAN, 4.0, UNIT_TRADER, 28.0, 47, 0.0
36, LOC_CITY_NAME_VATICAN_CITY, 3.5, BUILDING_GRANARY, 40.5, 65, 0.0
36, LOC_CITY_NAME_LISBON, 3.2, BUILDING_GRANARY, 14.5, 65, 0.0
36, LOC_CITY_NAME_JOHANNESBURG, 4.0, BUILDING_GRANARY, 49.5, 65, 0.0
37, LOC_CITY_NAME_TYRE, 10.0, BUILDING_GRANARY, 59.0, 65, 0.0
37, LOC_CITY_NAME_ATHENS, 13.2, UNIT_BUILDER, 28.8, 54, 0.0
37, LOC_CITY_HA_NOI, 9.6, UNIT_ARCHER, 67.2, 60, 7.2
37, LOC_CITY_NAME_AMSTERDAM, 8.4, DISTRICT_HOLY_SITE, 56.0, 73, 0.0
37, LOC_CITY_NAME_UTRECHT, 3.3, UNIT_BUILDER, 13.2, 54, 0.0
37, LOC_CITY_NAME_RA_KEDET, 8.4, DISTRICT_HOLY_SITE, 60.8, 63, 0.0
37, LOC_CITY_NAME_MBANZA_KONGO, 13.2, BUILDING_ETEMENANKI, 42.2, 220, 0.0
37, LOC_CITY_NAME_NAZCA, 3.0, BUILDING_GRANARY, 17.0, 65, 0.0
37, LOC_CITY_NAME_HUNZA, 7.2, UNIT_BUILDER, 50.2, 54, 0.0
37, LOC_CITY_NAME_CHINGUETTI, 1.6, BUILDING_GRANARY, 14.8, 65, 0.0
37, LOC_CITY_NAME_NGAZARGAMU, 5.0, UNIT_TRADER, 15.0, 46, 0.0
37, LOC_CITY_NAME_ANTIOCH, 3.0, BUILDING_GRANARY, 63.0, 65, 0.0
37, LOC_CITY_NAME_YEREVAN, 4.0, UNIT_TRADER, 32.0, 47, 0.0
37, LOC_CITY_NAME_VATICAN_CITY, 3.5, BUILDING_GRANARY, 44.0, 65, 0.0
37, LOC_CITY_NAME_LISBON, 3.2, BUILDING_GRANARY, 17.7, 65, 0.0
37, LOC_CITY_NAME_JOHANNESBURG, 4.0, BUILDING_GRANARY, 53.5, 65, 0.0
38, LOC_CITY_NAME_TYRE, 11.0, BUILDING_GRANARY, 70.0, 65, 5.0
38, LOC_CITY_NAME_ATHENS, 13.2, UNIT_BUILDER, 42.0, 54, 0.0
38, LOC_CITY_HA_NOI, 16.8, UNIT_ARCHER, 16.8, 60, 0.0
38, LOC_CITY_NAME_AMSTERDAM, 8.4, DISTRICT_HOLY_SITE, 64.4, 73, 0.0
38, LOC_CITY_NAME_UTRECHT, 3.3, UNIT_BUILDER, 16.5, 54, 0.0
38, LOC_CITY_NAME_MAASTRICHT, 6.6, DISTRICT_HOLY_SITE, 6.6, 73, 0.0
38, LOC_CITY_NAME_RA_KEDET, 8.4, DISTRICT_HOLY_SITE, 69.2, 63, 5.0
38, LOC_CITY_NAME_MBANZA_KONGO, 13.2, BUILDING_ETEMENANKI, 55.4, 220, 0.0
38, LOC_CITY_NAME_NAZCA, 3.0, BUILDING_GRANARY, 20.0, 65, 0.0
38, LOC_CITY_NAME_HUNZA, 7.2, UNIT_BUILDER, 57.4, 54, 0.0
38, LOC_CITY_NAME_CHINGUETTI, 1.6, BUILDING_GRANARY, 16.4, 65, 0.0
38, LOC_CITY_NAME_NGAZARGAMU, 5.0, UNIT_TRADER, 20.0, 46, 0.0
38, LOC_CITY_NAME_ANTIOCH, 3.0, BUILDING_GRANARY, 66.0, 65, 1.0
38, LOC_CITY_NAME_YEREVAN, 4.5, UNIT_TRADER, 36.5, 47, 0.0
38, LOC_CITY_NAME_VATICAN_CITY, 3.5, BUILDING_GRANARY, 47.5, 65, 0.0
38, LOC_CITY_NAME_LISBON, 3.2, BUILDING_GRANARY, 20.9, 65, 0.0
38, LOC_CITY_NAME_JOHANNESBURG, 4.0, BUILDING_GRANARY, 57.5, 65, 0.0
39, LOC_CITY_NAME_TYRE, 16.0, UNIT_SETTLER, 64.0, 80, 0.0
39, LOC_CITY_NAME_ATHENS, 13.2, UNIT_BUILDER, 55.2, 54, 0.0
39, LOC_CITY_HA_NOI, 9.6, UNIT_ARCHER, 26.4, 60, 0.0
39, LOC_CITY_NAME_AMSTERDAM, 8.4, DISTRICT_HOLY_SITE, 72.8, 73, 0.0
39, LOC_CITY_NAME_UTRECHT, 3.3, UNIT_BUILDER, 19.8, 54, 0.0
39, LOC_CITY_NAME_MAASTRICHT, 3.3, DISTRICT_HOLY_SITE, 9.9, 73, 0.0
39, LOC_CITY_NAME_RA_KEDET, 12.2, UNIT_TRADER, 12.2, 43, 0.0
39, LOC_CITY_NAME_MBANZA_KONGO, 13.2, BUILDING_ETEMENANKI, 68.6, 220, 0.0
39, LOC_CITY_NAME_NAZCA, 2.4, BUILDING_GRANARY, 22.4, 65, 0.0
39, LOC_CITY_NAME_HUNZA, 2.8, BUILDING_GRANARY, 2.8, 65, 0.0
39, LOC_CITY_NAME_CHINGUETTI, 1.6, BUILDING_GRANARY, 18.0, 65, 0.0
39, LOC_CITY_NAME_NGAZARGAMU, 5.0, UNIT_TRADER, 25.0, 46, 0.0
39, LOC_CITY_NAME_ANTIOCH, 12.0, UNIT_BUILDER, 12.0, 54, 0.0
39, LOC_CITY_NAME_YEREVAN, 4.5, UNIT_TRADER, 41.0, 47, 0.0
39, LOC_CITY_NAME_VATICAN_CITY, 3.5, BUILDING_GRANARY, 51.0, 65, 0.0
39, LOC_CITY_NAME_LISBON, 3.2, BUILDING_GRANARY, 24.1, 65, 0.0
39, LOC_CITY_NAME_JOHANNESBURG, 4.0, BUILDING_GRANARY, 61.5, 65, 0.0
40, LOC_CITY_NAME_TYRE, 11.0, UNIT_SETTLER, 75.0, 80, 0.0
40, LOC_CITY_NAME_ATHENS, 12.0, DISTRICT_ENCAMPMENT, 12.0, 73, 0.0
40, LOC_CITY_NAME_ARGOS, 4.8, BUILDING_MONUMENT, 4.8, 60, 0.0
40, LOC_CITY_HA_NOI, 8.8, UNIT_ARCHER, 35.2, 60, 0.0
40, LOC_CITY_NAME_AMSTERDAM, 8.4, DISTRICT_HOLY_SITE, 81.2, 73, 8.2
40, LOC_CITY_NAME_UTRECHT, 3.3, UNIT_BUILDER, 23.1, 54, 0.0
40, LOC_CITY_NAME_MAASTRICHT, 3.3, DISTRICT_HOLY_SITE, 13.2, 73, 0.0
40, LOC_CITY_NAME_RA_KEDET, 7.2, UNIT_TRADER, 19.4, 43, 0.0
40, LOC_CITY_NAME_MBANZA_KONGO, 13.2, BUILDING_ETEMENANKI, 81.8, 220, 0.0
40, LOC_CITY_NAME_NAZCA, 2.4, BUILDING_GRANARY, 24.8, 65, 0.0
40, LOC_CITY_NAME_HUNZA, 2.8, BUILDING_GRANARY, 5.6, 65, 0.0
40, LOC_CITY_NAME_CHINGUETTI, 1.6, BUILDING_GRANARY, 19.6, 65, 0.0
40, LOC_CITY_NAME_NGAZARGAMU, 5.0, UNIT_TRADER, 30.0, 46, 0.0
40, LOC_CITY_NAME_ANTIOCH, 9.0, UNIT_BUILDER, 21.0, 54, 0.0
40, LOC_CITY_NAME_YEREVAN, 4.5, UNIT_TRADER, 45.5, 47, 0.0
40, LOC_CITY_NAME_VATICAN_CITY, 3.5, BUILDING_GRANARY, 54.5, 65, 0.0
40, LOC_CITY_NAME_LISBON, 3.2, BUILDING_GRANARY, 27.3, 65, 0.0
40, LOC_CITY_NAME_JOHANNESBURG, 4.0, BUILDING_GRANARY, 65.5, 65, 0.5
41, LOC_CITY_NAME_TYRE, 11.0, UNIT_SETTLER, 86.0, 80, 6.0
41, LOC_CITY_NAME_ATHENS, 12.0, DISTRICT_ENCAMPMENT, 24.0, 73, 0.0
41, LOC_CITY_HA_NOI, 8.8, UNIT_ARCHER, 44.0, 60, 0.0
41, LOC_CITY_NAME_AMSTERDAM, 16.6, UNIT_SETTLER, 16.6, 140, 0.0
41, LOC_CITY_NAME_UTRECHT, 3.3, UNIT_BUILDER, 26.4, 54, 0.0
41, LOC_CITY_NAME_MAASTRICHT, 3.3, DISTRICT_HOLY_SITE, 16.5, 73, 0.0
41, LOC_CITY_NAME_RA_KEDET, 7.2, UNIT_TRADER, 26.6, 46, 0.0
41, LOC_CITY_NAME_MBANZA_KONGO, 13.2, BUILDING_ETEMENANKI, 94.9, 220, 0.0
41, LOC_CITY_NAME_NAZCA, 2.4, BUILDING_GRANARY, 27.2, 65, 0.0
41, LOC_CITY_NAME_HUNZA, 2.8, BUILDING_GRANARY, 8.4, 65, 0.0
41, LOC_CITY_NAME_CHINGUETTI, 1.6, BUILDING_GRANARY, 21.2, 65, 0.0
41, LOC_CITY_NAME_NGAZARGAMU, 5.0, UNIT_TRADER, 35.0, 46, 0.0
41, LOC_CITY_NAME_ANTIOCH, 9.0, UNIT_BUILDER, 30.0, 54, 0.0
41, LOC_CITY_NAME_YEREVAN, 4.5, UNIT_TRADER, 50.0, 47, 3.0
41, LOC_CITY_NAME_VATICAN_CITY, 3.5, BUILDING_GRANARY, 58.0, 65, 0.0
41, LOC_CITY_NAME_LISBON, 3.2, BUILDING_GRANARY, 30.5, 65, 0.0
41, LOC_CITY_NAME_JOHANNESBURG, 13.5, UNIT_ARCHER, 13.5, 60, 0.0
42, LOC_CITY_NAME_TYRE, 17.0, BUILDING_STONEHENGE, 17.0, 180, 0.0
42, LOC_CITY_NAME_ATHENS, 12.0, DISTRICT_ENCAMPMENT, 36.0, 73, 0.0
42, LOC_CITY_NAME_ARGOS, 9.6, UNIT_BUILDER, 9.6, 58, 0.0
42, LOC_CITY_HA_NOI, 8.8, UNIT_ARCHER, 52.8, 60, 0.0
42, LOC_CITY_NAME_AMSTERDAM, 8.4, UNIT_SETTLER, 24.9, 140, 0.0
42, LOC_CITY_NAME_UTRECHT, 5.5, UNIT_BUILDER, 31.9, 54, 0.0
42, LOC_CITY_NAME_MAASTRICHT, 3.3, DISTRICT_HOLY_SITE, 19.8, 73, 0.0
42, LOC_CITY_NAME_RA_KEDET, 7.2, UNIT_WARRIOR, 7.2, 40, 0.0
42, LOC_CITY_NAME_MBANZA_KONGO, 13.2, BUILDING_ETEMENANKI, 108.1, 220, 0.0
42, LOC_CITY_NAME_MBAMBA, 3.3, UNIT_TRADER, 3.3, 47, 0.0
42, LOC_CITY_NAME_NAZCA, 2.4, BUILDING_GRANARY, 29.6, 65, 0.0
42, LOC_CITY_NAME_HUNZA, 2.8, BUILDING_GRANARY, 11.2, 65, 0.0
42, LOC_CITY_NAME_CHINGUETTI, 1.6, BUILDING_GRANARY, 22.8, 65, 0.0
42, LOC_CITY_NAME_NGAZARGAMU, 5.0, UNIT_TRADER, 40.0, 46, 0.0
42, LOC_CITY_NAME_ANTIOCH, 9.0, UNIT_BUILDER, 39.0, 54, 0.0
42, LOC_CITY_NAME_YEREVAN, 22.5, UNIT_ARCHER, 22.5, 60, 0.0
42, LOC_CITY_NAME_VATICAN_CITY, 3.5, BUILDING_GRANARY, 61.5, 65, 0.0
42, LOC_CITY_NAME_LISBON, 3.2, BUILDING_GRANARY, 33.7, 65, 0.0
42, LOC_CITY_NAME_JOHANNESBURG, 12.0, UNIT_ARCHER, 25.5, 60, 0.0
43, LOC_CITY_NAME_TYRE, 11.0, UNIT_SETTLER, 11.0, 110, 0.0
43, LOC_CITY_NAME_ATHENS, 12.0, DISTRICT_ENCAMPMENT, 48.0, 73, 0.0
43, LOC_CITY_NAME_ARGOS, 4.8, UNIT_BUILDER, 14.4, 58, 0.0
43, LOC_CITY_HA_NOI, 8.8, UNIT_ARCHER, 61.6, 60, 1.6
43, LOC_CITY_NAME_AMSTERDAM, 8.4, UNIT_SETTLER, 33.3, 140, 0.0
43, LOC_CITY_NAME_UTRECHT, 5.5, UNIT_BUILDER, 37.4, 54, 0.0
43, LOC_CITY_NAME_MAASTRICHT, 3.3, DISTRICT_HOLY_SITE, 23.1, 73, 0.0
43, LOC_CITY_NAME_RA_KEDET, 8.4, UNIT_WARRIOR, 15.6, 40, 0.0
43, LOC_CITY_NAME_MBANZA_KONGO, 13.2, BUILDING_ETEMENANKI, 121.3, 220, 0.0
43, LOC_CITY_NAME_NAZCA, 2.4, BUILDING_GRANARY, 32.0, 65, 0.0
43, LOC_CITY_NAME_HUNZA, 2.8, BUILDING_GRANARY, 14.0, 65, 0.0
43, LOC_CITY_NAME_CHINGUETTI, 1.6, BUILDING_GRANARY, 24.4, 65, 0.0
43, LOC_CITY_NAME_NGAZARGAMU, 5.0, UNIT_TRADER, 45.0, 46, 0.0
43, LOC_CITY_NAME_ANTIOCH, 9.0, UNIT_BUILDER, 48.0, 54, 0.0
43, LOC_CITY_NAME_YEREVAN, 13.5, UNIT_ARCHER, 36.0, 60, 0.0
43, LOC_CITY_NAME_VATICAN_CITY, 3.5, BUILDING_GRANARY, 65.0, 65, 0.0
43, LOC_CITY_NAME_LISBON, 3.2, BUILDING_GRANARY, 36.9, 65, 0.0
43, LOC_CITY_NAME_JOHANNESBURG, 12.0, UNIT_ARCHER, 37.5, 60, 0.0
44, LOC_CITY_NAME_TYRE, 11.0, UNIT_PHOENICIA_BIREME, 11.0, 65, 0.0
44, LOC_CITY_NAME_ATHENS, 14.4, DISTRICT_ENCAMPMENT, 62.4, 73, 0.0
44, LOC_CITY_NAME_ARGOS, 4.8, UNIT_BUILDER, 19.2, 58, 0.0
44, LOC_CITY_NAME_ATHENS, 29.0, DISTRICT_ENCAMPMENT, 91.4, 73, 18.4
44, LOC_CITY_HA_NOI, 11.5, UNIT_SETTLER, 11.5, 110, 0.0
44, LOC_CITY_NAME_AMSTERDAM, 8.4, UNIT_SETTLER, 41.7, 140, 0.0
44, LOC_CITY_NAME_UTRECHT, 5.5, UNIT_BUILDER, 42.9, 54, 0.0
44, LOC_CITY_NAME_MAASTRICHT, 3.3, DISTRICT_HOLY_SITE, 26.4, 73, 0.0
44, LOC_CITY_NAME_RA_KEDET, 8.4, UNIT_WARRIOR, 24.0, 40, 0.0
44, LOC_CITY_NAME_MBANZA_KONGO, 13.2, BUILDING_ETEMENANKI, 134.5, 220, 0.0
44, LOC_CITY_NAME_MBAMBA, 6.6, DISTRICT_CAMPUS, 6.6, 83, 0.0
44, LOC_CITY_NAME_NAZCA, 2.4, BUILDING_GRANARY, 34.4, 65, 0.0
44, LOC_CITY_NAME_HUNZA, 2.8, BUILDING_GRANARY, 16.8, 65, 0.0
44, LOC_CITY_NAME_CHINGUETTI, 1.6, BUILDING_GRANARY, 26.0, 65, 0.0
44, LOC_CITY_NAME_NGAZARGAMU, 5.0, UNIT_TRADER, 50.0, 46, 4.0
44, LOC_CITY_NAME_ANTIOCH, 9.0, UNIT_BUILDER, 57.0, 54, 0.0
44, LOC_CITY_NAME_YEREVAN, 13.5, UNIT_ARCHER, 49.5, 60, 0.0
44, LOC_CITY_NAME_VATICAN_CITY, 12.0, UNIT_ARCHER, 12.0, 60, 0.0
44, LOC_CITY_NAME_LISBON, 3.2, BUILDING_GRANARY, 40.1, 65, 0.0
44, LOC_CITY_NAME_JOHANNESBURG, 12.0, UNIT_ARCHER, 49.5, 60, 0.0
45, LOC_CITY_NAME_TYRE, 11.0, UNIT_PHOENICIA_BIREME, 22.0, 65, 0.0
45, LOC_CITY_NAME_ARGOS, 7.2, UNIT_BUILDER, 26.4, 58, 0.0
45, LOC_CITY_HA_NOI, 8.8, UNIT_SETTLER, 20.3, 110, 0.0
45, LOC_CITY_NAME_AMSTERDAM, 9.6, UNIT_SETTLER, 51.3, 140, 0.0
45, LOC_CITY_NAME_UTRECHT, 6.6, UNIT_BUILDER, 49.5, 54, 0.0
45, LOC_CITY_NAME_MAASTRICHT, 4.4, DISTRICT_HOLY_SITE, 30.8, 73, 0.0
45, LOC_CITY_NAME_RA_KEDET, 8.4, UNIT_WARRIOR, 32.4, 40, 0.0
45, LOC_CITY_NAME_MBANZA_KONGO, 13.2, BUILDING_ETEMENANKI, 147.7, 220, 0.0
45, LOC_CITY_NAME_MBAMBA, 3.3, DISTRICT_CAMPUS, 9.9, 83, 0.0
45, LOC_CITY_NAME_NAZCA, 2.4, BUILDING_GRANARY, 36.8, 65, 0.0
45, LOC_CITY_NAME_HUNZA, 2.8, BUILDING_GRANARY, 19.6, 65, 0.0
45, LOC_CITY_NAME_CHINGUETTI, 1.6, BUILDING_GRANARY, 27.6, 65, 0.0
45, LOC_CITY_NAME_NGAZARGAMU, 27.0, UNIT_ARCHER, 27.0, 60, 0.0
45, LOC_CITY_NAME_ANTIOCH, 9.0, UNIT_ARCHER, 9.0, 60, 0.0
45, LOC_CITY_NAME_YEREVAN, 13.5, UNIT_ARCHER, 63.0, 60, 0.0
45, LOC_CITY_NAME_VATICAN_CITY, 12.0, UNIT_ARCHER, 24.0, 60, 0.0
45, LOC_CITY_NAME_LISBON, 3.2, BUILDING_GRANARY, 43.3, 65, 0.0
45, LOC_CITY_NAME_JOHANNESBURG, 12.0, UNIT_ARCHER, 61.5, 60, 0.0
46, LOC_CITY_NAME_TYRE, 11.0, UNIT_PHOENICIA_BIREME, 33.0, 65, 0.0
46, LOC_CITY_NAME_ATHENS, 48.4, UNIT_SETTLER, 48.4, 110, 0.0
46, LOC_CITY_NAME_ARGOS, 7.2, UNIT_BUILDER, 33.6, 58, 0.0
46, LOC_CITY_HA_NOI, 9.9, UNIT_SETTLER, 30.2, 110, 0.0
46, LOC_CITY_NAME_AMSTERDAM, 9.6, UNIT_SETTLER, 60.9, 140, 0.0
46, LOC_CITY_NAME_UTRECHT, 6.6, UNIT_BUILDER, 56.1, 54, 2.1
46, LOC_CITY_NAME_MAASTRICHT, 4.4, DISTRICT_HOLY_SITE, 35.2, 73, 0.0
46, LOC_CITY_NAME_RA_KEDET, 8.4, UNIT_WARRIOR, 40.8, 40, 0.8
46, LOC_CITY_NAME_MBANZA_KONGO, 13.2, BUILDING_ETEMENANKI, 160.9, 220, 0.0
46, LOC_CITY_NAME_MBAMBA, 3.3, DISTRICT_CAMPUS, 13.2, 83, 0.0
46, LOC_CITY_NAME_NAZCA, 2.4, BUILDING_GRANARY, 39.2, 65, 0.0
46, LOC_CITY_NAME_HUNZA, 2.8, BUILDING_GRANARY, 22.4, 65, 0.0
46, LOC_CITY_NAME_CHINGUETTI, 2.0, BUILDING_GRANARY, 29.6, 65, 0.0
46, LOC_CITY_NAME_NGAZARGAMU, 15.0, UNIT_ARCHER, 42.0, 60, 0.0
46, LOC_CITY_NAME_ANTIOCH, 10.5, UNIT_ARCHER, 19.5, 60, 0.0
46, LOC_CITY_NAME_YEREVAN, 4.5, BUILDING_GRANARY, 4.5, 65, 0.0
46, LOC_CITY_NAME_VATICAN_CITY, 12.0, UNIT_ARCHER, 36.0, 60, 0.0
46, LOC_CITY_NAME_LISBON, 3.2, BUILDING_GRANARY, 46.5, 65, 0.0
46, LOC_CITY_NAME_JOHANNESBURG, 12.0, UNIT_ARCHER, 12.0, 60, 0.0
47, LOC_CITY_NAME_TYRE, 11.0, UNIT_PHOENICIA_BIREME, 44.0, 65, 0.0
47, LOC_CITY_NAME_ATHENS, 15.6, UNIT_SETTLER, 64.0, 110, 0.0
47, LOC_CITY_NAME_ARGOS, 7.2, UNIT_BUILDER, 40.8, 58, 0.0
47, LOC_CITY_HA_NOI, 9.9, UNIT_SETTLER, 40.1, 110, 0.0
47, LOC_CITY_NAME_AMSTERDAM, 9.6, UNIT_SETTLER, 70.5, 140, 0.0
47, LOC_CITY_NAME_UTRECHT, 8.7, UNIT_TRADER, 8.7, 47, 0.0
47, LOC_CITY_NAME_MAASTRICHT, 4.4, DISTRICT_HOLY_SITE, 39.6, 73, 0.0
47, LOC_CITY_NAME_RA_KEDET, 9.2, UNIT_WARRIOR, 9.2, 40, 0.0
47, LOC_CITY_NAME_MBANZA_KONGO, 13.2, BUILDING_ETEMENANKI, 174.1, 220, 0.0
47, LOC_CITY_NAME_MBAMBA, 3.3, DISTRICT_CAMPUS, 16.5, 83, 0.0
47, LOC_CITY_NAME_NAZCA, 2.4, BUILDING_GRANARY, 41.6, 65, 0.0
47, LOC_CITY_NAME_HUNZA, 2.8, BUILDING_GRANARY, 25.2, 65, 0.0
47, LOC_CITY_NAME_CHINGUETTI, 2.0, BUILDING_GRANARY, 31.6, 65, 0.0
47, LOC_CITY_NAME_NGAZARGAMU, 15.0, UNIT_ARCHER, 57.0, 60, 0.0
47, LOC_CITY_NAME_ANTIOCH, 10.5, UNIT_ARCHER, 30.0, 60, 0.0
47, LOC_CITY_NAME_YEREVAN, 4.5, BUILDING_GRANARY, 9.0, 65, 0.0
47, LOC_CITY_NAME_VATICAN_CITY, 12.0, UNIT_ARCHER, 48.0, 60, 0.0
47, LOC_CITY_NAME_LISBON, 3.2, BUILDING_GRANARY, 49.8, 65, 0.0
47, LOC_CITY_NAME_JOHANNESBURG, 12.0, UNIT_ARCHER, 24.0, 60, 0.0
48, LOC_CITY_NAME_TYRE, 11.0, UNIT_PHOENICIA_BIREME, 55.0, 65, 0.0
48, LOC_CITY_NAME_ATHENS, 15.6, UNIT_SETTLER, 79.6, 110, 0.0
48, LOC_CITY_NAME_ARGOS, 7.2, UNIT_BUILDER, 48.0, 58, 0.0
48, LOC_CITY_HA_NOI, 9.9, UNIT_BUILDER, 9.9, 54, 0.0
48, LOC_CITY_DA_NANG, 8.8, UNIT_BUILDER, 8.8, 54, 0.0
48, LOC_CITY_NAME_AMSTERDAM, 9.6, UNIT_SETTLER, 80.1, 140, 0.0
48, LOC_CITY_NAME_UTRECHT, 6.6, UNIT_TRADER, 15.3, 47, 0.0
48, LOC_CITY_NAME_MAASTRICHT, 4.4, DISTRICT_HOLY_SITE, 44.0, 73, 0.0
48, LOC_CITY_NAME_RA_KEDET, 8.4, UNIT_WARRIOR, 17.6, 40, 0.0
48, LOC_CITY_NAME_MBANZA_KONGO, 14.4, BUILDING_ETEMENANKI, 188.5, 220, 0.0
48, LOC_CITY_NAME_MBAMBA, 4.4, DISTRICT_CAMPUS, 20.9, 83, 0.0
48, LOC_CITY_NAME_NAZCA, 2.4, BUILDING_GRANARY, 44.0, 65, 0.0
48, LOC_CITY_NAME_HUNZA, 2.8, BUILDING_GRANARY, 28.0, 65, 0.0
48, LOC_CITY_NAME_CHINGUETTI, 2.0, BUILDING_GRANARY, 33.6, 65, 0.0
48, LOC_CITY_NAME_NGAZARGAMU, 15.0, UNIT_ARCHER, 72.0, 60, 2.0
48, LOC_CITY_NAME_ANTIOCH, 10.5, UNIT_ARCHER, 40.5, 60, 0.0
48, LOC_CITY_NAME_YEREVAN, 4.5, BUILDING_GRANARY, 13.5, 65, 0.0
48, LOC_CITY_NAME_VATICAN_CITY, 12.0, UNIT_ARCHER, 60.0, 60, 0.0
48, LOC_CITY_NAME_LISBON, 3.2, BUILDING_GRANARY, 53.0, 65, 0.0
48, LOC_CITY_NAME_JOHANNESBURG, 12.0, UNIT_ARCHER, 36.0, 60, 0.0
49, LOC_CITY_NAME_TYRE, 11.0, UNIT_PHOENICIA_BIREME, 66.0, 65, 1.0
49, LOC_CITY_NAME_ATHENS, 15.6, UNIT_SETTLER, 95.2, 110, 0.0
49, LOC_CITY_NAME_ARGOS, 7.2, UNIT_BUILDER, 55.2, 58, 0.0
49, LOC_CITY_HA_NOI, 9.9, UNIT_BUILDER, 19.8, 54, 0.0
49, LOC_CITY_DA_NANG, 4.4, UNIT_BUILDER, 13.2, 54, 0.0
49, LOC_CITY_NAME_AMSTERDAM, 9.6, UNIT_WARRIOR, 9.6, 40, 0.0
49, LOC_CITY_NAME_UTRECHT, 6.6, UNIT_TRADER, 21.9, 47, 0.0
49, LOC_CITY_NAME_MAASTRICHT, 4.4, DISTRICT_HOLY_SITE, 48.4, 73, 0.0
49, LOC_CITY_NAME_RA_KEDET, 8.4, UNIT_WARRIOR, 26.0, 40, 0.0
49, LOC_CITY_NAME_MBANZA_KONGO, 14.4, BUILDING_ETEMENANKI, 202.9, 220, 0.0
49, LOC_CITY_NAME_MBAMBA, 6.6, DISTRICT_CAMPUS, 27.5, 83, 0.0
49, LOC_CITY_NAME_NAZCA, 2.4, BUILDING_GRANARY, 46.4, 65, 0.0
49, LOC_CITY_NAME_HUNZA, 2.8, BUILDING_GRANARY, 30.8, 65, 0.0
49, LOC_CITY_NAME_CHINGUETTI, 2.0, BUILDING_GRANARY, 35.6, 65, 0.0
49, LOC_CITY_NAME_NGAZARGAMU, 21.0, UNIT_ARCHER, 21.0, 60, 0.0
49, LOC_CITY_NAME_ANTIOCH, 9.0, UNIT_ARCHER, 49.5, 60, 0.0
49, LOC_CITY_NAME_YEREVAN, 4.5, BUILDING_GRANARY, 18.0, 65, 0.0
49, LOC_CITY_NAME_VATICAN_CITY, 4.0, UNIT_TRADER, 4.0, 49, 0.0
49, LOC_CITY_NAME_LISBON, 3.2, BUILDING_GRANARY, 56.2, 65, 0.0
49, LOC_CITY_NAME_JOHANNESBURG, 12.0, UNIT_ARCHER, 48.0, 60, 0.0
50, LOC_CITY_NAME_TYRE, 12.0, UNIT_PHOENICIA_BIREME, 12.0, 65, 0.0
50, LOC_CITY_NAME_ATHENS, 15.6, UNIT_SETTLER, 110.8, 110, 0.0
50, LOC_CITY_NAME_ARGOS, 7.2, UNIT_BUILDER, 62.4, 58, 4.4
50, LOC_CITY_HA_NOI, 9.9, UNIT_BUILDER, 29.7, 54, 0.0
50, LOC_CITY_DA_NANG, 4.4, UNIT_BUILDER, 17.6, 54, 0.0
50, LOC_CITY_NAME_AMSTERDAM, 9.6, UNIT_WARRIOR, 19.2, 40, 0.0
50, LOC_CITY_NAME_UTRECHT, 6.6, UNIT_TRADER, 28.5, 47, 0.0
50, LOC_CITY_NAME_MAASTRICHT, 4.4, DISTRICT_HOLY_SITE, 52.8, 73, 0.0
50, LOC_CITY_NAME_RA_KEDET, 6.0, UNIT_WARRIOR, 32.0, 40, 0.0
50, LOC_CITY_NAME_MBANZA_KONGO, 14.4, BUILDING_ETEMENANKI, 217.3, 220, 0.0
50, LOC_CITY_NAME_MBAMBA, 7.7, DISTRICT_CAMPUS, 35.2, 83, 0.0
50, LOC_CITY_NAME_NAZCA, 2.4, BUILDING_GRANARY, 48.8, 65, 0.0
50, LOC_CITY_NAME_HUNZA, 3.6, BUILDING_GRANARY, 34.4, 65, 0.0
50, LOC_CITY_NAME_CHINGUETTI, 2.0, BUILDING_GRANARY, 37.6, 65, 0.0
50, LOC_CITY_NAME_NGAZARGAMU, 18.0, UNIT_ARCHER, 39.0, 60, 0.0
50, LOC_CITY_NAME_ANTIOCH, 9.0, UNIT_ARCHER, 58.5, 60, 0.0
50, LOC_CITY_NAME_YEREVAN, 5.0, BUILDING_GRANARY, 23.0, 65, 0.0
50, LOC_CITY_NAME_VATICAN_CITY, 4.0, UNIT_TRADER, 8.0, 49, 0.0
50, LOC_CITY_NAME_LISBON, 3.2, BUILDING_GRANARY, 59.4, 65, 0.0
50, LOC_CITY_NAME_JOHANNESBURG, 12.0, UNIT_ARCHER, 60.0, 60, 0.0
51, LOC_CITY_NAME_TYRE, 11.0, UNIT_PHOENICIA_BIREME, 23.0, 65, 0.0
51, LOC_CITY_NAME_ATHENS, 13.2, UNIT_BUILDER, 13.2, 62, 0.0
51, LOC_CITY_NAME_ARGOS, 10.4, BUILDING_MONUMENT, 15.2, 60, 0.0
51, LOC_CITY_HA_NOI, 9.9, UNIT_BUILDER, 39.6, 54, 0.0
51, LOC_CITY_DA_NANG, 4.4, UNIT_BUILDER, 22.0, 54, 0.0
51, LOC_CITY_NAME_AMSTERDAM, 9.6, UNIT_WARRIOR, 28.8, 40, 0.0
51, LOC_CITY_NAME_UTRECHT, 6.6, UNIT_TRADER, 35.1, 49, 0.0
51, LOC_CITY_NAME_MAASTRICHT, 4.4, DISTRICT_HOLY_SITE, 57.2, 73, 0.0
51, LOC_CITY_NAME_RA_KEDET, 9.6, UNIT_WARRIOR, 41.6, 40, 1.6
51, LOC_CITY_NAME_MBANZA_KONGO, 14.4, BUILDING_ETEMENANKI, 231.7, 220, 11.7
51, LOC_CITY_NAME_MBAMBA, 8.8, DISTRICT_CAMPUS, 44.0, 83, 0.0
51, LOC_CITY_NAME_NAZCA, 2.4, BUILDING_GRANARY, 51.2, 65, 0.0
51, LOC_CITY_NAME_HUNZA, 3.6, BUILDING_GRANARY, 38.0, 65, 0.0
51, LOC_CITY_NAME_CHINGUETTI, 2.0, BUILDING_GRANARY, 39.6, 65, 0.0
51, LOC_CITY_NAME_NGAZARGAMU, 19.5, UNIT_ARCHER, 58.5, 60, 0.0
51, LOC_CITY_NAME_ANTIOCH, 9.0, UNIT_ARCHER, 67.5, 60, 1.5
51, LOC_CITY_NAME_YEREVAN, 5.0, BUILDING_GRANARY, 28.0, 65, 0.0
51, LOC_CITY_NAME_VATICAN_CITY, 4.0, UNIT_TRADER, 12.0, 49, 0.0
51, LOC_CITY_NAME_LISBON, 3.2, BUILDING_GRANARY, 62.6, 65, 0.0
51, LOC_CITY_NAME_JOHANNESBURG, 12.0, UNIT_ARCHER, 12.0, 60, 0.0
52, LOC_CITY_NAME_TYRE, 11.0, UNIT_PHOENICIA_BIREME, 34.0, 65, 0.0
52, LOC_CITY_NAME_ATHENS, 13.2, UNIT_BUILDER, 26.4, 62, 0.0
52, LOC_CITY_NAME_ARGOS, 6.0, BUILDING_MONUMENT, 21.2, 60, 0.0
52, LOC_CITY_HA_NOI, 9.9, UNIT_BUILDER, 49.5, 54, 0.0
52, LOC_CITY_DA_NANG, 4.4, UNIT_BUILDER, 26.4, 54, 0.0
52, LOC_CITY_NAME_AMSTERDAM, 9.6, UNIT_WARRIOR, 38.4, 40, 0.0
52, LOC_CITY_NAME_UTRECHT, 6.6, UNIT_TRADER, 41.7, 49, 0.0
52, LOC_CITY_NAME_MAASTRICHT, 4.4, DISTRICT_HOLY_SITE, 61.6, 73, 0.0
52, LOC_CITY_NAME_RA_KEDET, 7.6, UNIT_WARRIOR, 7.6, 40, 0.0
52, LOC_CITY_NAME_MBANZA_KONGO, 27.1, UNIT_SETTLER, 27.1, 110, 0.0
52, LOC_CITY_NAME_MBAMBA, 8.8, DISTRICT_CAMPUS, 52.8, 83, 0.0
52, LOC_CITY_NAME_NAZCA, 2.4, BUILDING_GRANARY, 53.6, 65, 0.0
52, LOC_CITY_NAME_HUNZA, 3.6, BUILDING_GRANARY, 41.6, 65, 0.0
52, LOC_CITY_NAME_CHINGUETTI, 2.0, BUILDING_GRANARY, 41.6, 65, 0.0
52, LOC_CITY_NAME_NGAZARGAMU, 19.5, UNIT_ARCHER, 78.0, 60, 5.0
52, LOC_CITY_NAME_ANTIOCH, 13.5, UNIT_ARCHER, 13.5, 60, 0.0
52, LOC_CITY_NAME_YEREVAN, 5.0, BUILDING_GRANARY, 33.0, 65, 0.0
52, LOC_CITY_NAME_VATICAN_CITY, 4.0, UNIT_TRADER, 16.0, 49, 0.0
52, LOC_CITY_NAME_LISBON, 3.2, BUILDING_GRANARY, 65.8, 65, 0.8
52, LOC_CITY_NAME_JOHANNESBURG, 12.0, UNIT_ARCHER, 24.0, 60, 0.0
53, LOC_CITY_NAME_TYRE, 11.0, UNIT_PHOENICIA_BIREME, 45.0, 65, 0.0
53, LOC_CITY_NAME_ATHENS, 13.2, UNIT_BUILDER, 39.6, 62, 0.0
53, LOC_CITY_NAME_ARGOS, 6.0, BUILDING_MONUMENT, 27.2, 60, 0.0
53, LOC_CITY_HA_NOI, 9.9, UNIT_BUILDER, 59.4, 54, 5.4
53, LOC_CITY_DA_NANG, 4.4, UNIT_BUILDER, 30.8, 58, 0.0
53, LOC_CITY_NAME_AMSTERDAM, 9.6, UNIT_WARRIOR, 48.0, 40, 8.0
53, LOC_CITY_NAME_UTRECHT, 6.6, UNIT_TRADER, 48.3, 49, 0.0
53, LOC_CITY_NAME_MAASTRICHT, 4.4, DISTRICT_HOLY_SITE, 66.0, 73, 0.0
53, LOC_CITY_NAME_RA_KEDET, 9.6, UNIT_WARRIOR, 17.2, 40, 0.0
53, LOC_CITY_NAME_MBANZA_KONGO, 15.4, UNIT_SETTLER, 42.5, 110, 0.0
53, LOC_CITY_NAME_MBAMBA, 8.8, DISTRICT_CAMPUS, 61.6, 83, 0.0
53, LOC_CITY_NAME_NAZCA, 2.8, BUILDING_GRANARY, 56.4, 65, 0.0
53, LOC_CITY_NAME_HUNZA, 3.6, BUILDING_GRANARY, 45.2, 65, 0.0
53, LOC_CITY_NAME_CHINGUETTI, 2.0, BUILDING_GRANARY, 43.6, 65, 0.0
53, LOC_CITY_NAME_ANTIOCH, 9.0, UNIT_ARCHER, 22.5, 60, 0.0
53, LOC_CITY_NAME_YEREVAN, 5.0, BUILDING_GRANARY, 38.0, 65, 0.0
53, LOC_CITY_NAME_VATICAN_CITY, 4.0, UNIT_TRADER, 20.0, 50, 0.0
53, LOC_CITY_NAME_LISBON, 11.9, UNIT_ARCHER, 11.9, 60, 0.0
53, LOC_CITY_NAME_JOHANNESBURG, 12.0, UNIT_ARCHER, 36.0, 60, 0.0
54, LOC_CITY_NAME_TYRE, 11.0, UNIT_PHOENICIA_BIREME, 56.0, 65, 0.0
54, LOC_CITY_NAME_ATHENS, 13.2, UNIT_BUILDER, 52.8, 62, 0.0
54, LOC_CITY_NAME_ARGOS, 7.7, BUILDING_MONUMENT, 34.9, 60, 0.0
54, LOC_CITY_NAME_SPARTA, 3.6, BUILDING_MONUMENT, 3.6, 60, 0.0
54, LOC_CITY_HA_NOI, 15.3, UNIT_SETTLER, 55.3, 110, 0.0
54, LOC_CITY_DA_NANG, 4.4, UNIT_BUILDER, 35.2, 62, 0.0
54, LOC_CITY_NAME_AMSTERDAM, 18.8, UNIT_WARRIOR, 18.8, 40, 0.0
54, LOC_CITY_NAME_UTRECHT, 6.6, UNIT_TRADER, 54.9, 49, 5.9
54, LOC_CITY_NAME_MAASTRICHT, 5.5, DISTRICT_HOLY_SITE, 71.5, 73, 0.0
54, LOC_CITY_NAME_RA_KEDET, 6.0, UNIT_WARRIOR, 23.2, 40, 0.0
54, LOC_CITY_NAME_MBANZA_KONGO, 15.4, UNIT_SETTLER, 57.9, 110, 0.0
54, LOC_CITY_NAME_MBAMBA, 8.8, DISTRICT_CAMPUS, 70.4, 83, 0.0
54, LOC_CITY_NAME_NAZCA, 2.8, BUILDING_GRANARY, 59.2, 65, 0.0
54, LOC_CITY_NAME_HUNZA, 3.6, BUILDING_GRANARY, 48.8, 65, 0.0
54, LOC_CITY_NAME_CHINGUETTI, 2.0, BUILDING_GRANARY, 45.6, 65, 0.0
54, LOC_CITY_NAME_ANTIOCH, 9.0, UNIT_ARCHER, 31.5, 60, 0.0
54, LOC_CITY_NAME_YEREVAN, 5.0, BUILDING_GRANARY, 43.0, 65, 0.0
54, LOC_CITY_NAME_VATICAN_CITY, 4.0, UNIT_TRADER, 24.0, 50, 0.0
54, LOC_CITY_NAME_LISBON, 9.6, UNIT_ARCHER, 21.5, 60, 0.0
54, LOC_CITY_NAME_JOHANNESBURG, 12.0, UNIT_ARCHER, 48.0, 60, 0.0
55, LOC_CITY_NAME_TYRE, 11.0, UNIT_PHOENICIA_BIREME, 67.0, 65, 2.0
55, LOC_CITY_NAME_ATHENS, 13.2, UNIT_BUILDER, 66.0, 62, 2.8
55, LOC_CITY_NAME_ARGOS, 7.7, BUILDING_MONUMENT, 42.6, 60, 0.0
55, LOC_CITY_HA_NOI, 10.8, UNIT_SETTLER, 66.1, 110, 0.0
55, LOC_CITY_DA_NANG, 4.8, UNIT_BUILDER, 40.0, 62, 0.0
55, LOC_CITY_NAME_AMSTERDAM, 10.8, UNIT_WARRIOR, 29.6, 40, 0.0
55, LOC_CITY_NAME_UTRECHT, 12.4, UNIT_SETTLER, 12.4, 140, 0.0
55, LOC_CITY_NAME_MAASTRICHT, 5.5, DISTRICT_HOLY_SITE, 77.0, 73, 4.0
55, LOC_CITY_NAME_RA_KEDET, 9.6, UNIT_WARRIOR, 32.8, 40, 0.0
55, LOC_CITY_NAME_MBANZA_KONGO, 15.4, UNIT_SETTLER, 73.3, 110, 0.0
55, LOC_CITY_NAME_MBAMBA, 8.8, DISTRICT_CAMPUS, 79.2, 83, 0.0
55, LOC_CITY_NAME_NAZCA, 2.8, BUILDING_GRANARY, 62.0, 65, 0.0
55, LOC_CITY_NAME_HUNZA, 3.6, BUILDING_GRANARY, 52.4, 65, 0.0
55, LOC_CITY_NAME_CHINGUETTI, 2.0, BUILDING_GRANARY, 47.6, 65, 0.0
55, LOC_CITY_NAME_NGAZARGAMU, 166.5, UNIT_HEAVY_CHARIOT, 166.5, 65, 0.0
55, LOC_CITY_NAME_ANTIOCH, 9.0, UNIT_ARCHER, 40.5, 60, 0.0
55, LOC_CITY_NAME_YEREVAN, 5.0, BUILDING_GRANARY, 48.0, 65, 0.0
55, LOC_CITY_NAME_YEREVAN, 16.0, BUILDING_GRANARY, 64.0, 65, 0.0
55, LOC_CITY_NAME_VATICAN_CITY, 4.5, UNIT_TRADER, 28.5, 50, 0.0
55, LOC_CITY_NAME_LISBON, 9.6, UNIT_ARCHER, 31.1, 60, 0.0
55, LOC_CITY_NAME_LISBON, 48.0, UNIT_ARCHER, 79.1, 60, 0.0
55, LOC_CITY_NAME_JOHANNESBURG, 12.0, UNIT_ARCHER, 60.0, 60, 0.0
56, LOC_CITY_NAME_TYRE, 13.0, UNIT_SETTLER, 24.0, 110, 0.0
56, LOC_CITY_NAME_ATHENS, 18.4, UNIT_SETTLER, 18.4, 140, 0.0
56, LOC_CITY_NAME_ARGOS, 7.7, BUILDING_MONUMENT, 50.3, 60, 0.0
56, LOC_CITY_NAME_SPARTA, 7.2, UNIT_BUILDER, 7.2, 66, 0.0
56, LOC_CITY_HA_NOI, 10.8, UNIT_SETTLER, 76.9, 110, 0.0
56, LOC_CITY_DA_NANG, 4.8, BUILDING_MONUMENT, 4.8, 60, 0.0
56, LOC_CITY_NAME_AMSTERDAM, 10.8, UNIT_WARRIOR, 40.4, 40, 0.4
56, LOC_CITY_NAME_UTRECHT, 7.7, UNIT_SETTLER, 20.1, 140, 0.0
56, LOC_CITY_NAME_MAASTRICHT, 9.5, UNIT_BUILDER, 9.5, 58, 0.0
56, LOC_CITY_NAME_RA_KEDET, 7.2, UNIT_WARRIOR, 40.0, 40, 0.0
56, LOC_CITY_NAME_MBANZA_KONGO, 15.4, UNIT_SETTLER, 88.7, 110, 0.0
56, LOC_CITY_NAME_MBAMBA, 8.8, DISTRICT_CAMPUS, 88.0, 83, 5.0
56, LOC_CITY_NAME_NAZCA, 2.8, BUILDING_GRANARY, 64.8, 65, 0.0
56, LOC_CITY_NAME_NAZCA, 16.0, BUILDING_GRANARY, 80.8, 65, 15.8
56, LOC_CITY_NAME_HUNZA, 3.6, BUILDING_GRANARY, 56.0, 65, 0.0
56, LOC_CITY_NAME_CHINGUETTI, 2.0, BUILDING_GRANARY, 49.6, 65, 0.0
56, LOC_CITY_NAME_NGAZARGAMU, 18.0, UNIT_BUILDER, 18.0, 54, 0.0
56, LOC_CITY_NAME_ANTIOCH, 10.5, UNIT_ARCHER, 51.0, 60, 0.0
56, LOC_CITY_NAME_YEREVAN, 4.4, BUILDING_GRANARY, 68.4, 65, 3.4
56, LOC_CITY_NAME_VATICAN_CITY, 4.5, UNIT_TRADER, 33.0, 50, 0.0
57, LOC_CITY_NAME_TYRE, 11.0, UNIT_SETTLER, 35.0, 110, 0.0
57, LOC_CITY_NAME_ATHENS, 15.6, UNIT_SETTLER, 34.0, 140, 0.0
57, LOC_CITY_NAME_ARGOS, 7.7, BUILDING_MONUMENT, 58.0, 60, 0.0
57, LOC_CITY_NAME_SPARTA, 3.6, UNIT_BUILDER, 10.8, 66, 0.0
57, LOC_CITY_HA_NOI, 12.0, UNIT_SETTLER, 88.9, 110, 0.0
57, LOC_CITY_DA_NANG, 4.8, BUILDING_MONUMENT, 9.6, 60, 0.0
57, LOC_CITY_NAME_AMSTERDAM, 11.2, DISTRICT_HOLY_SITE, 65.2, 73, 0.0
57, LOC_CITY_NAME_UTRECHT, 7.7, UNIT_SETTLER, 27.8, 140, 0.0
57, LOC_CITY_NAME_MAASTRICHT, 5.5, UNIT_BUILDER, 15.0, 58, 0.0
57, LOC_CITY_NAME_RA_KEDET, 10.8, UNIT_WARRIOR, 50.8, 40, 10.8
57, LOC_CITY_NAME_MBANZA_KONGO, 15.4, UNIT_SETTLER, 104.1, 110, 0.0
57, LOC_CITY_NAME_MBAMBA, 13.8, UNIT_HEAVY_CHARIOT, 13.8, 65, 0.0
57, LOC_CITY_NAME_HUNZA, 3.6, BUILDING_GRANARY, 59.6, 65, 0.0
57, LOC_CITY_NAME_CHINGUETTI, 2.0, BUILDING_GRANARY, 51.6, 65, 0.0
57, LOC_CITY_NAME_NGAZARGAMU, 18.0, UNIT_BUILDER, 36.0, 54, 0.0
57, LOC_CITY_NAME_ANTIOCH, 10.5, UNIT_ARCHER, 61.5, 60, 0.0
57, LOC_CITY_NAME_YEREVAN, 44.4, DISTRICT_HOLY_SITE, 44.4, 88, 0.0
57, LOC_CITY_NAME_VATICAN_CITY, 4.5, UNIT_TRADER, 37.5, 50, 0.0
57, LOC_CITY_NAME_LISBON, 19.2, UNIT_ARCHER, 19.2, 60, 0.0
58, LOC_CITY_NAME_TYRE, 11.0, UNIT_SETTLER, 46.0, 110, 0.0
58, LOC_CITY_NAME_ATHENS, 15.6, UNIT_SETTLER, 49.6, 140, 0.0
58, LOC_CITY_NAME_ARGOS, 7.7, BUILDING_MONUMENT, 65.7, 60, 5.7
58, LOC_CITY_NAME_SPARTA, 3.6, UNIT_BUILDER, 14.4, 66, 0.0
58, LOC_CITY_NAME_ATHENS, 30.0, UNIT_SETTLER, 79.6, 140, 0.0
58, LOC_CITY_HA_NOI, 12.0, UNIT_SETTLER, 100.9, 110, 0.0
58, LOC_CITY_DA_NANG, 6.0, BUILDING_MONUMENT, 15.6, 60, 0.0
58, LOC_CITY_NAME_AMSTERDAM, 10.8, DISTRICT_HOLY_SITE, 76.0, 73, 3.0
58, LOC_CITY_NAME_UTRECHT, 7.7, UNIT_SETTLER, 35.5, 140, 0.0
58, LOC_CITY_NAME_MAASTRICHT, 5.5, UNIT_BUILDER, 20.5, 58, 0.0
58, LOC_CITY_NAME_RA_KEDET, 22.8, DISTRICT_HOLY_SITE, 69.8, 63, 0.0
58, LOC_CITY_NAME_MBANZA_KONGO, 15.4, UNIT_SETTLER, 119.5, 110, 9.5
58, LOC_CITY_NAME_MBAMBA, 11.0, UNIT_HEAVY_CHARIOT, 24.8, 65, 0.0
58, LOC_CITY_NAME_NAZCA, 126.2, DISTRICT_HOLY_SITE, 126.2, 88, 0.0
58, LOC_CITY_NAME_HUNZA, 3.6, BUILDING_GRANARY, 63.2, 65, 0.0
58, LOC_CITY_NAME_CHINGUETTI, 2.0, BUILDING_GRANARY, 53.6, 65, 0.0
58, LOC_CITY_NAME_NGAZARGAMU, 19.5, UNIT_BUILDER, 55.5, 54, 0.0
58, LOC_CITY_NAME_ANTIOCH, 3.5, BUILDING_MONUMENT, 5.5, 60, 0.0
58, LOC_CITY_NAME_YEREVAN, 24.0, DISTRICT_HOLY_SITE, 68.4, 88, 0.0
58, LOC_CITY_NAME_VATICAN_CITY, 4.5, UNIT_TRADER, 42.0, 50, 0.0
58, LOC_CITY_NAME_LISBON, 9.6, UNIT_ARCHER, 28.8, 60, 0.0
59, LOC_CITY_NAME_TYRE, 11.0, UNIT_SETTLER, 57.0, 110, 0.0
59, LOC_CITY_NAME_ATHENS, 15.6, UNIT_SETTLER, 95.2, 140, 0.0
59, LOC_CITY_NAME_ARGOS, 13.4, DISTRICT_ENCAMPMENT, 13.4, 83, 0.0
59, LOC_CITY_NAME_SPARTA, 4.8, UNIT_BUILDER, 19.2, 66, 0.0
59, LOC_CITY_HA_NOI, 12.0, UNIT_SETTLER, 112.9, 110, 2.9
59, LOC_CITY_DA_NANG, 6.0, BUILDING_MONUMENT, 21.6, 60, 0.0
59, LOC_CITY_NAME_AMSTERDAM, 13.8, BUILDING_SHRINE, 13.8, 70, 0.0
59, LOC_CITY_NAME_UTRECHT, 7.7, UNIT_SETTLER, 43.2, 140, 0.0
59, LOC_CITY_NAME_MAASTRICHT, 5.5, UNIT_BUILDER, 26.0, 58, 0.0
59, LOC_CITY_NAME_RA_KEDET, 10.8, UNIT_TRADER, 37.4, 47, 0.0
59, LOC_CITY_NAME_MBANZA_KONGO, 25.1, UNIT_BUILDER, 25.1, 54, 0.0
59, LOC_CITY_NAME_MBAMBA, 11.0, UNIT_HEAVY_CHARIOT, 35.8, 65, 0.0
59, LOC_CITY_NAME_NAZCA, 2.4, UNIT_TRADER, 2.4, 48, 0.0
59, LOC_CITY_NAME_HUNZA, 3.6, BUILDING_GRANARY, 66.8, 65, 1.8
59, LOC_CITY_NAME_CHINGUETTI, 2.0, BUILDING_GRANARY, 55.6, 65, 0.0
59, LOC_CITY_NAME_ANTIOCH, 3.5, BUILDING_MONUMENT, 9.0, 60, 0.0
59, LOC_CITY_NAME_YEREVAN, 24.0, DISTRICT_HOLY_SITE, 92.4, 88, 0.0
59, LOC_CITY_NAME_VATICAN_CITY, 4.5, UNIT_TRADER, 46.5, 50, 0.0
59, LOC_CITY_NAME_LISBON, 9.6, UNIT_ARCHER, 38.4, 60, 0.0
60, LOC_CITY_NAME_TYRE, 11.0, UNIT_SETTLER, 68.0, 110, 0.0
60, LOC_CITY_NAME_ATHENS, 15.6, UNIT_SETTLER, 110.8, 140, 0.0
60, LOC_CITY_NAME_ARGOS, 7.7, DISTRICT_ENCAMPMENT, 21.1, 83, 0.0
60, LOC_CITY_NAME_SPARTA, 4.8, UNIT_BUILDER, 24.0, 66, 0.0
60, LOC_CITY_HA_NOI, 13.7, BUILDING_GRANARY, 44.1, 65, 0.0
60, LOC_CITY_DA_NANG, 6.0, BUILDING_MONUMENT, 27.6, 60, 0.0
60, LOC_CITY_NAME_AMSTERDAM, 10.8, BUILDING_SHRINE, 24.6, 70, 0.0
60, LOC_CITY_NAME_UTRECHT, 7.7, UNIT_SETTLER, 50.9, 140, 0.0
60, LOC_CITY_NAME_MAASTRICHT, 5.5, UNIT_BUILDER, 31.5, 58, 0.0
60, LOC_CITY_NAME_RA_KEDET, 10.8, UNIT_TRADER, 48.2, 47, 1.2
60, LOC_CITY_NAME_RA_KEDET, 31.2, UNIT_EGYPTIAN_CHARIOT_ARCHER, 31.2, 90, 0.0
60, LOC_CITY_NAME_MBANZA_KONGO, 15.6, UNIT_BUILDER, 40.7, 54, 0.0
60, LOC_CITY_NAME_MBAMBA, 9.9, UNIT_HEAVY_CHARIOT, 45.7, 65, 0.0
60, LOC_CITY_NAME_NAZCA, 2.4, UNIT_TRADER, 4.8, 48, 0.0
60, LOC_CITY_NAME_HUNZA, 5.4, UNIT_TRADER, 5.4, 53, 0.0
60, LOC_CITY_NAME_CHINGUETTI, 2.0, BUILDING_GRANARY, 57.6, 65, 0.0
60, LOC_CITY_NAME_ANTIOCH, 3.5, BUILDING_MONUMENT, 12.5, 60, 0.0
60, LOC_CITY_NAME_YEREVAN, 4.4, PROJECT_ENHANCE_DISTRICT_HOLY_SITE, 4.4, 56, 0.0
60, LOC_CITY_NAME_VATICAN_CITY, 4.5, UNIT_TRADER, 51.0, 50, 1.0
60, LOC_CITY_NAME_LISBON, 10.8, UNIT_ARCHER, 49.2, 60, 0.0
61, LOC_CITY_NAME_TYRE, 11.0, UNIT_SETTLER, 79.0, 110, 0.0