0.1000,0.0333,0.1250,0.0130,0.0328,0.2000,0.1000,0.0600,0.0720,0.0750,0.1540,0.0400,0.1000,0.0333,0.1000,0.0130,0.0000,0.1880,0.1000,0.0600,0.0320,0.0875,0.1660,0.0300,0.1000,0.1000,0.0000,0.0000,0.6740,0.0000,0.3500,0.0500,0.0000,0.1000,0,0
0.1000,0.0333,0.1000,0.0130,0.0000,0.2000,0.1000,0.0600,0.0320,0.0750,0.1440,0.0300,0.1000,0.0333,0.1250,0.0130,0.0328,0.2000,0.1000,0.0600,0.0720,0.0750,0.1540,0.0400,0.1000,0.1000,0.0000,0.0000,0.6740,0.0000,0.1750,0.0000,0.0000,0.1600,1,0
0.1000,0.0333,0.1000,0.0130,0.0000,0.2000,0.1000,0.0600,0.0320,0.0625,0.2120,0.0300,0.1000,0.0333,0.1250,0.0130,0.0328,0.2000,0.1000,0.0600,0.0720,0.0750,0.1540,0.0400,0.1000,0.1000,0.0000,0.0000,0.6740,0.0000,0.1500,0.0000,0.0000,0.1600,0,0
0.1000,0.0333,0.1000,0.0130,0.0000,0.1880,0.1000,0.0600,0.0320,0.0875,0.1660,0.0300,0.1000,0.0333,0.1250,0.0130,0.0328,0.2000,0.1000,0.0600,0.0720,0.0750,0.1540,0.0400,0.1000,0.0940,0.1000,0.0000,0.6770,0.0000,0.2250,0.0000,0.0000,0.1600,0,0
0.1000,0.0333,0.1375,0.0260,0.0328,0.2000,0.1500,0.0600,0.0720,0.0625,0.3080,0.0450,0.2000,0.0667,0.2000,0.0260,0.0164,0.1440,0.1500,0.0800,0.0440,0.0875,0.3900,0.0600,0.2000,0.1500,0.0000,0.0000,1.0228,0.0000,0.3500,0.0500,0.0000,0.1080,0,0
0.2000,0.0500,0.2000,0.0260,0.0164,0.2000,0.1500,0.0760,0.0412,0.1100,0.4096,0.0575,0.2000,0.0667,0.2000,0.0260,0.0164,0.1440,0.1500,0.0800,0.0440,0.0875,0.3900,0.0600,0.2000,0.1500,0.0000,0.0000,1.0228,0.0000,0.2500,0.0000,0.0000,0.2400,1,0
0.2000,0.0667,0.2000,0.0260,0.0164,0.1440,0.1500,0.0800,0.0440,0.0875,0.3900,0.0600,0.2000,0.0500,0.2000,0.0260,0.0164,0.2000,0.1500,0.0760,0.0412,0.1100,0.4096,0.0575,0.2000,0.1220,0.2000,0.0000,1.0368,0.2000,0.0667,0.0000,0.0000,0.2400,0,0
0.1000,0.0333,0.1125,0.0260,0.0328,0.1720,0.2000,0.0600,0.0320,0.0875,0.3660,0.0500,0.2000,0.0667,0.2000,0.0260,0.0164,0.1440,0.1500,0.0800,0.0440,0.0875,0.3900,0.0600,0.2000,0.1860,0.2000,0.0000,1.0048,0.0000,0.2375,0.0000,0.0000,0.1200,0,0
0.2000,0.0667,0.2625,0.0519,0.0656,0.1870,0.1500,0.0800,0.1240,0.1750,0.8340,0.0950,0.2000,0.1000,0.2375,0.0390,0.0492,0.1590,0.1000,0.1000,0.1560,0.1125,0.1540,0.0950,0.3000,0.1310,0.2000,0.0000,1.1207,0.0000,0.3500,0.1000,0.0000,0.2460,0,0
0.2000,0.0833,0.2500,0.0390,0.0492,0.2000,0.2000,0.0960,0.1372,0.0688,0.3326,0.0875,0.2000,0.1000,0.2375,0.0390,0.0492,0.1590,0.1000,0.1000,0.1560,0.1125,0.1540,0.0950,0.3000,0.2000,0.0000,0.0000,1.0863,0.0000,0.3250,0.1000,0.0000,0.3400,1,0
0.2000,0.1000,0.2375,0.0390,0.0492,0.1590,0.1000,0.1000,0.1560,0.1125,0.1540,0.0950,0.2000,0.0667,0.2625,0.0519,0.0656,0.1870,0.1500,0.0800,0.1240,0.1750,0.8340,0.0950,0.3000,0.0795,0.1000,0.0000,1.1465,0.0000,0.1000,0.1000,0.0000,0.2900,0,0
0.1000,0.0500,0.1375,0.0519,0.0328,0.1720,0.1500,0.0700,0.0780,0.1750,0.3720,0.0650,0.2000,0.1000,0.2375,0.0390,0.0492,0.1590,0.1000,0.1000,0.1560,0.1125,0.1540,0.0950,0.3000,0.1360,0.2000,0.0000,1.1183,0.1000,0.1500,0.0500,0.0000,0.2200,0,0
0.2000,0.1000,0.3000,0.0649,0.0820,0.1870,0.2500,0.0950,0.1482,0.1663,0.2312,0.1100,0.4000,0.1833,0.4500,0.0779,0.0656,0.2020,0.3000,0.1615,0.1767,0.1306,0.4104,0.1425,0.4000,0.2310,0.2000,0.0000,1.2455,0.2000,0.2000,0.1500,0.0000,0.2380,0,0
0.3000,0.1500,0.3625,0.0779,0.0656,0.3250,0.2000,0.1235,0.1463,0.0950,0.5582,0.1325,0.4000,0.1833,0.4500,0.0779,0.0656,0.2020,0.3000,0.1615,0.1767,0.1306,0.4104,0.1425,0.4000,0.2000,0.0000,0.0000,1.2610,0.1000,0.2750,0.1500,0.1000,0.6000,1,0
0.4000,0.1833,0.4500,0.0779,0.0656,0.2020,0.3000,0.1615,0.1767,0.1306,0.4104,0.1425,0.3000,0.1500,0.3625,0.0779,0.0656,0.3250,0.2000,0.1235,0.1463,0.0950,0.5582,0.1325,0.4000,0.2760,0.2000,0.0000,1.2230,0.2000,0.1250,0.1000,0.0000,0.6480,0,0
0.1000,0.0500,0.1625,0.0649,0.0656,0.1300,0.2000,0.0665,0.0741,0.1663,0.6682,0.0825,0.4000,0.1833,0.4500,0.0779,0.0656,0.2020,0.3000,0.1615,0.1767,0.1306,0.4104,0.1425,0.4000,0.1650,0.2000,0.0000,1.2785,0.1000,0.1500,0.0500,0.1000,0.1300,0,0
0.3000,0.1500,0.4000,0.0909,0.0984,0.3340,0.2500,0.1235,0.2033,0.1781,0.5422,0.1575,0.5000,0.2500,0.5875,0.1039,0.1311,0.5020,0.3500,0.2565,0.2755,0.2019,0.7579,0.2700,0.5000,0.2295,0.1000,0.0000,1.3480,0.3000,0.1300,0.2500,0.1000,0.3480,0,0
0.3000,0.1833,0.4000,0.0909,0.1148,0.4500,0.2500,0.1501,0.1657,0.1437,0.7641,0.2200,0.5000,0.2500,0.5875,0.1039,0.1311,0.5020,0.3500,0.2565,0.2755,0.2019,0.7579,0.2700,0.5000,0.2500,0.0000,0.0000,1.3378,0.3000,0.1100,0.2000,0.2000,0.4880,1,0
0.5000,0.2500,0.5875,0.1039,0.1311,0.5020,0.3500,0.2565,0.2755,0.2019,0.7579,0.2700,0.3000,0.1833,0.4000,0.0909,0.1148,0.4500,0.2500,0.1501,0.1657,0.1437,0.7641,0.2200,0.5000,0.3310,0.2000,0.2000,1.2973,0.4000,0.1429,0.2000,0.2000,0.5660,0,0
0.1000,0.0667,0.1875,0.0779,0.0656,0.1300,0.2000,0.0760,0.0798,0.2019,0.2974,0.0975,0.5000,0.2500,0.5875,0.1039,0.1311,0.5020,0.3500,0.2565,0.2755,0.2019,0.7579,0.2700,0.5000,0.1650,0.2000,0.0000,1.3802,0.1000,0.1625,0.1500,0.1000,0.0980,0,0
0.3000,0.1833,0.4625,0.1039,0.1475,0.3300,0.2500,0.1710,0.2455,0.2149,0.3729,0.2050,0.5000,0.3333,0.7000,0.1299,0.1803,0.6150,0.5000,0.3040,0.4370,0.2494,0.9601,0.3450,0.6000,0.2350,0.1000,0.0000,1.5220,0.1000,0.1400,0.3000,0.3000,0.5100,0,0
0.4000,0.2667,0.5500,0.1169,0.1475,0.4500,0.3000,0.1900,0.2622,0.1306,0.3001,0.2900,0.5000,0.3333,0.7000,0.1299,0.1803,0.6150,0.5000,0.3040,0.4370,0.2494,0.9601,0.3450,0.6000,0.3000,0.0000,0.1000,1.4895,0.2000,0.1333,0.4000,0.3000,0.5180,1,0
0.5000,0.3333,0.7000,0.1299,0.1803,0.6150,0.5000,0.3040,0.4370,0.2494,0.9601,0.3450,0.4000,0.2667,0.5500,0.1169,0.1475,0.4500,0.3000,0.1900,0.2622,0.1306,0.3001,0.2900,0.6000,0.5000,0.0000,0.0000,1.3895,0.6000,0.1500,0.5000,0.4000,0.5180,0,0
0.3000,0.1000,0.3750,0.0909,0.0820,0.1300,0.1000,0.1254,0.1212,0.2221,0.2660,0.1875,0.5000,0.3333,0.7000,0.1299,0.1803,0.6150,0.5000,0.3040,0.4370,0.2494,0.9601,0.3450,0.6000,0.0650,0.2000,0.0000,1.6070,0.2000,0.0750,0.1500,0.1000,0.2280,0,0
0.3000,0.2500,0.5125,0.1429,0.1639,0.3555,0.3000,0.2118,0.2487,0.2161,0.2345,0.2475,0.5000,0.4000,0.7875,0.1558,0.2295,0.8524,0.6500,0.3420,0.6025,0.2375,0.1186,0.4275,0.7000,0.2685,0.1000,0.0000,1.8397,0.4000,0.2083,0.4500,0.3000,0.5180,0,0
0.4000,0.3167,0.6000,0.1429,0.1803,0.5900,0.4000,0.2185,0.2983,0.1306,0.7509,0.3525,0.5000,0.4000,0.7875,0.1558,0.2295,0.8524,0.6500,0.3420,0.6025,0.2375,0.1186,0.4275,0.7000,0.4000,0.0000,0.2000,1.7740,0.0000,0.1312,0.7000,0.5000,0.6720,1,0
0.5000,0.4000,0.7875,0.1558,0.2295,0.8524,0.6500,0.3420,0.6025,0.2375,0.1186,0.4275,0.4000,0.3167,0.6000,0.1429,0.1803,0.5900,0.4000,0.2185,0.2983,0.1306,0.7509,0.3525,0.7000,0.6455,0.1000,0.5000,1.6513,0.0000,0.2346,0.6000,0.9000,0.9900,0,0
0.3000,0.1667,0.4125,0.1299,0.1148,0.1920,0.3000,0.1805,0.1801,0.2874,0.6723,0.2400,0.5000,0.4000,0.7875,0.1558,0.2295,0.8524,0.6500,0.3420,0.6025,0.2375,0.1186,0.4275,0.7000,0.2710,0.1000,0.0000,1.8385,0.0000,0.1250,0.2000,0.2000,0.6320,0,0
0.4000,0.3333,0.6375,0.1688,0.2131,0.9480,0.6500,0.2584,0.3549,0.2601,0.1642,0.3175,0.5000,0.4333,0.8625,0.2078,0.2787,1.2024,0.8500,0.4180,0.8515,0.3266,0.2317,0.5000,0.8000,0.6335,0.2000,0.1000,2.0275,0.2000,0.2115,0.5000,0.5000,0.3080,0,0
0.4000,0.3500,0.6625,0.1818,0.2131,0.5900,0.5000,0.2499,0.4668,0.1437,0.9043,0.4700,0.5000,0.4333,0.8625,0.2078,0.2787,1.2024,0.8500,0.4180,0.8515,0.3266,0.2317,0.5000,0.8000,0.5000,0.0000,0.0000,2.0943,0.0000,0.1350,0.9500,0.7000,0.8480,1,0
0.5000,0.4333,0.8625,0.2078,0.2787,1.2024,0.8500,0.4180,0.8515,0.3266,0.2317,0.5000,0.4000,0.3500,0.6625,0.1818,0.2131,0.5900,0.5000,0.2499,0.4668,0.1437,0.9043,0.4700,0.8000,0.8455,0.1000,0.4000,1.9215,0.5000,0.2029,0.7000,1.1000,0.9360,0,0
0.4000,0.2167,0.5750,0.1688,0.1639,0.3930,0.4500,0.2575,0.4444,0.3931,0.6927,0.3075,0.5000,0.4333,0.8625,0.2078,0.2787,1.2024,0.8500,0.4180,0.8515,0.3266,0.2317,0.5000,0.8000,0.4015,0.2000,0.0000,2.1435,0.3000,0.1500,0.4000,0.2000,0.7180,0,0
0.4000,0.3500,0.7000,0.2078,0.2295,1.4455,0.8500,0.2679,0.3203,0.3277,0.2606,0.3500,0.4000,0.4500,0.7125,0.2078,0.2459,0.5900,0.4500,0.5572,0.5529,0.0950,0.2970,0.5850,0.9000,0.8485,0.1000,0.0000,2.1385,0.5000,0.1559,0.5000,0.6000,0.3760,0,0
0.4000,0.4500,0.7125,0.2078,0.2459,0.5900,0.4500,0.5572,0.5529,0.0950,0.2970,0.5850,0.5000,0.5333,0.9625,0.2338,0.3115,1.4185,0.9000,0.5643,0.9349,0.3710,0.5530,0.5575,0.9000,0.4500,0.0000,0.0000,2.3378,0.1000,0.1556,1.2500,1.0000,1.8600,1,0
0.5000,0.5333,0.9625,0.2338,0.3115,1.4185,0.9000,0.5643,0.9349,0.3710,0.5530,0.5575,0.4000,0.4500,0.7125,0.2078,0.2459,0.5900,0.4500,0.5572,0.5529,0.0950,0.2970,0.5850,0.9000,0.8490,0.4000,0.1000,2.1382,0.0000,0.2056,0.9500,1.1000,1.1920,0,0
0.4000,0.2833,0.6500,0.1948,0.2131,0.6953,0.5500,0.4228,0.4399,0.5391,0.6631,0.4050,0.4000,0.4500,0.7125,0.2078,0.2459,0.5900,0.4500,0.5572,0.5529,0.0950,0.2970,0.5850,0.9000,0.5015,0.2000,0.0000,2.3120,0.3000,0.1591,0.5000,0.3000,0.5860,0,0
0.4000,0.4000,0.7500,0.2338,0.2459,1.4455,0.8000,0.3230,0.4598,0.4988,0.6012,0.3900,0.4000,0.5000,0.7625,0.2208,0.2623,0.5900,0.7000,0.6323,0.7009,0.2672,0.3925,0.7125,1.0000,0.7985,0.1000,0.0000,2.3303,1.2000,0.1312,0.7000,0.7000,0.5360,0,0
0.4000,0.5000,0.7625,0.2208,0.2623,0.5900,0.7000,0.6323,0.7009,0.2672,0.3925,0.7125,0.5000,0.5833,1.0500,0.2597,0.3607,1.4185,1.0000,0.5748,1.3935,0.6009,0.5400,0.6575,1.0000,0.7000,0.0000,0.0000,2.3795,0.9000,0.1571,1.4000,1.1000,2.7000,1,0
0.5000,0.5833,1.0500,0.2597,0.3607,1.4185,1.0000,0.5748,1.3935,0.6009,0.5400,0.6575,0.4000,0.5000,0.7625,0.2208,0.2623,0.5900,0.7000,0.6323,0.7009,0.2672,0.3925,0.7125,1.0000,0.9490,0.4000,0.0000,2.2550,1.0000,0.1275,1.4000,1.2000,1.2160,0,0
0.4000,0.3500,0.7250,0.2338,0.2459,0.9728,0.6500,0.6954,0.5084,0.7695,0.8247,0.4650,0.4000,0.5000,0.7625,0.2208,0.2623,0.5900,0.7000,0.6323,0.7009,0.2672,0.3925,0.7125,1.0000,0.6165,0.2000,0.0000,2.4212,1.3000,0.1115,0.7000,0.5000,0.7000,0,0
0.1000,0.0333,0.1125,0.0130,0.0328,0.2000,0.1000,0.0600,0.0720,0.0625,0.1360,0.0400,0.1000,0.0333,0.1000,0.0130,0.0000,0.1800,0.1000,0.0600,0.0320,0.0750,0.1320,0.0300,0.1000,0.1000,0.0000,0.1000,0.6462,0.0000,0.2000,0.0500,0.0000,0.1600,0,1
0.1000,0.0333,0.1000,0.0130,0.0000,0.1000,0.0500,0.0800,0.0320,0.1000,0.1600,0.0300,0.1000,0.0333,0.1125,0.0130,0.0328,0.2000,0.1000,0.0600,0.0720,0.0625,0.1360,0.0400,0.1000,0.0500,0.0000,0.0000,0.6712,0.0000,0.2500,0.0000,0.0000,0.0800,0,1
0.1000,0.0333,0.1000,0.0130,0.0000,0.1800,0.1000,0.0600,0.0320,0.0750,0.1320,0.0300,0.1000,0.0333,0.1125,0.0130,0.0328,0.2000,0.1000,0.0600,0.0720,0.0625,0.1360,0.0400,0.1000,0.0900,0.1000,0.0000,0.6513,0.0000,0.1000,0.0000,0.0000,0.1600,0,1
0.1000,0.0333,0.1000,0.0130,0.0000,0.1320,0.1000,0.0600,0.0320,0.1000,0.1920,0.0225,0.1000,0.0333,0.1125,0.0130,0.0328,0.2000,0.1000,0.0600,0.0720,0.0625,0.1360,0.0400,0.1000,0.0660,0.2000,0.0000,0.6632,0.1000,0.1000,0.0000,0.0000,0.1600,1,1
0.1000,0.0333,0.1375,0.0260,0.0328,0.1650,0.2000,0.0600,0.0720,0.0625,0.3660,0.0450,0.2000,0.0833,0.2125,0.0390,0.0164,0.1650,0.1500,0.0900,0.0900,0.1125,0.4340,0.0625,0.2000,0.1825,0.1000,0.0000,1.0255,0.1000,0.1375,0.0500,0.0000,0.0800,0,1
0.1000,0.0333,0.1125,0.0390,0.0164,0.2000,0.1500,0.0800,0.0320,0.1375,0.4060,0.0475,0.2000,0.0833,0.2125,0.0390,0.0164,0.1650,0.1500,0.0900,0.0900,0.1125,0.4340,0.0625,0.2000,0.1500,0.0000,0.0000,1.0418,0.1000,0.3833,0.0000,0.0000,0.1000,0,1
0.1000,0.0333,0.1125,0.0260,0.0164,0.1550,0.2000,0.0600,0.0320,0.0875,0.3340,0.0425,0.2000,0.0833,0.2125,0.0390,0.0164,0.1650,0.1500,0.0900,0.0900,0.1125,0.4340,0.0625,0.2000,0.1775,0.2000,0.0000,1.0280,0.0000,0.1125,0.0000,0.0000,0.1200,0,1
0.2000,0.0833,0.2125,0.0390,0.0164,0.1650,0.1500,0.0900,0.0900,0.1125,0.4340,0.0625,0.1000,0.0333,0.1125,0.0390,0.0164,0.2000,0.1500,0.0800,0.0320,0.1375,0.4060,0.0475,0.2000,0.1325,0.2000,0.0000,1.0505,0.0000,0.1667,0.0500,0.0000,0.2500,1,1
0.1000,0.0500,0.1875,0.0519,0.0656,0.1770,0.2000,0.0700,0.0780,0.1625,0.3024,0.0775,0.2000,0.1167,0.2375,0.0649,0.0492,0.3350,0.2500,0.1100,0.1420,0.1625,0.6092,0.0950,0.3000,0.1760,0.1000,0.0000,1.2198,0.4000,0.1375,0.1000,0.0000,0.2200,0,1
0.2000,0.0833,0.2125,0.0519,0.0328,0.2000,0.1000,0.1100,0.0500,0.2125,0.5860,0.0800,0.2000,0.1167,0.2375,0.0649,0.0492,0.3350,0.2500,0.1100,0.1420,0.1625,0.6092,0.0950,0.3000,0.1000,0.0000,0.0000,1.2577,0.0000,0.3000,0.0000,0.0000,0.2500,0,1
0.2000,0.0833,0.2125,0.0390,0.0328,0.3050,0.1500,0.1100,0.1300,0.1250,0.2092,0.0850,0.2000,0.1167,0.2375,0.0649,0.0492,0.3350,0.2500,0.1100,0.1420,0.1625,0.6092,0.0950,0.3000,0.1275,0.2000,0.0000,1.2440,0.0000,0.1167,0.1000,0.0000,0.3500,0,1
0.2000,0.1167,0.2375,0.0649,0.0492,0.3350,0.2500,0.1100,0.1420,0.1625,0.6092,0.0950,0.2000,0.0833,0.2125,0.0390,0.0328,0.3050,0.1500,0.1100,0.1300,0.1250,0.2092,0.0850,0.3000,0.2425,0.1000,0.0000,1.1865,0.2000,0.1400,0.1000,0.0000,0.2380,1,1
0.1000,0.0667,0.2000,0.0519,0.0820,0.2020,0.3000,0.0760,0.0798,0.0950,0.5876,0.0850,0.3000,0.1667,0.3750,0.0779,0.0820,0.6350,0.3500,0.1605,0.2024,0.2114,0.4148,0.1500,0.4000,0.2760,0.1000,0.0000,1.4365,0.2000,0.1333,0.1000,0.0000,0.0800,0,1
0.2000,0.1333,0.2375,0.0779,0.0492,0.3500,0.2000,0.1302,0.1009,0.1983,0.6106,0.1000,0.3000,0.1667,0.3750,0.0779,0.0820,0.6350,0.3500,0.1605,0.2024,0.2114,0.4148,0.1500,0.4000,0.2000,0.0000,0.0000,1.4745,0.1000,0.1500,0.0500,0.0000,0.3280,0,1
0.3000,0.1167,0.3875,0.0779,0.0656,0.3050,0.2000,0.1235,0.1729,0.1069,0.4146,0.1225,0.3000,0.1667,0.3750,0.0779,0.0820,0.6350,0.3500,0.1605,0.2024,0.2114,0.4148,0.1500,0.4000,0.1775,0.2000,0.0000,1.4857,0.0000,0.1125,0.1500,0.0000,0.3460,0,1
0.3000,0.1667,0.3750,0.0779,0.0820,0.6350,0.3500,0.1605,0.2024,0.2114,0.4148,0.1500,0.3000,0.1167,0.3875,0.0779,0.0656,0.3050,0.2000,0.1235,0.1729,0.1069,0.4146,0.1225,0.4000,0.3425,0.1000,0.0000,1.4032,0.0000,0.1571,0.3000,0.1000,0.3620,1,1
0.2000,0.1000,0.3250,0.0649,0.0984,0.3020,0.3500,0.0950,0.1292,0.0950,0.2855,0.1200,0.4000,0.2667,0.5375,0.1039,0.1311,0.6500,0.3500,0.2213,0.2996,0.3788,0.4385,0.2375,0.5000,0.3260,0.1000,0.0000,1.6552,0.2000,0.1214,0.2000,0.0000,0.2000,0,1
0.2000,0.1500,0.2625,0.0909,0.0656,0.3190,0.1500,0.1558,0.1402,0.1746,0.5375,0.1275,0.4000,0.2667,0.5375,0.1039,0.1311,0.6500,0.3500,0.2213,0.2996,0.3788,0.4385,0.2375,0.5000,0.1345,0.1000,0.1000,1.7510,0.0000,0.2500,0.1500,0.1000,0.3320,0,1
0.3000,0.1833,0.4375,0.0909,0.1148,0.4120,0.3000,0.1891,0.2042,0.1698,0.5317,0.2225,0.4000,0.2667,0.5375,0.1039,0.1311,0.6500,0.3500,0.2213,0.2996,0.3788,0.4385,0.2375,0.5000,0.2560,0.2000,0.0000,1.6903,0.2000,0.1083,0.2000,0.1000,0.3720,0,1
0.4000,0.2667,0.5375,0.1039,0.1311,0.6500,0.3500,0.2213,0.2996,0.3788,0.4385,0.2375,0.3000,0.1833,0.4375,0.0909,0.1148,0.4120,0.3000,0.1891,0.2042,0.1698,0.5317,0.2225,0.5000,0.3500,0.0000,0.2000,1.6432,0.2000,0.1000,0.5000,0.4000,0.7280,1,1
0.3000,0.1500,0.4375,0.0779,0.1148,0.4520,0.4000,0.1226,0.1909,0.1283,0.6262,0.1625,0.4000,0.3333,0.7000,0.1299,0.1803,0.6500,0.3500,0.2622,0.4286,0.4798,0.9054,0.4025,0.6000,0.3760,0.1000,0.0000,1.8697,0.2000,0.1125,0.3000,0.1000,0.5980,0,1
0.2000,0.1500,0.3000,0.1039,0.1148,0.3150,0.2500,0.1568,0.2168,0.2102,0.1623,0.2100,0.4000,0.3333,0.7000,0.1299,0.1803,0.6500,0.3500,0.2622,0.4286,0.4798,0.9054,0.4025,0.6000,0.2225,0.2000,0.1000,1.9465,0.1000,0.1300,0.1500,0.1000,0.2340,0,1
0.3000,0.2167,0.4750,0.1169,0.1475,0.4120,0.3500,0.1891,0.2347,0.2411,0.8932,0.2700,0.4000,0.3333,0.7000,0.1299,0.1803,0.6500,0.3500,0.2622,0.4286,0.4798,0.9054,0.4025,0.6000,0.3060,0.2000,0.0000,1.9048,0.1000,0.1071,0.3500,0.3000,0.1620,0,1
0.4000,0.3333,0.7000,0.1299,0.1803,0.6500,0.3500,0.2622,0.4286,0.4798,0.9054,0.4025,0.3000,0.2167,0.4750,0.1169,0.1475,0.4120,0.3500,0.1891,0.2347,0.2411,0.8932,0.2700,0.6000,0.3500,0.0000,0.0000,1.8827,0.1000,0.1714,0.7500,0.5000,1.0080,1,1
0.2000,0.1500,0.3750,0.0909,0.1475,0.5140,0.4500,0.1748,0.1972,0.1936,0.1262,0.1675,0.4000,0.4000,0.7750,0.1818,0.2131,0.5530,0.4000,0.5384,0.5486,0.6104,0.9410,0.5175,0.7000,0.4070,0.1000,0.0000,1.9285,0.1000,0.1056,0.2500,0.1000,0.9080,0,1
0.3000,0.1833,0.4250,0.1169,0.1475,0.2930,0.2500,0.1919,0.2884,0.2672,0.7667,0.2700,0.4000,0.4000,0.7750,0.1818,0.2131,0.5530,0.4000,0.5384,0.5486,0.6104,0.9410,0.5175,0.7000,0.2115,0.3000,0.0000,2.0262,0.3000,0.0800,0.2000,0.3000,0.6040,0,1
0.3000,0.2500,0.5250,0.1558,0.1803,0.4120,0.3500,0.2850,0.3950,0.3562,0.8348,0.3675,0.4000,0.4000,0.7750,0.1818,0.2131,0.5530,0.4000,0.5384,0.5486,0.6104,0.9410,0.5175,0.7000,0.3060,0.2000,0.0000,1.9790,0.2000,0.1071,0.7000,0.6000,0.6280,0,1
0.4000,0.4000,0.7750,0.1818,0.2131,0.5530,0.4000,0.5384,0.5486,0.6104,0.9410,0.5175,0.3000,0.2500,0.5250,0.1558,0.1803,0.4120,0.3500,0.2850,0.3950,0.3562,0.8348,0.3675,0.7000,0.3515,0.2000,0.0000,1.9562,0.2000,0.1500,1.0500,0.7000,0.8040,1,1
0.2000,0.1667,0.3875,0.1299,0.1803,0.5890,0.4500,0.1710,0.1900,0.1900,0.1433,0.2500,0.4000,0.5167,0.8125,0.2338,0.2623,0.8885,0.6500,0.5580,0.7712,0.6300,1.2349,0.6350,0.8000,0.4445,0.1000,0.0000,2.1990,0.4000,0.1222,0.2500,0.2000,0.3000,0,1
0.3000,0.2167,0.4750,0.1429,0.1967,0.2870,0.3500,0.2120,0.2632,0.2662,0.5568,0.2825,0.4000,0.5167,0.8125,0.2338,0.2623,0.8885,0.6500,0.5580,0.7712,0.6300,1.2349,0.6350,0.8000,0.3085,0.3000,0.0000,2.2670,0.6000,0.0714,0.3000,0.3000,0.5080,0,1
0.3000,0.2667,0.6125,0.1688,0.2295,0.5370,0.5500,0.3120,0.7006,0.3000,0.2963,0.3875,0.4000,0.5167,0.8125,0.2338,0.2623,0.8885,0.6500,0.5580,0.7712,0.6300,1.2349,0.6350,0.8000,0.4960,0.3000,0.0000,2.1732,0.7000,0.0864,0.9500,0.6000,1.2440,0,1
0.4000,0.5167,0.8125,0.2338,0.2623,0.8885,0.6500,0.5580,0.7712,0.6300,1.2349,0.6350,0.3000,0.2667,0.6125,0.1688,0.2295,0.5370,0.5500,0.3120,0.7006,0.3000,0.2963,0.3875,0.8000,0.5870,0.3000,0.1000,2.1277,0.1000,0.1346,1.2000,0.8000,1.8680,1,1
0.2000,0.2000,0.4125,0.1558,0.1967,0.5890,0.4500,0.2194,0.2480,0.2339,0.3281,0.2900,0.4000,0.5667,0.8875,0.2727,0.2951,1.0435,0.7000,0.9785,0.8835,0.6575,1.2719,0.7125,0.9000,0.4445,0.1000,0.2000,2.2720,0.4000,0.1222,0.3000,0.5000,0.1800,0,1
0.3000,0.2500,0.5250,0.1818,0.2295,0.3040,0.3000,0.2460,0.2900,0.2963,0.8104,0.3250,0.4000,0.5667,0.8875,0.2727,0.2951,1.0435,0.7000,0.9785,0.8835,0.6575,1.2719,0.7125,0.9000,0.2670,0.2000,0.1000,2.3608,0.7000,0.0833,0.3500,0.4000,0.4780,0,1
0.3000,0.3167,0.6625,0.2078,0.2623,0.8210,0.7500,0.4680,0.7988,0.3150,1.8759,0.4850,0.4000,0.5667,0.8875,0.2727,0.2951,1.0435,0.7000,0.9785,0.8835,0.6575,1.2719,0.7125,0.9000,0.6200,0.5000,0.0000,2.1843,0.7000,0.1200,1.0500,0.7000,1.8840,0,1
0.4000,0.5667,0.8875,0.2727,0.2951,1.0435,0.7000,0.9785,0.8835,0.6575,1.2719,0.7125,0.3000,0.3167,0.6625,0.2078,0.2623,0.8210,0.7500,0.4680,0.7988,0.3150,1.8759,0.4850,0.9000,0.6445,0.2000,0.1000,2.1720,0.4000,0.1536,1.3000,1.1000,2.6600,1,1
0.2000,0.2000,0.4375,0.1688,0.2295,0.5890,0.4500,0.2736,0.2839,0.3527,0.3955,0.3100,0.4000,0.6333,0.9375,0.2857,0.3443,1.1183,1.0000,1.4449,1.1818,0.9631,0.3157,0.7700,1.0000,0.4445,0.1000,0.3000,2.4107,0.5000,0.1167,0.4500,0.5000,0.6440,0,1
0.2000,0.2167,0.4000,0.2078,0.2459,0.4610,0.4000,0.2185,0.2261,0.3562,0.3134,0.3225,0.4000,0.6333,0.9375,0.2857,0.3443,1.1183,1.0000,1.4449,1.1818,0.9631,0.3157,0.7700,1.0000,0.3430,0.3000,0.2000,2.4615,0.3000,0.0938,0.3000,0.4000,0.2600,0,1
0.4000,0.3333,0.8125,0.2338,0.2951,0.7880,0.7500,0.4788,0.7661,0.3277,1.5728,0.5200,0.4000,0.6333,0.9375,0.2857,0.3443,1.1183,1.0000,1.4449,1.1818,0.9631,0.3157,0.7700,1.0000,0.6435,0.4000,0.0000,2.3112,1.3000,0.0967,1.2000,0.7000,3.7600,0,1
0.4000,0.6333,0.9375,0.2857,0.3443,1.1183,1.0000,1.4449,1.1818,0.9631,0.3157,0.7700,0.4000,0.3333,0.8125,0.2338,0.2951,0.7880,0.7500,0.4788,0.7661,0.3277,1.5728,0.5200,1.0000,0.8780,0.4000,0.2000,2.1940,0.3000,0.1750,1.5000,1.3000,1.9000,1,1
0.1000,0.0167,0.1125,0.0130,0.0164,0.2000,0.1500,0.0500,0.0660,0.0750,0.1440,0.0300,0.1000,0.0333,0.1000,0.0130,0.0000,0.1360,0.1000,0.0600,0.0320,0.0750,0.1560,0.0300,0.1000,0.1500,0.0000,0.0000,0.6712,0.0000,0.2833,0.0500,0.0000,0.0000,1,2
0.1000,0.0500,0.1000,0.0130,0.0000,0.2000,0.1000,0.0700,0.0380,0.0625,0.1200,0.0250,0.1000,0.0333,0.1000,0.0130,0.0000,0.1360,0.1000,0.0600,0.0320,0.0750,0.1560,0.0300,0.1000,0.1000,0.0000,0.0000,0.6963,0.0000,0.4250,0.0000,0.0000,0.1600,0,2
0.1000,0.0333,0.1000,0.0130,0.0000,0.1360,0.1000,0.0600,0.0320,0.0750,0.1560,0.0300,0.1000,0.0167,0.1125,0.0130,0.0164,0.2000,0.1500,0.0500,0.0660,0.0750,0.1440,0.0300,0.1000,0.0680,0.1000,0.1000,0.7122,0.0000,0.1500,0.0000,0.0000,0.1600,0,2
0.1000,0.0333,0.1000,0.0130,0.0000,0.2000,0.1000,0.0600,0.0320,0.0625,0.1320,0.0225,0.1000,0.0333,0.1000,0.0130,0.0000,0.1360,0.1000,0.0600,0.0320,0.0750,0.1560,0.0300,0.1000,0.1000,0.0000,0.0000,0.6963,0.0000,0.1750,0.0000,0.0000,0.1600,0,2
0.1000,0.0167,0.1375,0.0260,0.0328,0.2250,0.2000,0.0500,0.0660,0.1125,0.3420,0.0425,0.2000,0.0500,0.2000,0.0260,0.0328,0.1590,0.1500,0.0760,0.0412,0.0812,0.2890,0.0725,0.2000,0.2000,0.0000,0.0000,1.0080,0.0000,0.2000,0.0500,0.0000,0.1080,1,2
0.2000,0.0667,0.2125,0.0260,0.0328,0.2000,0.1500,0.0800,0.0640,0.0625,0.1180,0.0600,0.2000,0.0500,0.2000,0.0260,0.0328,0.1590,0.1500,0.0760,0.0412,0.0812,0.2890,0.0725,0.2000,0.1500,0.0000,0.0000,1.0330,0.0000,0.2833,0.0000,0.0000,0.2000,0,2
0.2000,0.0500,0.2000,0.0260,0.0328,0.0970,0.1500,0.0690,0.0374,0.0875,0.4420,0.0700,0.2000,0.0500,0.2000,0.0260,0.0328,0.1590,0.1500,0.0760,0.0412,0.0812,0.2890,0.0725,0.2000,0.0985,0.2000,0.1000,1.0588,0.1000,0.1500,0.0000,0.0000,0.2400,0,2
0.2000,0.0500,0.2000,0.0260,0.0328,0.1590,0.1500,0.0760,0.0412,0.0812,0.2890,0.0725,0.2000,0.0500,0.2000,0.0260,0.0328,0.0970,0.1500,0.0690,0.0374,0.0875,0.4420,0.0700,0.2000,0.1295,0.1000,0.1000,1.0433,0.0000,0.2167,0.0000,0.0000,0.2400,0,2
0.1000,0.0333,0.1750,0.0390,0.0492,0.3500,0.3500,0.0660,0.0792,0.1925,0.7046,0.0575,0.2000,0.0667,0.2500,0.0519,0.0492,0.1300,0.2000,0.0860,0.1712,0.1063,0.5390,0.0975,0.3000,0.3500,0.0000,0.0000,1.1050,0.0000,0.2643,0.0500,0.0000,0.0700,1,2
0.2000,0.1000,0.2250,0.0519,0.0656,0.2000,0.1500,0.1080,0.1264,0.0688,0.2294,0.0925,0.2000,0.0667,0.2500,0.0519,0.0492,0.1300,0.2000,0.0860,0.1712,0.1063,0.5390,0.0975,0.3000,0.1500,0.0000,0.0000,1.2050,0.0000,0.2167,0.0500,0.0000,0.2880,0,2
0.2000,0.1000,0.2250,0.0390,0.0492,0.1460,0.1000,0.0970,0.1302,0.0875,0.3280,0.0950,0.2000,0.0667,0.2500,0.0519,0.0492,0.1300,0.2000,0.0860,0.1712,0.1063,0.5390,0.0975,0.3000,0.0730,0.2000,0.1000,1.2435,0.0000,0.2750,0.1000,0.0000,0.3280,0,2
0.2000,0.0667,0.2500,0.0519,0.0492,0.1300,0.2000,0.0860,0.1712,0.1063,0.5390,0.0975,0.2000,0.1000,0.2250,0.0390,0.0492,0.1460,0.1000,0.0970,0.1302,0.0875,0.3280,0.0950,0.3000,0.1650,0.2000,0.0000,1.1975,0.1000,0.1750,0.1000,0.0000,0.1880,0,2
0.2000,0.0667,0.2875,0.0519,0.0656,0.3800,0.4500,0.0860,0.1312,0.2050,0.5228,0.0950,0.3000,0.1333,0.3750,0.0649,0.0656,0.2000,0.2000,0.1200,0.1880,0.1000,0.2344,0.1450,0.4000,0.4400,0.1000,0.0000,1.2397,0.3000,0.2444,0.2000,0.0000,0.2100,1,2
0.3000,0.1667,0.3500,0.0909,0.0656,0.3250,0.1500,0.1400,0.1400,0.1000,0.2644,0.1400,0.3000,0.1333,0.3750,0.0649,0.0656,0.2000,0.2000,0.1200,0.1880,0.1000,0.2344,0.1450,0.4000,0.1500,0.0000,0.0000,1.3848,0.4000,0.0500,0.1000,0.1000,0.5720,0,2
0.3000,0.1500,0.3625,0.0649,0.0656,0.1860,0.2500,0.1380,0.1624,0.1513,0.6784,0.1375,0.3000,0.1333,0.3750,0.0649,0.0656,0.2000,0.2000,0.1200,0.1880,0.1000,0.2344,0.1450,0.4000,0.2305,0.2000,0.0000,1.3445,0.2000,0.1300,0.1000,0.1000,0.4900,0,2
0.3000,0.1333,0.3750,0.0649,0.0656,0.2000,0.2000,0.1200,0.1880,0.1000,0.2344,0.1450,0.3000,0.1667,0.3500,0.0909,0.0656,0.3250,0.1500,0.1400,0.1400,0.1000,0.2644,0.1400,0.4000,0.1875,0.2000,0.0000,1.3660,0.0000,0.1500,0.2000,0.1000,0.2820,0,2
0.3000,0.1167,0.4250,0.0649,0.0984,0.6550,0.6000,0.1292,0.1797,0.1639,1.2357,0.1450,0.4000,0.2333,0.5125,0.1039,0.1311,0.2310,0.2500,0.2042,0.2464,0.2874,0.3622,0.2550,0.5000,0.5900,0.1000,0.0000,1.4180,0.3000,0.1583,0.3000,0.1000,0.5200,1,2
0.4000,0.2167,0.4750,0.1039,0.1148,0.4500,0.2500,0.1615,0.1881,0.1306,0.4946,0.2350,0.4000,0.2333,0.5125,0.1039,0.1311,0.2310,0.2500,0.2042,0.2464,0.2874,0.3622,0.2550,0.5000,0.2500,0.0000,0.0000,1.5880,0.0000,0.1600,0.1000,0.1000,0.6200,0,2
0.4000,0.2333,0.5125,0.1039,0.1311,0.2310,0.2500,0.2042,0.2464,0.2874,0.3622,0.2550,0.4000,0.2167,0.4750,0.1039,0.1148,0.4500,0.2500,0.1615,0.1881,0.1306,0.4946,0.2350,0.5000,0.2405,0.1000,0.0000,1.5927,0.1000,0.1300,0.2500,0.2000,0.3780,0,2
0.2000,0.1500,0.3125,0.0779,0.1311,0.2500,0.3500,0.1311,0.1923,0.1401,0.2239,0.1975,0.4000,0.2333,0.5125,0.1039,0.1311,0.2310,0.2500,0.2042,0.2464,0.2874,0.3622,0.2550,0.5000,0.3500,0.0000,0.0000,1.5380,0.0000,0.1929,0.2000,0.1000,0.3480,0,2
0.4000,0.1833,0.6125,0.0909,0.1475,0.8750,0.6000,0.1891,0.2601,0.2031,0.4218,0.2175,0.4000,0.3000,0.5500,0.1169,0.1639,0.3710,0.3500,0.2603,0.2892,0.3206,0.9125,0.3100,0.6000,0.6000,0.0000,0.3000,1.7530,0.0000,0.1958,0.4000,0.3000,1.0080,1,2
0.4000,0.2833,0.5375,0.1039,0.1803,0.6990,0.3000,0.2470,0.3853,0.1959,0.1502,0.2975,0.4000,0.3000,0.5500,0.1169,0.1639,0.3710,0.3500,0.2603,0.2892,0.3206,0.9125,0.3100,0.6000,0.2795,0.1000,0.0000,1.9132,0.3000,0.1167,0.2500,0.1000,0.4860,0,2
0.4000,0.3000,0.5500,0.1169,0.1639,0.3710,0.3500,0.2603,0.2892,0.3206,0.9125,0.3100,0.4000,0.2833,0.5375,0.1039,0.1803,0.6990,0.3000,0.2470,0.3853,0.1959,0.1502,0.2975,0.6000,0.3405,0.1000,0.0000,1.8827,0.1000,0.1857,0.5500,0.3000,0.5740,0,2
0.3000,0.2333,0.4250,0.1299,0.1475,0.2500,0.4000,0.3349,0.2191,0.1401,0.3455,0.2675,0.4000,0.3000,0.5500,0.1169,0.1639,0.3710,0.3500,0.2603,0.2892,0.3206,0.9125,0.3100,0.6000,0.4000,0.0000,0.0000,1.8530,0.0000,0.1437,0.2500,0.3000,0.6000,0,2
0.4000,0.2333,0.6625,0.1039,0.1803,1.2250,0.6500,0.2175,0.4368,0.2031,0.5447,0.2725,0.4000,0.3667,0.6375,0.1299,0.1803,0.4960,0.4500,0.3040,0.4237,0.3076,1.0207,0.3675,0.7000,0.6500,0.0000,0.0000,1.8760,0.1000,0.2000,0.5500,0.4000,1.2400,1,2
0.4000,0.3167,0.5875,0.1429,0.2131,0.7390,0.4000,0.2527,0.5263,0.1995,0.0041,0.3475,0.4000,0.3667,0.6375,0.1299,0.1803,0.4960,0.4500,0.3040,0.4237,0.3076,1.0207,0.3675,0.7000,0.3995,0.1000,0.0000,2.0013,0.6000,0.1125,0.3500,0.3000,0.5060,0,2
0.4000,0.3667,0.6375,0.1299,0.1803,0.4960,0.4500,0.3040,0.4237,0.3076,1.0207,0.3675,0.4000,0.3167,0.5875,0.1429,0.2131,0.7390,0.4000,0.2527,0.5263,0.1995,0.0041,0.3475,0.7000,0.4405,0.1000,0.0000,1.9808,0.4000,0.2056,0.8500,0.4000,1.2480,0,2
0.4000,0.3000,0.5625,0.1558,0.1803,0.5000,0.5000,0.6099,0.2951,0.2814,0.3916,0.3350,0.4000,0.3667,0.6375,0.1299,0.1803,0.4960,0.4500,0.3040,0.4237,0.3076,1.0207,0.3675,0.7000,0.5000,0.0000,0.0000,1.9510,0.0000,0.1850,0.4500,0.5000,0.5160,0,2
0.4000,0.2667,0.7375,0.1429,0.2131,1.3250,0.6500,0.2470,0.5024,0.2399,0.6423,0.4000,0.4000,0.4167,0.6250,0.2208,0.2131,0.5390,0.5000,1.0348,0.5109,0.5284,0.3030,0.4325,0.8000,0.6500,0.0000,0.0000,1.8112,0.2000,0.2308,0.6000,0.4000,1.7920,1,2
0.4000,0.3667,0.6750,0.1948,0.2623,0.7400,0.3500,0.4623,0.8145,0.4133,0.5867,0.4025,0.4000,0.4167,0.6250,0.2208,0.2131,0.5390,0.5000,1.0348,0.5109,0.5284,0.3030,0.4325,0.8000,0.3500,0.0000,0.0000,1.9612,0.9000,0.0643,0.6000,0.5000,0.6280,0,2
0.4000,0.4333,0.6875,0.1429,0.2131,0.5960,0.5500,0.3267,0.5014,0.2874,0.3949,0.4100,0.4000,0.4167,0.6250,0.2208,0.2131,0.5390,0.5000,1.0348,0.5109,0.5284,0.3030,0.4325,0.8000,0.5405,0.1000,0.0000,1.8660,0.5000,0.1636,1.0000,0.6000,2.6800,0,2
0.4000,0.4167,0.6250,0.2208,0.2131,0.5390,0.5000,1.0348,0.5109,0.5284,0.3030,0.4325,0.4000,0.4333,0.6875,0.1429,0.2131,0.5960,0.5500,0.3267,0.5014,0.2874,0.3949,0.4100,0.8000,0.4945,0.1000,0.0000,1.8890,0.3000,0.1300,0.6000,0.7000,0.5460,0,2
0.4000,0.3333,0.8250,0.1818,0.2623,1.2868,0.7000,0.3990,0.6680,0.2636,1.1677,0.5150,0.4000,0.5167,0.7750,0.1429,0.2295,1.7950,1.1500,0.6173,0.8293,0.2280,0.1582,0.5325,0.9000,0.6170,0.4000,0.2000,2.1330,0.5000,0.1107,0.6500,0.5000,1.0160,1,2
0.4000,0.4667,0.7875,0.2208,0.2951,0.9683,0.6500,0.6236,1.1416,0.5700,0.2981,0.4625,0.4000,0.5167,0.7750,0.1429,0.2295,1.7950,1.1500,0.6173,0.8293,0.2280,0.1582,0.5325,0.9000,0.5995,0.2000,0.2000,2.1418,0.3000,0.1577,0.9000,0.6000,0.9080,0,2
0.4000,0.5167,0.7750,0.1429,0.2295,1.7950,1.1500,0.6173,0.8293,0.2280,0.1582,0.5325,0.4000,0.3333,0.8250,0.1818,0.2623,1.2868,0.7000,0.3990,0.6680,0.2636,1.1677,0.5150,0.9000,1.1200,0.2000,1.1000,1.8815,1.0000,0.1000,1.1000,0.7000,3.2320,0,2
0.4000,0.4500,0.7000,0.2727,0.2459,0.6040,0.5500,0.9257,0.6361,0.6270,0.5249,0.5025,0.4000,0.5167,0.7750,0.1429,0.2295,1.7950,1.1500,0.6173,0.8293,0.2280,0.1582,0.5325,0.9000,0.5245,0.3000,0.0000,2.1793,0.2000,0.2364,0.9500,0.8000,1.2560,0,2
0.5000,0.4833,1.2125,0.2338,0.2951,1.6277,0.8500,0.7080,0.9528,0.4350,0.5498,0.6750,0.4000,0.5167,0.7875,0.2987,0.2787,0.7400,0.7500,1.0794,0.8783,0.8250,0.3470,0.6025,1.0000,0.7965,0.5000,0.7000,2.5335,0.0000,0.1676,0.9500,1.0000,0.7240,1,2
0.4000,0.5667,0.8750,0.2468,0.3443,0.9536,0.7500,0.8180,1.2521,0.8550,0.9965,0.5800,0.5000,0.4833,1.2125,0.2338,0.2951,1.6277,0.8500,0.7080,0.9528,0.4350,0.5498,0.6750,1.0000,0.7160,0.2000,0.5000,2.5738,0.4000,0.1433,1.1000,1.0000,0.6160,0,2
0.3000,0.4500,0.6125,0.2078,0.2951,2.2740,1.4500,0.5547,0.6391,0.1375,0.1016,0.5200,0.5000,0.4833,1.2125,0.2338,0.2951,1.6277,0.8500,0.7080,0.9528,0.4350,0.5498,0.6750,1.0000,1.4270,0.3000,1.8000,2.2183,1.3000,0.0914,0.8000,0.4000,1.8720,0,2
0.4000,0.5167,0.7875,0.2987,0.2787,0.7400,0.7500,1.0794,0.8783,0.8250,0.3470,0.6025,0.5000,0.4833,1.2125,0.2338,0.2951,1.6277,0.8500,0.7080,0.9528,0.4350,0.5498,0.6750,1.0000,0.7200,0.2000,0.3000,2.5718,0.7000,0.1767,1.1000,1.1000,1.2880,0,2
0.1000,0.0333,0.1125,0.0130,0.0164,0.2000,0.1000,0.0600,0.0720,0.0625,0.1200,0.0400,0.1000,0.0333,0.1000,0.0130,0.0000,0.1350,0.1000,0.0600,0.0320,0.0625,0.1900,0.0225,0.1000,0.1000,0.0000,0.0000,0.6432,0.0000,0.4000,0.0500,0.0000,0.1600,1,3
0.0000,0.0000,0.0000,0.0000,0.0000,0.1000,0.1000,0.0000,0.0000,0.0000,0.0000,0.0075,0.1000,0.0333,0.1125,0.0130,0.0164,0.2000,0.1000,0.0600,0.0720,0.0625,0.1200,0.0400,0.1000,0.1000,0.0000,0.0000,0.6432,0.1000,0.1500,0.0000,0.0000,0.0000,0,3
0.1000,0.0333,0.1000,0.0130,0.0000,0.2000,0.1000,0.0600,0.0320,0.0625,0.1100,0.0225,0.1000,0.0333,0.1125,0.0130,0.0164,0.2000,0.1000,0.0600,0.0720,0.0625,0.1200,0.0400,0.1000,0.1000,0.0000,0.0000,0.6432,0.0000,0.2000,0.0000,0.0000,0.1000,0,3
0.1000,0.0333,0.1000,0.0130,0.0000,0.1350,0.1000,0.0600,0.0320,0.0625,0.1900,0.0225,0.1000,0.0333,0.1125,0.0130,0.0164,0.2000,0.1000,0.0600,0.0720,0.0625,0.1200,0.0400,0.1000,0.0675,0.1000,0.0000,0.6595,0.0000,0.1500,0.0000,0.0000,0.1000,0,3
0.1000,0.0333,0.1375,0.0260,0.0328,0.1300,0.2000,0.0600,0.0720,0.0625,0.3740,0.0575,0.1000,0.0500,0.1250,0.0260,0.0328,0.2000,0.1000,0.0700,0.0980,0.0750,0.2820,0.0475,0.2000,0.1650,0.2000,0.0000,0.7150,0.2000,0.1500,0.0500,0.0000,0.1300,1,3
0.0000,0.0000,0.0000,0.0000,0.0000,0.0640,0.1000,0.0000,0.0000,0.0000,0.0000,0.0075,0.1000,0.0333,0.1375,0.0260,0.0328,0.1300,0.2000,0.0600,0.0720,0.0625,0.3740,0.0575,0.2000,0.0820,0.1000,0.0000,0.7565,0.0000,0.2250,0.0000,0.0000,0.0000,0,3
0.1000,0.0500,0.1250,0.0260,0.0328,0.2000,0.1000,0.0700,0.0980,0.0750,0.2820,0.0475,0.1000,0.0333,0.1375,0.0260,0.0328,0.1300,0.2000,0.0600,0.0720,0.0625,0.3740,0.0575,0.2000,0.1000,0.0000,0.0000,0.7475,0.0000,0.1250,0.0500,0.0000,0.1600,0,3
0.1000,0.0333,0.1250,0.0260,0.0328,0.1660,0.1500,0.0600,0.0720,0.0875,0.3480,0.0450,0.1000,0.0333,0.1375,0.0260,0.0328,0.1300,0.2000,0.0600,0.0720,0.0625,0.3740,0.0575,0.2000,0.1330,0.2000,0.0000,0.7310,0.0000,0.2667,0.0500,0.0000,0.1080,0,3
0.2000,0.0667,0.2625,0.0649,0.0656,0.3270,0.2000,0.0780,0.1188,0.1075,0.5394,0.1075,0.2000,0.0667,0.2250,0.0260,0.0492,0.2000,0.1500,0.0800,0.1240,0.1125,0.5100,0.0775,0.3000,0.1885,0.2000,0.0000,0.8848,0.0000,0.1750,0.1000,0.0000,0.2380,1,3
0.0000,0.0000,0.0000,0.0000,0.0000,0.0640,0.1000,0.0000,0.0000,0.0000,0.0000,0.0075,0.2000,0.0667,0.2625,0.0649,0.0656,0.3270,0.2000,0.0780,0.1188,0.1075,0.5394,0.1075,0.3000,0.0820,0.1000,0.0000,0.9380,0.1000,0.1500,0.0000,0.0000,0.0000,0,3
0.2000,0.0667,0.2250,0.0260,0.0492,0.2000,0.1500,0.0800,0.1240,0.1125,0.5100,0.0775,0.2000,0.0667,0.2625,0.0649,0.0656,0.3270,0.2000,0.0780,0.1188,0.1075,0.5394,0.1075,0.3000,0.1500,0.0000,0.0000,0.9040,0.0000,0.3000,0.0500,0.0000,0.3400,0,3
0.2000,0.0667,0.2250,0.0390,0.0492,0.1620,0.1500,0.0800,0.0840,0.0875,0.5540,0.0750,0.2000,0.0667,0.2625,0.0649,0.0656,0.3270,0.2000,0.0780,0.1188,0.1075,0.5394,0.1075,0.3000,0.1310,0.2000,0.0000,0.9135,0.1000,0.1667,0.0500,0.0000,0.2360,0,3
0.3000,0.1500,0.3875,0.0649,0.0820,0.3140,0.2000,0.1250,0.1830,0.1763,0.4238,0.1600,0.2000,0.0667,0.2625,0.0649,0.0656,0.2660,0.3500,0.0860,0.1312,0.0812,0.7760,0.1125,0.4000,0.1820,0.2000,0.0000,1.0603,0.1000,0.2250,0.3000,0.1000,0.5360,1,3
0.0000,0.0000,0.0000,0.0000,0.0000,0.1000,0.1000,0.0000,0.0000,0.0000,0.0000,0.0075,0.3000,0.1500,0.3875,0.0649,0.0820,0.3140,0.2000,0.1250,0.1830,0.1763,0.4238,0.1600,0.4000,0.1000,0.0000,0.0000,1.1012,0.2000,0.0500,0.0000,0.0000,0.0000,0,3
0.2000,0.1000,0.2750,0.0519,0.0656,0.1450,0.2000,0.0970,0.1682,0.1000,0.2254,0.1025,0.3000,0.1500,0.3875,0.0649,0.0820,0.3140,0.2000,0.1250,0.1830,0.1763,0.4238,0.1600,0.4000,0.1600,0.1000,0.1000,1.0712,0.1000,0.1875,0.1000,0.0000,0.2240,0,3
0.2000,0.0667,0.2625,0.0649,0.0656,0.2660,0.3500,0.0860,0.1312,0.0812,0.7760,0.1125,0.3000,0.1500,0.3875,0.0649,0.0820,0.3140,0.2000,0.1250,0.1830,0.1763,0.4238,0.1600,0.4000,0.3080,0.2000,0.1000,0.9972,0.2000,0.1786,0.1500,0.1000,0.2100,0,3
0.3000,0.1667,0.4375,0.0909,0.0984,0.3140,0.3000,0.1472,0.1845,0.1496,0.6930,0.1775,0.2000,0.1333,0.3125,0.0779,0.1148,0.1450,0.2500,0.1102,0.1706,0.0950,0.2525,0.1950,0.5000,0.2820,0.2000,0.0000,1.2198,0.0000,0.2750,0.4000,0.2000,0.2160,1,3
0.0000,0.0000,0.0000,0.0000,0.0000,0.1000,0.1000,0.0000,0.0000,0.0000,0.0000,0.0000,0.2000,0.1333,0.3125,0.0779,0.1148,0.1450,0.2500,0.1102,0.1706,0.0950,0.2525,0.1950,0.5000,0.1000,0.0000,0.0000,1.3108,0.2000,0.1000,0.0000,0.0000,0.0000,0,3
0.2000,0.1333,0.3125,0.0779,0.1148,0.1450,0.2500,0.1102,0.1706,0.0950,0.2525,0.1950,0.3000,0.1667,0.4375,0.0909,0.0984,0.3140,0.3000,0.1472,0.1845,0.1496,0.6930,0.1775,0.5000,0.2100,0.1000,0.1000,1.2557,0.1000,0.1700,0.2000,0.1000,0.1840,0,3
0.2000,0.1000,0.2875,0.1039,0.0820,0.3710,0.4000,0.0950,0.1292,0.1306,0.1377,0.1400,0.2000,0.1333,0.3125,0.0779,0.1148,0.1450,0.2500,0.1102,0.1706,0.0950,0.2525,0.1950,0.5000,0.3980,0.1000,0.3000,1.1618,0.1000,0.1562,0.3000,0.1000,0.7400,0,3
0.3000,0.2167,0.4875,0.1039,0.1475,0.3820,0.4500,0.1995,0.3211,0.2019,0.2982,0.2725,0.2000,0.1333,0.3125,0.1169,0.1311,0.4210,0.4500,0.1330,0.1596,0.1425,0.1509,0.2650,0.6000,0.4410,0.1000,0.1000,1.4175,0.8000,0.2389,0.5000,0.4000,0.5160,1,3
0.0000,0.0000,0.0000,0.0000,0.0000,0.1000,0.1000,0.0000,0.0000,0.0000,0.0000,0.0000,0.3000,0.2167,0.4875,0.1039,0.1475,0.3820,0.4500,0.1995,0.3211,0.2019,0.2982,0.2725,0.6000,0.1000,0.0000,0.0000,1.5880,0.3000,0.1250,0.0000,0.0000,0.0000,0,3
0.2000,0.1500,0.3375,0.1039,0.1475,0.2200,0.3500,0.1425,0.2413,0.0950,0.1669,0.2400,0.3000,0.2167,0.4875,0.1039,0.1475,0.3820,0.4500,0.1995,0.3211,0.2019,0.2982,0.2725,0.6000,0.3100,0.1000,0.2000,1.4830,0.5000,0.1000,0.2500,0.3000,0.4320,0,3
0.2000,0.1333,0.3125,0.1169,0.1311,0.4210,0.4500,0.1330,0.1596,0.1425,0.1509,0.2650,0.3000,0.2167,0.4875,0.1039,0.1475,0.3820,0.4500,0.1995,0.3211,0.2019,0.2982,0.2725,0.6000,0.4480,0.1000,0.1000,1.4140,0.4000,0.1111,0.3500,0.1000,0.2400,0,3
0.4000,0.3000,0.6500,0.1299,0.1967,0.6250,0.4500,0.2783,0.5759,0.2090,0.3817,0.3725,0.2000,0.1500,0.3375,0.1299,0.1475,0.4750,0.5500,0.1358,0.2327,0.1591,0.2851,0.3000,0.7000,0.4500,0.0000,0.0000,1.6967,0.2000,0.1278,0.6500,0.6000,1.1880,1,3
0.0000,0.0000,0.0000,0.0000,0.0000,0.1000,0.1000,0.0000,0.0000,0.0000,0.0000,0.0000,0.4000,0.3000,0.6500,0.1299,0.1967,0.6250,0.4500,0.2783,0.5759,0.2090,0.3817,0.3725,0.7000,0.1000,0.0000,0.0000,1.8717,0.3000,0.0750,0.0000,0.0000,0.0000,0,3
0.2000,0.1833,0.3750,0.1299,0.1967,0.2950,0.4000,0.1615,0.3477,0.1069,0.2328,0.2850,0.4000,0.3000,0.6500,0.1299,0.1967,0.6250,0.4500,0.2783,0.5759,0.2090,0.3817,0.3725,0.7000,0.3400,0.2000,0.3000,1.7517,0.8000,0.0688,0.3000,0.4000,0.3000,0,3
0.2000,0.1500,0.3375,0.1299,0.1475,0.4750,0.5500,0.1358,0.2327,0.1591,0.2851,0.3000,0.4000,0.3000,0.6500,0.1299,0.1967,0.6250,0.4500,0.2783,0.5759,0.2090,0.3817,0.3725,0.7000,0.5400,0.1000,0.5000,1.6517,0.8000,0.1091,0.3500,0.4000,0.3800,0,3
0.4000,0.3833,0.7125,0.1818,0.2459,0.6250,0.6000,0.3249,0.7520,0.2328,0.4177,0.4150,0.2000,0.2000,0.3625,0.1688,0.1803,0.5250,0.5500,0.1800,0.3120,0.2750,0.4647,0.3300,0.8000,0.6000,0.0000,0.5000,1.6797,0.0000,0.1667,0.8000,0.6000,1.3080,1,3
0.0000,0.0000,0.0000,0.0000,0.0000,0.1000,0.1000,0.0000,0.0000,0.0000,0.0000,0.0000,0.4000,0.3833,0.7125,0.1818,0.2459,0.6250,0.6000,0.3249,0.7520,0.2328,0.4177,0.4150,0.8000,0.1000,0.0000,0.0000,1.9297,0.6000,0.0500,0.0000,0.0000,0.0000,0,3
0.2000,0.2167,0.3875,0.1688,0.2295,0.2950,0.4000,0.1805,0.3591,0.1306,0.2951,0.3250,0.4000,0.3833,0.7125,0.1818,0.2459,0.6250,0.6000,0.3249,0.7520,0.2328,0.4177,0.4150,0.8000,0.3400,0.2000,0.0000,1.8097,0.9000,0.0875,0.4000,0.5000,0.3880,0,3
0.2000,0.2000,0.3625,0.1688,0.1803,0.5250,0.5500,0.1800,0.3120,0.2750,0.4647,0.3300,0.4000,0.3833,0.7125,0.1818,0.2459,0.6250,0.6000,0.3249,0.7520,0.2328,0.4177,0.4150,0.8000,0.5400,0.1000,0.0000,1.7097,1.1000,0.0864,0.5500,0.4000,1.1000,0,3
0.4000,0.4167,0.7750,0.2208,0.2951,0.7860,0.6000,0.4503,0.9420,0.3479,0.2617,0.5750,0.2000,0.2667,0.3875,0.1948,0.2295,0.3150,0.4000,0.2540,0.3988,0.2937,0.3371,0.4300,0.9000,0.5620,0.2000,0.2000,1.6160,0.5000,0.1500,0.9000,0.9000,0.2800,1,3
0.0000,0.0000,0.0000,0.0000,0.0000,0.1000,0.1000,0.0000,0.0000,0.0000,0.0000,0.0000,0.4000,0.4167,0.7750,0.2208,0.2951,0.7860,0.6000,0.4503,0.9420,0.3479,0.2617,0.5750,0.9000,0.1000,0.0000,0.0000,1.8470,0.5000,0.0500,0.0000,0.0000,0.0000,0,3
0.2000,0.2333,0.4250,0.1818,0.2459,0.3450,0.4000,0.1900,0.3648,0.1663,0.4202,0.3475,0.4000,0.4167,0.7750,0.2208,0.2951,0.7860,0.6000,0.4503,0.9420,0.3479,0.2617,0.5750,0.9000,0.3300,0.2000,0.1000,1.7320,0.8000,0.0688,0.5500,0.5000,0.5400,0,3
0.2000,0.2667,0.3875,0.1948,0.2295,0.3150,0.4000,0.2540,0.3988,0.2937,0.3371,0.4300,0.4000,0.4167,0.7750,0.2208,0.2951,0.7860,0.6000,0.4503,0.9420,0.3479,0.2617,0.5750,0.9000,0.3800,0.1000,0.2000,1.7070,0.4000,0.1250,0.6000,0.5000,1.0040,0,3
0.4000,0.5000,0.8500,0.2338,0.3443,1.8550,1.1000,0.4890,1.1094,0.4137,0.0716,0.6175,0.2000,0.3000,0.4375,0.2078,0.2459,0.6400,0.7000,0.2970,0.4994,0.2162,0.1399,0.4900,1.0000,1.1000,0.0000,0.8000,1.8233,1.1000,0.1091,0.9000,1.0000,0.7780,1,3
0.0000,0.0000,0.0000,0.0000,0.0000,0.1000,0.1000,0.0000,0.0000,0.0000,0.0000,0.0000,0.4000,0.5000,0.8500,0.2338,0.3443,1.8550,1.1000,0.4890,1.1094,0.4137,0.0716,0.6175,1.0000,0.1000,0.0000,0.0000,2.3233,0.5000,0.0500,0.0000,0.0000,0.0000,0,3
0.2000,0.2667,0.4500,0.1948,0.2623,0.4250,0.4000,0.2090,0.4142,0.1663,0.3060,0.4025,0.4000,0.5000,0.8500,0.2338,0.3443,1.8550,1.1000,0.4890,1.1094,0.4137,0.0716,0.6175,1.0000,0.3600,0.1000,0.1000,2.1932,0.7000,0.0812,0.6500,0.5000,0.6600,0,3
0.2000,0.3000,0.4375,0.2078,0.2459,0.6400,0.7000,0.2970,0.4994,0.2162,0.1399,0.4900,0.4000,0.5000,0.8500,0.2338,0.3443,1.8550,1.1000,0.4890,1.1094,0.4137,0.0716,0.6175,1.0000,0.6700,0.1000,0.4000,2.0382,0.6000,0.1286,0.6000,0.6000,0.2400,0,3
0.1000,0.0333,0.1250,0.0130,0.0328,0.2000,0.1000,0.0600,0.1120,0.0625,0.1400,0.0475,0.1000,0.0333,0.1000,0.0130,0.0000,0.2000,0.1000,0.0600,0.0320,0.0625,0.1200,0.0300,0.1000,0.1000,0.0000,0.0000,0.6840,0.0000,0.1500,0.0500,0.0000,0.1600,1,4
0.1000,0.0333,0.1000,0.0130,0.0000,0.2000,0.1000,0.0600,0.0320,0.0625,0.1200,0.0300,0.1000,0.0333,0.1250,0.0130,0.0328,0.2000,0.1000,0.0600,0.1120,0.0625,0.1400,0.0475,0.1000,0.1000,0.0000,0.0000,0.6840,0.1000,0.2000,0.0000,0.0000,0.1600,0,4
0.1000,0.0333,0.1000,0.0130,0.0000,0.1740,0.1500,0.0600,0.0320,0.0750,0.2200,0.0225,0.1000,0.0333,0.1250,0.0130,0.0328,0.2000,0.1000,0.0600,0.1120,0.0625,0.1400,0.0475,0.1000,0.1370,0.1000,0.0000,0.6655,0.0000,0.2500,0.0000,0.0000,0.1200,0,4
0.1000,0.0333,0.1000,0.0130,0.0000,0.0740,0.1000,0.0600,0.0320,0.0625,0.1200,0.0225,0.1000,0.0333,0.1250,0.0130,0.0328,0.2000,0.1000,0.0600,0.1120,0.0625,0.1400,0.0475,0.1000,0.0370,0.2000,0.2000,0.7155,0.0000,0.1250,0.0000,0.0000,0.1600,0,4
0.2000,0.0500,0.2250,0.0260,0.0492,0.1850,0.2000,0.0700,0.1580,0.0625,0.2900,0.0825,0.2000,0.0667,0.2000,0.0260,0.0164,0.1060,0.1500,0.0790,0.0434,0.0875,0.2700,0.0600,0.2000,0.1925,0.1000,0.0000,1.0090,0.1000,0.2125,0.1000,0.0000,0.0000,1,4
0.2000,0.0667,0.2000,0.0260,0.0164,0.1060,0.1500,0.0790,0.0434,0.0875,0.2700,0.0600,0.2000,0.0500,0.2250,0.0260,0.0492,0.1850,0.2000,0.0700,0.1580,0.0625,0.2900,0.0825,0.2000,0.1030,0.1000,0.0000,1.0538,0.0000,0.1333,0.0000,0.0000,0.2400,0,4
0.1000,0.0333,0.1250,0.0260,0.0328,0.1740,0.2000,0.0660,0.0792,0.0825,0.5360,0.0450,0.2000,0.0500,0.2250,0.0260,0.0492,0.1850,0.2000,0.0700,0.1580,0.0625,0.2900,0.0825,0.2000,0.1870,0.1000,0.1000,1.0117,0.0000,0.3375,0.0500,0.0000,0.0800,0,4
0.2000,0.0833,0.2000,0.0260,0.0164,0.1510,0.1500,0.0900,0.0900,0.0750,0.6340,0.0575,0.2000,0.0500,0.2250,0.0260,0.0492,0.1850,0.2000,0.0700,0.1580,0.0625,0.2900,0.0825,0.2000,0.1255,0.2000,0.0000,1.0425,0.0000,0.1167,0.0500,0.0000,0.3400,0,4
0.2000,0.0667,0.2750,0.0519,0.0820,0.1970,0.2500,0.1060,0.1532,0.0688,0.4530,0.1100,0.2000,0.1000,0.2875,0.0519,0.0492,0.1910,0.3000,0.0970,0.1302,0.0738,0.8020,0.0875,0.3000,0.2235,0.2000,0.0000,1.1595,0.0000,0.1900,0.1000,0.0000,0.2160,1,4
0.2000,0.0833,0.2375,0.0519,0.0328,0.1810,0.1500,0.0880,0.1068,0.0875,0.4840,0.0850,0.2000,0.0667,0.2750,0.0519,0.0820,0.1970,0.2500,0.1060,0.1532,0.0688,0.4530,0.1100,0.3000,0.1405,0.1000,0.0000,1.2010,0.0000,0.2333,0.1000,0.0000,0.2880,0,4
0.2000,0.0833,0.2500,0.0390,0.0492,0.2230,0.2500,0.0900,0.0900,0.1500,0.7184,0.0850,0.2000,0.0667,0.2750,0.0519,0.0820,0.1970,0.2500,0.1060,0.1532,0.0688,0.4530,0.1100,0.3000,0.2365,0.2000,0.1000,1.1530,0.0000,0.4200,0.0500,0.0000,0.3400,0,4
0.2000,0.1000,0.2875,0.0519,0.0492,0.1910,0.3000,0.0970,0.1302,0.0738,0.8020,0.0875,0.2000,0.0667,0.2750,0.0519,0.0820,0.1970,0.2500,0.1060,0.1532,0.0688,0.4530,0.1100,0.3000,0.2705,0.2000,0.1000,1.1360,0.3000,0.0917,0.1000,0.0000,0.1500,0,4
0.3000,0.1333,0.4125,0.0779,0.0984,0.1840,0.3000,0.1387,0.2063,0.2054,0.6560,0.1475,0.3000,0.1500,0.3500,0.0779,0.0656,0.3060,0.1500,0.1187,0.1397,0.1069,0.2308,0.1325,0.4000,0.2670,0.1000,0.1000,1.5070,0.1000,0.0917,0.2000,0.1000,0.3880,1,4
0.3000,0.1500,0.3500,0.0779,0.0656,0.3060,0.1500,0.1187,0.1397,0.1069,0.2308,0.1325,0.3000,0.1333,0.4125,0.0779,0.0984,0.1840,0.3000,0.1387,0.2063,0.2054,0.6560,0.1475,0.4000,0.1405,0.1000,0.0000,1.5703,0.0000,0.2167,0.1500,0.1000,0.5580,0,4
0.3000,0.1167,0.3875,0.0519,0.0656,0.3730,0.4000,0.1045,0.1349,0.1425,0.4084,0.1100,0.3000,0.1333,0.4125,0.0779,0.0984,0.1840,0.3000,0.1387,0.2063,0.2054,0.6560,0.1475,0.4000,0.3665,0.2000,0.0000,1.4572,0.0000,0.2562,0.1000,0.0000,0.3900,0,4
0.2000,0.1333,0.3250,0.0649,0.0656,0.4090,0.4500,0.1102,0.1345,0.1057,0.5580,0.1225,0.3000,0.1333,0.4125,0.0779,0.0984,0.1840,0.3000,0.1387,0.2063,0.2054,0.6560,0.1475,0.4000,0.4170,0.3000,0.0000,1.4320,0.2000,0.0889,0.2500,0.1000,0.1620,0,4
0.3000,0.1667,0.4500,0.0909,0.1475,0.1840,0.3500,0.1738,0.2848,0.1532,0.4529,0.2300,0.2000,0.1667,0.4000,0.0909,0.0984,0.4320,0.5000,0.1330,0.1520,0.1900,0.9501,0.2000,0.5000,0.3170,0.1000,0.0000,1.6858,0.5000,0.0786,0.2000,0.2000,0.4800,1,4
0.3000,0.1833,0.4000,0.0909,0.0820,0.4310,0.3000,0.1358,0.1499,0.1069,0.4343,0.1975,0.3000,0.1667,0.4500,0.0909,0.1475,0.1840,0.3500,0.1738,0.2848,0.1532,0.4529,0.2300,0.5000,0.2905,0.1000,0.0000,1.6990,0.3000,0.1750,0.1500,0.1000,0.3160,0,4
0.3000,0.1667,0.4125,0.0649,0.1148,0.7750,0.6000,0.1330,0.1520,0.1306,0.6269,0.1450,0.3000,0.1667,0.4500,0.0909,0.1475,0.1840,0.3500,0.1738,0.2848,0.1532,0.4529,0.2300,0.5000,0.5565,0.3000,0.3000,1.5660,0.0000,0.2167,0.1000,0.0000,0.3820,0,4
0.2000,0.1667,0.4000,0.0909,0.0984,0.4320,0.5000,0.1330,0.1520,0.1900,0.9501,0.2000,0.3000,0.1667,0.4500,0.0909,0.1475,0.1840,0.3500,0.1738,0.2848,0.1532,0.4529,0.2300,0.5000,0.4660,0.1000,0.4000,1.6112,0.8000,0.0800,0.2500,0.1000,0.6880,0,4
0.4000,0.2500,0.6250,0.1299,0.2131,0.3340,0.4000,0.2394,0.5358,0.1852,0.3236,0.3225,0.2000,0.1667,0.4250,0.1039,0.1311,0.3720,0.5500,0.1416,0.2632,0.1758,0.3369,0.3225,0.6000,0.3670,0.1000,0.1000,1.7815,0.1000,0.1375,0.4500,0.3000,0.6980,1,4
0.4000,0.2333,0.5250,0.1299,0.1311,0.4500,0.2000,0.1710,0.2698,0.1544,0.5645,0.2850,0.2000,0.1667,0.4250,0.1039,0.1311,0.3720,0.5500,0.1416,0.2632,0.1758,0.3369,0.3225,0.6000,0.2000,0.0000,0.0000,1.8650,0.6000,0.0625,0.2500,0.3000,0.5320,0,4
0.3000,0.2000,0.4625,0.0649,0.1311,0.8110,0.7000,0.1663,0.2138,0.1663,0.3277,0.1850,0.2000,0.1667,0.4250,0.1039,0.1311,0.3720,0.5500,0.1416,0.2632,0.1758,0.3369,0.3225,0.6000,0.6545,0.3000,0.3000,1.6378,0.6000,0.1286,0.3000,0.1000,0.5000,0,4
0.2000,0.1667,0.4250,0.1039,0.1311,0.3720,0.5500,0.1416,0.2632,0.1758,0.3369,0.3225,0.4000,0.2500,0.6250,0.1299,0.2131,0.3340,0.4000,0.2394,0.5358,0.1852,0.3236,0.3225,0.6000,0.4610,0.3000,0.1000,1.7345,1.4000,0.0773,0.4000,0.4000,0.2900,0,4
0.4000,0.3167,0.6875,0.1688,0.2459,0.6215,0.5000,0.3000,0.6888,0.2850,0.8534,0.3800,0.2000,0.2000,0.4375,0.1169,0.1803,0.6060,0.7000,0.1700,0.4216,0.1850,0.8586,0.3300,0.7000,0.4820,0.2000,0.0000,1.8465,0.7000,0.0900,0.6500,0.5000,0.8040,1,4
0.4000,0.2833,0.5875,0.1558,0.1803,0.6180,0.4000,0.2575,0.3285,0.2612,0.3910,0.3100,0.4000,0.3167,0.6875,0.1688,0.2459,0.6215,0.5000,0.3000,0.6888,0.2850,0.8534,0.3800,0.7000,0.3940,0.1000,0.0000,1.8905,0.5000,0.0812,0.3500,0.3000,0.4440,0,4
0.3000,0.2167,0.5000,0.1039,0.1639,0.5050,0.6500,0.2033,0.2956,0.1829,0.0663,0.2125,0.4000,0.3167,0.6875,0.1688,0.2459,0.6215,0.5000,0.3000,0.6888,0.2850,0.8534,0.3800,0.7000,0.5565,0.4000,0.5000,1.8092,0.5000,0.2500,0.3500,0.1000,1.0940,0,4
0.2000,0.2000,0.4375,0.1169,0.1803,0.6060,0.7000,0.1700,0.4216,0.1850,0.8586,0.3300,0.4000,0.3167,0.6875,0.1688,0.2459,0.6215,0.5000,0.3000,0.6888,0.2850,0.8534,0.3800,0.7000,0.6020,0.4000,0.3000,1.7865,1.1000,0.0964,0.5000,0.4000,1.1600,0,4
0.4000,0.3667,0.7750,0.1948,0.2951,0.5663,0.6000,0.3360,1.1846,0.3300,0.2248,0.4425,0.3000,0.2500,0.5500,0.1688,0.2295,0.8010,0.7500,0.2280,0.5400,0.3300,0.3522,0.4875,0.8000,0.5665,0.3000,0.0000,2.0743,0.3000,0.1167,0.9000,0.6000,1.9280,1,4
0.4000,0.3500,0.6625,0.1818,0.2131,0.5860,0.3500,0.3943,0.4292,0.3171,0.3111,0.3700,0.3000,0.2500,0.5500,0.1688,0.2295,0.8010,0.7500,0.2280,0.5400,0.3300,0.3522,0.4875,0.8000,0.3280,0.1000,0.1000,2.1935,0.2000,0.1143,0.5500,0.6000,0.5440,0,4
0.3000,0.2833,0.5500,0.1429,0.1967,0.6288,0.5500,0.2622,0.5051,0.2565,0.3113,0.3125,0.3000,0.2500,0.5500,0.1688,0.2295,0.8010,0.7500,0.2280,0.5400,0.3300,0.3522,0.4875,0.8000,0.5240,0.3000,0.2000,2.0955,0.0000,0.2455,0.3500,0.3000,0.4460,0,4
0.3000,0.2500,0.5500,0.1688,0.2295,0.8010,0.7500,0.2280,0.5400,0.3300,0.3522,0.4875,0.4000,0.3667,0.7750,0.1948,0.2951,0.5663,0.6000,0.3360,1.1846,0.3300,0.2248,0.4425,0.8000,0.7255,0.2000,0.4000,1.9948,0.3000,0.1300,0.6500,0.4000,0.4240,0,4
0.4000,0.4000,0.9000,0.2078,0.3443,0.5888,0.5500,0.4560,1.1952,0.3562,0.6326,0.4950,0.3000,0.2833,0.6125,0.2078,0.2623,0.7680,0.7500,0.8869,0.6996,0.3420,0.5308,0.5150,0.9000,0.5315,0.2000,0.3000,2.1420,1.3000,0.0909,1.1500,0.8000,2.0760,1,4
0.4000,0.4333,0.7250,0.1948,0.2459,0.6300,0.4000,0.4712,0.4454,0.4097,0.5661,0.4200,0.3000,0.2833,0.6125,0.2078,0.2623,0.7680,0.7500,0.8869,0.6996,0.3420,0.5308,0.5150,0.9000,0.4000,0.0000,0.4000,2.2077,1.5000,0.0500,0.7000,0.7000,0.7780,0,4
0.4000,0.3833,0.6875,0.1818,0.2459,0.8328,0.5500,0.3534,0.5482,0.3990,0.4469,0.3800,0.3000,0.2833,0.6125,0.2078,0.2623,0.7680,0.7500,0.8869,0.6996,0.3420,0.5308,0.5150,0.9000,0.5420,0.2000,0.3000,2.1367,0.7000,0.2227,0.4500,0.4000,0.4440,0,4
0.3000,0.2833,0.6125,0.2078,0.2623,0.7680,0.7500,0.8869,0.6996,0.3420,0.5308,0.5150,0.4000,0.4000,0.9000,0.2078,0.3443,0.5888,0.5500,0.4560,1.1952,0.3562,0.6326,0.4950,0.9000,0.7090,0.3000,0.1000,2.0533,2.0000,0.0800,0.7500,0.5000,0.5000,0,4
0.4000,0.4333,1.0750,0.2338,0.3770,0.6350,0.8500,0.6156,1.2089,0.3848,0.6837,0.6350,0.3000,0.3167,0.6750,0.2338,0.2951,0.8930,0.8500,0.7393,0.6841,0.4417,2.0000,0.5725,1.0000,0.8400,0.1000,0.0000,2.2167,3.3000,0.0588,1.3000,1.0000,2.5120,1,4
0.4000,0.4833,0.7750,0.2208,0.2623,0.6030,0.4500,0.5824,0.5029,0.4762,0.5326,0.5400,0.4000,0.4333,1.0750,0.2338,0.3770,0.6350,0.8500,0.6156,1.2089,0.3848,0.6837,0.6350,1.0000,0.4365,0.1000,0.0000,2.4185,2.4000,0.0833,0.9000,1.0000,0.4800,0,4
0.4000,0.4500,0.7500,0.1948,0.2787,0.8210,0.6000,0.6726,0.6967,0.5700,0.4718,0.4400,0.4000,0.4333,1.0750,0.2338,0.3770,0.6350,0.8500,0.6156,1.2089,0.3848,0.6837,0.6350,1.0000,0.5880,0.1000,0.0000,2.3428,2.3000,0.1500,0.6500,0.8000,1.1960,0,4
0.3000,0.3167,0.6750,0.2338,0.2951,0.8930,0.8500,0.7393,0.6841,0.4417,2.0000,0.5725,0.4000,0.4333,1.0750,0.2338,0.3770,0.6350,0.8500,0.6156,1.2089,0.3848,0.6837,0.6350,1.0000,0.8340,0.1000,0.2000,2.2197,3.4000,0.0676,0.8500,0.6000,0.9920,0,4
0.1000,0.0333,0.1125,0.0130,0.0164,0.2000,0.1000,0.0600,0.0720,0.1000,0.2060,0.0400,0.1000,0.0333,0.1000,0.0130,0.0000,0.1900,0.1000,0.0600,0.0320,0.0625,0.1100,0.0225,0.1000,0.1000,0.0000,0.0000,0.6380,0.3000,0.2000,0.0500,0.0000,0.1600,1,5
0.1000,0.0333,0.1000,0.0130,0.0000,0.1730,0.1000,0.0600,0.0320,0.0625,0.1300,0.0225,0.1000,0.0333,0.1125,0.0130,0.0164,0.2000,0.1000,0.0600,0.0720,0.1000,0.2060,0.0400,0.1000,0.0865,0.1000,0.0000,0.6447,0.0000,0.1750,0.0000,0.0000,0.1000,0,5
0.1000,0.0333,0.1000,0.0130,0.0000,0.1900,0.1000,0.0600,0.0320,0.0625,0.1100,0.0225,0.1000,0.0333,0.1125,0.0130,0.0164,0.2000,0.1000,0.0600,0.0720,0.1000,0.2060,0.0400,0.1000,0.0950,0.1000,0.0000,0.6405,0.0000,0.1250,0.0000,0.0000,0.1600,0,5
0.1000,0.0167,0.1000,0.0130,0.0000,0.0930,0.1000,0.0500,0.0260,0.0625,0.1460,0.0200,0.1000,0.0333,0.1125,0.0130,0.0164,0.2000,0.1000,0.0600,0.0720,0.1000,0.2060,0.0400,0.1000,0.0465,0.2000,0.1000,0.6647,0.1000,0.0750,0.0000,0.0000,0.1000,0,5
0.2000,0.0833,0.2500,0.0260,0.0328,0.1830,0.1000,0.0900,0.1700,0.1625,0.5840,0.0750,0.2000,0.0500,0.2000,0.0260,0.0164,0.1900,0.1500,0.0690,0.0374,0.0750,0.2820,0.0625,0.2000,0.0915,0.1000,0.0000,0.7670,0.1000,0.0750,0.1000,0.0000,0.2900,1,5
0.1000,0.0333,0.1250,0.0260,0.0328,0.1730,0.1500,0.0600,0.0720,0.0625,0.2800,0.0450,0.2000,0.0833,0.2500,0.0260,0.0328,0.1830,0.1000,0.0900,0.1700,0.1625,0.5840,0.0750,0.2000,0.1365,0.1000,0.0000,0.7445,0.0000,0.2167,0.0500,0.0000,0.1080,0,5
0.2000,0.0500,0.2000,0.0260,0.0164,0.1900,0.1500,0.0690,0.0374,0.0750,0.2820,0.0625,0.2000,0.0833,0.2500,0.0260,0.0328,0.1830,0.1000,0.0900,0.1700,0.1625,0.5840,0.0750,0.2000,0.1450,0.1000,0.0000,0.7402,0.0000,0.2500,0.0000,0.0000,0.2400,0,5
0.1000,0.0500,0.1125,0.0260,0.0164,0.1030,0.1000,0.0900,0.0780,0.0625,0.2960,0.0400,0.2000,0.0833,0.2500,0.0260,0.0328,0.1830,0.1000,0.0900,0.1700,0.1625,0.5840,0.0750,0.2000,0.0515,0.2000,0.0000,0.7870,0.2000,0.2000,0.0500,0.0000,0.1600,0,5
0.3000,0.1333,0.3875,0.0519,0.0656,0.3580,0.3500,0.1280,0.2164,0.1750,0.4400,0.1300,0.2000,0.0833,0.2500,0.0390,0.0492,0.1170,0.1500,0.0880,0.1248,0.0625,0.7320,0.0925,0.3000,0.3415,0.1000,0.0000,0.8953,0.2000,0.1643,0.1500,0.1000,0.2100,1,5
0.1000,0.0500,0.1375,0.0390,0.0492,0.1760,0.2000,0.0700,0.0780,0.1000,0.0760,0.0675,0.3000,0.1333,0.3875,0.0519,0.0656,0.3580,0.3500,0.1280,0.2164,0.1750,0.4400,0.1300,0.3000,0.1755,0.2000,0.1000,0.9783,0.0000,0.2250,0.0500,0.0000,0.1160,0,5
0.2000,0.0833,0.2500,0.0390,0.0492,0.1170,0.1500,0.0880,0.1248,0.0625,0.7320,0.0925,0.3000,0.1333,0.3875,0.0519,0.0656,0.3580,0.3500,0.1280,0.2164,0.1750,0.4400,0.1300,0.3000,0.1085,0.1000,0.0000,1.0117,0.0000,0.3000,0.1000,0.0000,0.1880,0,5
0.2000,0.0667,0.2250,0.0519,0.0328,0.1890,0.1000,0.0990,0.0834,0.0625,0.4460,0.0725,0.3000,0.1333,0.3875,0.0519,0.0656,0.3580,0.3500,0.1280,0.2164,0.1750,0.4400,0.1300,0.3000,0.0945,0.2000,0.0000,1.0187,0.0000,0.2750,0.0500,0.0000,0.2380,0,5
0.3000,0.1833,0.4375,0.0779,0.1148,0.6180,0.4500,0.1691,0.2417,0.1663,0.8564,0.2100,0.3000,0.1333,0.3750,0.0649,0.0656,0.3820,0.2500,0.1302,0.1731,0.1306,0.5744,0.1250,0.4000,0.4465,0.1000,0.0000,1.0658,0.9000,0.0833,0.2000,0.1000,0.4040,1,5
0.2000,0.1000,0.2375,0.0649,0.0656,0.1980,0.1500,0.0950,0.1102,0.1069,0.2114,0.1000,0.3000,0.1833,0.4375,0.0779,0.1148,0.6180,0.4500,0.1691,0.2417,0.1663,0.8564,0.2100,0.4000,0.1365,0.1000,0.0000,1.2208,0.0000,0.2000,0.1000,0.0000,0.3400,0,5
0.3000,0.1333,0.3750,0.0649,0.0656,0.3820,0.2500,0.1302,0.1731,0.1306,0.5744,0.1250,0.3000,0.1833,0.4375,0.0779,0.1148,0.6180,0.4500,0.1691,0.2417,0.1663,0.8564,0.2100,0.4000,0.2460,0.1000,0.0000,1.1660,0.0000,0.3200,0.1500,0.1000,0.5360,0,5
0.2000,0.0833,0.2375,0.0649,0.0656,0.3290,0.3000,0.0855,0.0855,0.0594,0.2593,0.1000,0.3000,0.1833,0.4375,0.0779,0.1148,0.6180,0.4500,0.1691,0.2417,0.1663,0.8564,0.2100,0.4000,0.2895,0.1000,0.0000,1.1443,0.0000,0.2667,0.0500,0.0000,0.2500,0,5
0.4000,0.2500,0.5875,0.0909,0.1475,0.5590,0.5000,0.1948,0.3160,0.2446,0.8610,0.3175,0.4000,0.1500,0.5125,0.0909,0.1311,0.5400,0.3500,0.1615,0.2793,0.1425,0.5177,0.2400,0.5000,0.4670,0.1000,0.0000,1.1133,0.2000,0.1400,0.4000,0.3000,0.3240,1,5
0.3000,0.1500,0.3750,0.0909,0.0984,0.3600,0.2000,0.1311,0.1733,0.1294,0.3313,0.1600,0.4000,0.2500,0.5875,0.0909,0.1475,0.5590,0.5000,0.1948,0.3160,0.2446,0.8610,0.3175,0.5000,0.1925,0.1000,0.0000,1.2505,0.0000,0.3125,0.1500,0.1000,0.5160,0,5
0.4000,0.1500,0.5125,0.0909,0.1311,0.5400,0.3500,0.1615,0.2793,0.1425,0.5177,0.2400,0.4000,0.2500,0.5875,0.0909,0.1475,0.5590,0.5000,0.1948,0.3160,0.2446,0.8610,0.3175,0.5000,0.3500,0.0000,0.0000,1.1718,0.1000,0.1929,0.2000,0.2000,0.4380,0,5
0.3000,0.1500,0.3625,0.0649,0.0656,0.2870,0.2500,0.1387,0.1402,0.0950,0.4824,0.1300,0.4000,0.2500,0.5875,0.0909,0.1475,0.5590,0.5000,0.1948,0.3160,0.2446,0.8610,0.3175,0.5000,0.2060,0.2000,0.2000,1.2437,0.0000,0.1300,0.2000,0.0000,0.5280,0,5
0.4000,0.3000,0.6500,0.1039,0.1967,0.5110,0.6000,0.2251,0.3760,0.2981,0.6797,0.3725,0.4000,0.2167,0.6000,0.1169,0.1639,0.5817,0.5000,0.2185,0.3971,0.1900,0.5940,0.3025,0.6000,0.5430,0.3000,0.0000,1.4190,0.5000,0.1083,0.7000,0.5000,0.5880,1,5
0.3000,0.1833,0.4125,0.1039,0.1311,0.2760,0.3000,0.1719,0.1921,0.1698,0.1245,0.2350,0.4000,0.3000,0.6500,0.1039,0.1967,0.5110,0.6000,0.2251,0.3760,0.2981,0.6797,0.3725,0.6000,0.2505,0.2000,0.2000,1.5652,0.0000,0.1917,0.2500,0.1000,0.3480,0,5
0.4000,0.2167,0.6000,0.1169,0.1639,0.5817,0.5000,0.2185,0.3971,0.1900,0.5940,0.3025,0.4000,0.3000,0.6500,0.1039,0.1967,0.5110,0.6000,0.2251,0.3760,0.2981,0.6797,0.3725,0.6000,0.4875,0.2000,0.1000,1.4467,0.2000,0.1550,0.3500,0.4000,0.4620,0,5
0.4000,0.1667,0.4750,0.0779,0.0984,0.3410,0.3500,0.1986,0.1594,0.1366,0.2684,0.1775,0.4000,0.3000,0.6500,0.1039,0.1967,0.5110,0.6000,0.2251,0.3760,0.2981,0.6797,0.3725,0.6000,0.3330,0.2000,0.0000,1.5240,0.1000,0.1429,0.2500,0.2000,0.7900,0,5
0.4000,0.4000,0.7000,0.1429,0.2295,0.6250,0.5500,0.3160,0.5112,0.3625,0.9658,0.4425,0.4000,0.2667,0.6500,0.1429,0.2131,0.7155,0.4500,0.2550,0.5190,0.1713,0.4446,0.3550,0.7000,0.4785,0.4000,0.1000,1.4233,1.5000,0.0909,0.9000,0.6000,1.3120,1,5
0.4000,0.2500,0.5625,0.1169,0.1639,0.2850,0.3500,0.1948,0.3179,0.1829,0.3201,0.2800,0.4000,0.4000,0.7000,0.1429,0.2295,0.6250,0.5500,0.3160,0.5112,0.3625,0.9658,0.4425,0.7000,0.3050,0.2000,0.0000,1.5100,0.1000,0.1929,0.4000,0.3000,0.7280,0,5
0.4000,0.2667,0.6500,0.1429,0.2131,0.7155,0.4500,0.2550,0.5190,0.1713,0.4446,0.3550,0.4000,0.4000,0.7000,0.1429,0.2295,0.6250,0.5500,0.3160,0.5112,0.3625,0.9658,0.4425,0.7000,0.4430,0.1000,0.3000,1.4410,0.4000,0.1111,0.5000,0.6000,0.7500,0,5
0.4000,0.2500,0.5375,0.1169,0.1311,0.4740,0.3000,0.2736,0.3868,0.2446,0.1466,0.2300,0.4000,0.4000,0.7000,0.1429,0.2295,0.6250,0.5500,0.3160,0.5112,0.3625,0.9658,0.4425,0.7000,0.2870,0.2000,0.0000,1.5190,0.0000,0.1500,0.4500,0.3000,0.7500,0,5
0.4000,0.4333,0.7750,0.1948,0.2623,0.8630,0.7500,0.3560,0.5832,0.3475,0.9036,0.5450,0.4000,0.2833,0.7000,0.1558,0.2459,0.7900,0.5000,0.2650,0.6250,0.1375,0.1796,0.4000,0.8000,0.7095,0.3000,0.0000,1.3815,0.6000,0.1333,1.1000,0.7000,1.0000,1,5
0.4000,0.3333,0.6125,0.1429,0.1967,0.4700,0.3000,0.2280,0.3990,0.1544,0.2868,0.3925,0.4000,0.4333,0.7750,0.1948,0.2623,0.8630,0.7500,0.3560,0.5832,0.3475,0.9036,0.5450,0.8000,0.2850,0.2000,0.0000,1.5938,0.0000,0.2167,0.6000,0.4000,0.4680,0,5
0.4000,0.2833,0.7000,0.1558,0.2459,0.7900,0.5000,0.2650,0.6250,0.1375,0.1796,0.4000,0.4000,0.4333,0.7750,0.1948,0.2623,0.8630,0.7500,0.3560,0.5832,0.3475,0.9036,0.5450,0.8000,0.5000,0.0000,0.4000,1.4862,0.5000,0.2350,0.8500,0.7000,0.8320,0,5
0.4000,0.3167,0.6500,0.1688,0.1967,0.4840,0.4000,0.4636,0.5115,0.3658,0.7833,0.3575,0.4000,0.4333,0.7750,0.1948,0.2623,0.8630,0.7500,0.3560,0.5832,0.3475,0.9036,0.5450,0.8000,0.3920,0.1000,0.2000,1.5403,0.2000,0.1312,0.6000,0.5000,1.1760,0,5
0.4000,0.4833,0.8500,0.2208,0.2951,1.7250,0.9500,0.4730,1.1078,0.4338,0.5024,0.6825,0.4000,0.3500,0.7125,0.2208,0.2459,0.6090,0.4500,0.7192,0.5824,0.5712,0.6194,0.4475,0.9000,0.9500,0.0000,0.9000,1.5690,0.5000,0.1342,1.2500,1.0000,0.8760,1,5
0.4000,0.4167,0.6625,0.1948,0.2295,0.7850,0.6000,0.3496,0.4302,0.2494,0.0892,0.4475,0.4000,0.4833,0.8500,0.2208,0.2951,1.7250,0.9500,0.4730,1.1078,0.4338,0.5024,0.6825,0.9000,0.5850,0.2000,0.0000,1.7515,0.7000,0.1500,0.7500,0.5000,0.4660,0,5
0.4000,0.3333,0.7875,0.1818,0.2787,0.7760,0.6000,0.3760,0.7644,0.1737,0.4486,0.4350,0.4000,0.4833,0.8500,0.2208,0.2951,1.7250,0.9500,0.4730,1.1078,0.4338,0.5024,0.6825,0.9000,0.5660,0.1000,0.2000,1.7610,0.1000,0.1750,0.9000,0.8000,0.6240,0,5
0.4000,0.3500,0.7125,0.2208,0.2459,0.6090,0.4500,0.7192,0.5824,0.5712,0.6194,0.4475,0.4000,0.4833,0.8500,0.2208,0.2951,1.7250,0.9500,0.4730,1.1078,0.4338,0.5024,0.6825,0.9000,0.4420,0.1000,0.3000,1.8230,0.9000,0.1000,0.8000,0.8000,1.2720,0,5
0.4000,0.5167,0.9125,0.2338,0.3443,1.9500,1.0000,0.5121,0.9677,0.5225,1.0382,0.6950,0.4000,0.4000,0.7875,0.2597,0.2787,0.9250,0.6500,1.0110,0.6670,0.9638,0.6297,0.5200,1.0000,1.0000,0.0000,0.2000,1.9483,0.5000,0.1300,1.3500,1.1000,1.9040,1,5
0.4000,0.5000,0.7125,0.2338,0.2623,0.8863,0.6000,0.6220,0.5984,0.4750,0.2487,0.5125,0.4000,0.5167,0.9125,0.2338,0.3443,1.9500,1.0000,0.5121,0.9677,0.5225,1.0382,0.6950,1.0000,0.5740,0.3000,0.1000,2.1612,0.9000,0.1000,1.0000,0.8000,0.4040,0,5
0.4000,0.3833,0.8375,0.2338,0.2951,1.1450,0.7000,0.3914,0.8172,0.1817,0.5098,0.4950,0.4000,0.5167,0.9125,0.2338,0.3443,1.9500,1.0000,0.5121,0.9677,0.5225,1.0382,0.6950,1.0000,0.7000,0.0000,0.4000,2.0982,1.1000,0.0964,1.1000,1.0000,0.8880,0,5
0.4000,0.4000,0.7875,0.2597,0.2787,0.9250,0.6500,1.0110,0.6670,0.9638,0.6297,0.5200,0.4000,0.5167,0.9125,0.2338,0.3443,1.9500,1.0000,0.5121,0.9677,0.5225,1.0382,0.6950,1.0000,0.6500,0.0000,0.2000,2.1233,0.8000,0.1077,0.9500,0.9000,1.2800,0,5
0.1000,0.0333,0.1125,0.0130,0.0164,0.0930,0.1000,0.0600,0.0720,0.1000,0.1600,0.0325,0.1000,0.0333,0.1000,0.0130,0.0000,0.2000,0.1000,0.0600,0.0320,0.0625,0.1300,0.0225,0.1000,0.0465,0.2000,0.1000,0.6192,0.0000,0.1250,0.0500,0.0000,0.1600,1,6
0.1000,0.0333,0.1000,0.0130,0.0000,0.1310,0.1000,0.0600,0.0320,0.1000,0.1280,0.0225,0.1000,0.0333,0.1125,0.0130,0.0164,0.0930,0.1000,0.0600,0.0720,0.1000,0.1600,0.0325,0.1000,0.0655,0.1000,0.0000,0.6097,0.3000,0.0500,0.0000,0.0000,0.1600,0,6
0.1000,0.0333,0.1000,0.0130,0.0000,0.2000,0.1000,0.0600,0.0320,0.0625,0.1220,0.0225,0.1000,0.0333,0.1125,0.0130,0.0164,0.0930,0.1000,0.0600,0.0720,0.1000,0.1600,0.0325,0.1000,0.1000,0.0000,0.0000,0.5925,0.0000,0.1000,0.0000,0.0000,0.1600,0,6
0.1000,0.0333,0.1000,0.0130,0.0000,0.2000,0.1000,0.0600,0.0320,0.0625,0.1300,0.0225,0.1000,0.0333,0.1125,0.0130,0.0164,0.0930,0.1000,0.0600,0.0720,0.1000,0.1600,0.0325,0.1000,0.1000,0.0000,0.0000,0.5925,0.0000,0.2250,0.0000,0.0000,0.1600,0,6
0.2000,0.0667,0.2250,0.0390,0.0328,0.1180,0.1500,0.0800,0.1440,0.1000,0.3940,0.0700,0.2000,0.0667,0.2000,0.0260,0.0164,0.1500,0.1500,0.0790,0.0434,0.0750,0.2960,0.0525,0.2000,0.1090,0.2000,0.1000,0.8097,0.1000,0.0833,0.1000,0.0000,0.2100,1,6
0.2000,0.0500,0.2000,0.0260,0.0164,0.1140,0.1000,0.0690,0.0374,0.1000,0.3680,0.0500,0.2000,0.0667,0.2250,0.0390,0.0328,0.1180,0.1500,0.0800,0.1440,0.1000,0.3940,0.0700,0.2000,0.0570,0.2000,0.1000,0.8357,0.2000,0.0750,0.0000,0.0000,0.1000,0,6
0.2000,0.0667,0.2000,0.0260,0.0164,0.1500,0.1500,0.0790,0.0434,0.0750,0.2960,0.0525,0.2000,0.0667,0.2250,0.0390,0.0328,0.1180,0.1500,0.0800,0.1440,0.1000,0.3940,0.0700,0.2000,0.1250,0.2000,0.0000,0.8018,0.0000,0.2833,0.0000,0.0000,0.2400,0,6
0.1000,0.0500,0.1125,0.0390,0.0328,0.2000,0.2000,0.0700,0.0380,0.0625,0.2800,0.0500,0.2000,0.0667,0.2250,0.0390,0.0328,0.1180,0.1500,0.0800,0.1440,0.1000,0.3940,0.0700,0.2000,0.2000,0.0000,0.0000,0.7643,0.0000,0.2875,0.0000,0.0000,0.1200,0,6
0.2000,0.1000,0.2625,0.0519,0.0656,0.3240,0.2500,0.1000,0.1360,0.1250,0.7120,0.0950,0.2000,0.0833,0.2375,0.0390,0.0492,0.1040,0.2000,0.1060,0.1248,0.0625,0.4700,0.0800,0.3000,0.2370,0.2000,0.0000,1.0293,0.0000,0.1900,0.1000,0.0000,0.2600,1,6
0.2000,0.0667,0.2125,0.0390,0.0328,0.1790,0.1000,0.0800,0.1240,0.1375,0.3440,0.0700,0.2000,0.1000,0.2625,0.0519,0.0656,0.3240,0.2500,0.1000,0.1360,0.1250,0.7120,0.0950,0.3000,0.0895,0.2000,0.0000,1.1030,0.0000,0.1250,0.1000,0.0000,0.3280,0,6
0.2000,0.0833,0.2375,0.0390,0.0492,0.1040,0.2000,0.1060,0.1248,0.0625,0.4700,0.0800,0.2000,0.1000,0.2625,0.0519,0.0656,0.3240,0.2500,0.1000,0.1360,0.1250,0.7120,0.0950,0.3000,0.1520,0.2000,0.1000,1.0717,0.0000,0.2375,0.1000,0.0000,0.1500,0,6
0.2000,0.0833,0.2250,0.0519,0.0328,0.3500,0.2000,0.0900,0.0900,0.1125,0.6010,0.0750,0.2000,0.1000,0.2625,0.0519,0.0656,0.3240,0.2500,0.1000,0.1360,0.1250,0.7120,0.0950,0.3000,0.2000,0.0000,0.0000,1.0477,0.0000,0.2000,0.0500,0.0000,0.3400,0,6
0.3000,0.1500,0.4500,0.0779,0.0820,0.2860,0.3000,0.1444,0.2151,0.2470,0.9645,0.1425,0.3000,0.1500,0.3625,0.0649,0.0656,0.3940,0.3000,0.1377,0.1408,0.0701,0.6074,0.1300,0.4000,0.2680,0.2000,0.0000,1.2595,0.4000,0.1500,0.3000,0.0000,0.3240,1,6
0.3000,0.1167,0.3500,0.0649,0.0656,0.2220,0.2000,0.1016,0.1294,0.1746,0.7203,0.1200,0.3000,0.1500,0.4500,0.0779,0.0820,0.2860,0.3000,0.1444,0.2151,0.2470,0.9645,0.1425,0.4000,0.1985,0.1000,0.0000,1.2943,0.0000,0.1375,0.1000,0.1000,0.4900,0,6
0.3000,0.1500,0.3625,0.0649,0.0656,0.3940,0.3000,0.1377,0.1408,0.0701,0.6074,0.1300,0.3000,0.1500,0.4500,0.0779,0.0820,0.2860,0.3000,0.1444,0.2151,0.2470,0.9645,0.1425,0.4000,0.2895,0.2000,0.0000,1.2487,0.0000,0.1583,0.1000,0.1000,0.5360,0,6
0.3000,0.1500,0.3500,0.0649,0.0656,0.3450,0.2500,0.1425,0.1843,0.1069,0.2443,0.1250,0.3000,0.1500,0.4500,0.0779,0.0820,0.2860,0.3000,0.1444,0.2151,0.2470,0.9645,0.1425,0.4000,0.2350,0.2000,0.0000,1.2760,0.0000,0.1900,0.2000,0.0000,0.5260,0,6
0.4000,0.2167,0.6125,0.1039,0.1311,0.3060,0.2500,0.2071,0.2820,0.3088,1.0454,0.2225,0.3000,0.1667,0.4000,0.1039,0.0984,0.3626,0.4500,0.1634,0.1619,0.1342,0.1114,0.2350,0.5000,0.2155,0.2000,0.1000,1.4930,0.3000,0.1400,0.4500,0.3000,0.5180,1,6
0.3000,0.1667,0.4000,0.0909,0.0820,0.4000,0.3000,0.1520,0.1710,0.2612,0.7365,0.1500,0.3000,0.1667,0.4000,0.1039,0.0984,0.3626,0.4500,0.1634,0.1619,0.1342,0.1114,0.2350,0.5000,0.3000,0.0000,0.0000,1.4507,0.3000,0.1083,0.1500,0.1000,0.3560,0,6
0.3000,0.1667,0.4000,0.1039,0.0984,0.3626,0.4500,0.1634,0.1619,0.1342,0.1114,0.2350,0.4000,0.2167,0.6125,0.1039,0.1311,0.3060,0.2500,0.2071,0.2820,0.3088,1.0454,0.2225,0.5000,0.4260,0.3000,0.0000,1.3878,0.1000,0.1722,0.2000,0.1000,0.3680,0,6
0.3000,0.2000,0.4375,0.0649,0.0984,0.3700,0.4000,0.1900,0.2014,0.1069,0.8610,0.1575,0.3000,0.1667,0.4000,0.1039,0.0984,0.3626,0.4500,0.1634,0.1619,0.1342,0.1114,0.2350,0.5000,0.3850,0.2000,0.1000,1.4083,0.1000,0.1813,0.3000,0.1000,0.5160,0,6
0.4000,0.2833,0.6750,0.1039,0.1803,0.4270,0.4000,0.2755,0.4461,0.3147,0.8170,0.3275,0.3000,0.2000,0.4250,0.1169,0.1311,0.5126,0.5500,0.1643,0.2487,0.1449,0.4543,0.3000,0.6000,0.3505,0.2000,0.1000,1.4653,0.4000,0.0938,0.6000,0.3000,0.6920,1,6
0.4000,0.2333,0.5250,0.1039,0.1311,0.4000,0.2500,0.1900,0.3078,0.2612,0.7959,0.2625,0.4000,0.2833,0.6750,0.1039,0.1803,0.4270,0.4000,0.2755,0.4461,0.3147,0.8170,0.3275,0.6000,0.2500,0.0000,0.0000,1.5155,0.0000,0.1200,0.2000,0.2000,0.6360,0,6
0.3000,0.2000,0.4250,0.1169,0.1311,0.5126,0.5500,0.1643,0.2487,0.1449,0.4543,0.3000,0.4000,0.2833,0.6750,0.1039,0.1803,0.4270,0.4000,0.2755,0.4461,0.3147,0.8170,0.3275,0.6000,0.5260,0.3000,0.0000,1.3775,0.1000,0.2273,0.2500,0.3000,0.4140,0,6
0.3000,0.2333,0.5500,0.1169,0.1311,0.4200,0.4000,0.2204,0.2637,0.1294,0.7834,0.2250,0.4000,0.2833,0.6750,0.1039,0.1803,0.4270,0.4000,0.2755,0.4461,0.3147,0.8170,0.3275,0.6000,0.3850,0.2000,0.0000,1.4480,0.3000,0.2688,0.3500,0.3000,0.6700,0,6
0.4000,0.3667,0.7625,0.1688,0.2131,0.6870,0.5000,0.3876,0.4925,0.3277,1.0164,0.4075,0.3000,0.2333,0.4750,0.1299,0.1803,0.5555,0.5500,0.1900,0.4218,0.0712,0.5063,0.3600,0.7000,0.4780,0.2000,0.1000,1.6222,0.2000,0.1200,0.8000,0.5000,0.9040,1,6
0.4000,0.2667,0.5750,0.1299,0.1967,0.5250,0.3500,0.2090,0.5092,0.2969,0.8130,0.3525,0.4000,0.3667,0.7625,0.1688,0.2131,0.6870,0.5000,0.3876,0.4925,0.3277,1.0164,0.4075,0.7000,0.3500,0.0000,0.0000,1.6862,0.5000,0.0714,0.4000,0.4000,0.7960,0,6
0.3000,0.2333,0.4750,0.1299,0.1803,0.5555,0.5500,0.1900,0.4218,0.0712,0.5063,0.3600,0.4000,0.3667,0.7625,0.1688,0.2131,0.6870,0.5000,0.3876,0.4925,0.3277,1.0164,0.4075,0.7000,0.5215,0.3000,0.0000,1.6005,0.6000,0.2409,0.5000,0.4000,0.4160,0,6
0.3000,0.3000,0.5750,0.1558,0.1803,0.5290,0.4000,0.2745,0.4558,0.1805,0.6485,0.2900,0.4000,0.3667,0.7625,0.1688,0.2131,0.6870,0.5000,0.3876,0.4925,0.3277,1.0164,0.4075,0.7000,0.3645,0.3000,0.0000,1.6790,0.2000,0.1688,0.4500,0.5000,0.4040,0,6
0.4000,0.4833,0.8125,0.2078,0.2459,0.6870,0.5000,0.5107,0.7412,0.4845,0.8921,0.5025,0.3000,0.2833,0.5250,0.1558,0.2131,0.6335,0.6000,0.2500,0.5271,0.0750,0.3080,0.3975,0.8000,0.4780,0.2000,0.0000,1.6480,0.1000,0.1550,0.9500,0.8000,0.6960,1,6
0.4000,0.3167,0.7000,0.1558,0.2459,0.5250,0.5000,0.3175,0.8599,0.3200,0.4291,0.3725,0.4000,0.4833,0.8125,0.2078,0.2459,0.6870,0.5000,0.5107,0.7412,0.4845,0.8921,0.5025,0.8000,0.5000,0.0000,0.0000,1.6370,0.0000,0.1450,0.7000,0.4000,0.6880,0,6
0.3000,0.2833,0.5250,0.1558,0.2131,0.6335,0.6000,0.2500,0.5271,0.0750,0.3080,0.3975,0.4000,0.4833,0.8125,0.2078,0.2459,0.6870,0.5000,0.5107,0.7412,0.4845,0.8921,0.5025,0.8000,0.5815,0.2000,0.2000,1.5963,0.1000,0.1917,0.6500,0.5000,1.2400,0,6
0.3000,0.3333,0.6250,0.1818,0.1967,0.5290,0.4000,0.3080,0.4399,0.4572,0.5125,0.3050,0.4000,0.4833,0.8125,0.2078,0.2459,0.6870,0.5000,0.5107,0.7412,0.4845,0.8921,0.5025,0.8000,0.3645,0.3000,0.1000,1.7048,0.3000,0.1688,0.4500,0.7000,0.4360,0,6
0.4000,0.5833,0.8750,0.2338,0.2787,0.6870,0.5500,0.7313,0.8745,0.7268,1.4659,0.5800,0.4000,0.3667,0.7875,0.2078,0.2951,0.6000,0.4500,0.4446,1.1598,0.6750,0.6681,0.4900,0.9000,0.5280,0.2000,0.0000,1.7372,0.4000,0.1409,1.2000,1.0000,0.3760,1,6
0.4000,0.3667,0.7875,0.2078,0.2951,0.6000,0.4500,0.4446,1.1598,0.6750,0.6681,0.4900,0.4000,0.5833,0.8750,0.2338,0.2787,0.6870,0.5500,0.7313,0.8745,0.7268,1.4659,0.5800,0.9000,0.4500,0.0000,0.0000,1.7763,0.2000,0.1278,0.8500,0.6000,0.5560,0,6
0.3000,0.3000,0.6000,0.1948,0.2459,0.7790,0.6000,0.2600,0.6594,0.1500,0.2405,0.4750,0.4000,0.5833,0.8750,0.2338,0.2787,0.6870,0.5500,0.7313,0.8745,0.7268,1.4659,0.5800,0.9000,0.5945,0.1000,0.4000,1.7040,0.6000,0.1792,0.7500,0.5000,1.7600,0,6
0.3000,0.3500,0.6625,0.2078,0.2295,0.5800,0.4500,0.5178,0.5121,0.6982,0.7490,0.3825,0.4000,0.5833,0.8750,0.2338,0.2787,0.6870,0.5500,0.7313,0.8745,0.7268,1.4659,0.5800,0.9000,0.4400,0.1000,0.2000,1.7812,0.5000,0.1111,0.7500,0.8000,0.7200,0,6
0.4000,0.7167,0.9250,0.2727,0.3279,0.8282,0.5500,1.2876,1.2576,1.0935,1.1194,0.7075,0.3000,0.3500,0.6375,0.2078,0.2951,0.7790,0.6000,0.2926,0.7194,0.2529,0.7714,0.5500,1.0000,0.5280,0.2000,0.0000,1.9035,0.4000,0.1591,1.4500,1.3000,0.6960,1,6
0.4000,0.4333,0.8625,0.2338,0.3443,1.5466,0.7000,0.7834,1.1159,0.6982,0.0599,0.5425,0.4000,0.7167,0.9250,0.2727,0.3279,0.8282,0.5500,1.2876,1.2576,1.0935,1.1194,0.7075,1.0000,0.6810,0.2000,0.0000,1.8270,0.2000,0.1250,1.0000,0.9000,0.9120,0,6
0.3000,0.3500,0.6375,0.2078,0.2951,0.7790,0.6000,0.2926,0.7194,0.2529,0.7714,0.5500,0.4000,0.7167,0.9250,0.2727,0.3279,0.8282,0.5500,1.2876,1.2576,1.0935,1.1194,0.7075,1.0000,0.5945,0.1000,0.4000,1.8702,0.4000,0.1917,0.8500,0.5000,2.3280,0,6
0.3000,0.3500,0.7125,0.2597,0.2787,0.7250,0.6000,0.6707,0.5889,0.9108,1.3029,0.4775,0.4000,0.7167,0.9250,0.2727,0.3279,0.8282,0.5500,1.2876,1.2576,1.0935,1.1194,0.7075,1.0000,0.5700,0.1000,0.2000,1.8825,0.4000,0.1458,0.8500,0.8000,1.3380,0,6
0.1000,0.0333,0.1125,0.0130,0.0164,0.1500,0.1000,0.0600,0.0720,0.0625,0.1400,0.0325,0.1000,0.0333,0.1000,0.0130,0.0164,0.1710,0.1000,0.0600,0.0520,0.0625,0.1300,0.0300,0.1000,0.0750,0.1000,0.0000,0.6618,0.1000,0.0750,0.0500,0.0000,0.1600,1,7
0.1000,0.0333,0.1000,0.0130,0.0000,0.2000,0.1000,0.0600,0.0320,0.0625,0.1300,0.0225,0.1000,0.0333,0.1125,0.0130,0.0164,0.1500,0.1000,0.0600,0.0720,0.0625,0.1400,0.0325,0.1000,0.1000,0.0000,0.0000,0.6493,0.0000,0.3250,0.0000,0.0000,0.1600,0,7
0.1000,0.0333,0.1000,0.0130,0.0000,0.1500,0.1000,0.0600,0.0320,0.0625,0.1100,0.0225,0.1000,0.0333,0.1125,0.0130,0.0164,0.1500,0.1000,0.0600,0.0720,0.0625,0.1400,0.0325,0.1000,0.0750,0.1000,0.0000,0.6618,0.1000,0.0750,0.0000,0.0000,0.1600,0,7
0.1000,0.0333,0.1000,0.0130,0.0164,0.1710,0.1000,0.0600,0.0520,0.0625,0.1300,0.0300,0.1000,0.0333,0.1125,0.0130,0.0164,0.1500,0.1000,0.0600,0.0720,0.0625,0.1400,0.0325,0.1000,0.0855,0.2000,0.0000,0.6565,0.1000,0.0750,0.0000,0.0000,0.1600,0,7
0.2000,0.0667,0.2375,0.0260,0.0328,0.1970,0.2000,0.0780,0.1368,0.0625,0.2900,0.0650,0.2000,0.0667,0.2000,0.0260,0.0164,0.2000,0.1500,0.0790,0.0434,0.0625,0.2800,0.0600,0.2000,0.1985,0.1000,0.0000,1.1307,0.2000,0.1000,0.1000,0.0000,0.0000,1,7
0.2000,0.0667,0.2000,0.0260,0.0164,0.2000,0.1500,0.0790,0.0434,0.0625,0.2800,0.0600,0.2000,0.0667,0.2375,0.0260,0.0328,0.1970,0.2000,0.0780,0.1368,0.0625,0.2900,0.0650,0.2000,0.1500,0.0000,0.0000,1.1550,0.0000,0.2833,0.0000,0.0000,0.2400,0,7
0.2000,0.0500,0.2000,0.0260,0.0164,0.1510,0.1500,0.0690,0.0374,0.0750,0.2820,0.0500,0.2000,0.0667,0.2375,0.0260,0.0328,0.1970,0.2000,0.0780,0.1368,0.0625,0.2900,0.0650,0.2000,0.1255,0.2000,0.0000,1.1672,0.1000,0.0833,0.0000,0.0000,0.2400,0,7
0.1000,0.0333,0.1250,0.0390,0.0328,0.1620,0.2500,0.0600,0.0320,0.0625,0.2800,0.0475,0.2000,0.0667,0.2375,0.0260,0.0328,0.1970,0.2000,0.0780,0.1368,0.0625,0.2900,0.0650,0.2000,0.2060,0.2000,0.0000,1.1270,0.1000,0.1200,0.0000,0.0000,0.1200,0,7
0.3000,0.1167,0.3750,0.0519,0.0656,0.3990,0.3500,0.1240,0.1716,0.0625,0.4320,0.1125,0.2000,0.1000,0.2375,0.0519,0.0492,0.2810,0.1500,0.0970,0.1302,0.0625,0.4500,0.0925,0.3000,0.3495,0.1000,0.2000,1.1705,0.0000,0.1929,0.1500,0.0000,0.5260,1,7
0.2000,0.1000,0.2375,0.0390,0.0328,0.2000,0.1500,0.0980,0.1308,0.0625,0.4300,0.0825,0.3000,0.1167,0.3750,0.0519,0.0656,0.3990,0.3500,0.1240,0.1716,0.0625,0.4320,0.1125,0.3000,0.1500,0.0000,0.0000,1.2703,0.0000,0.2000,0.1000,0.0000,0.2880,0,7
0.2000,0.1000,0.2375,0.0519,0.0492,0.2810,0.1500,0.0970,0.1302,0.0625,0.4500,0.0925,0.3000,0.1167,0.3750,0.0519,0.0656,0.3990,0.3500,0.1240,0.1716,0.0625,0.4320,0.1125,0.3000,0.1155,0.2000,0.0000,1.2875,0.0000,0.1000,0.1000,0.0000,0.3280,0,7
0.2000,0.0667,0.2250,0.0519,0.0492,0.3410,0.2000,0.0800,0.1040,0.0750,0.5100,0.0800,0.3000,0.1167,0.3750,0.0519,0.0656,0.3990,0.3500,0.1240,0.1716,0.0625,0.4320,0.1125,0.3000,0.1705,0.2000,0.0000,1.2600,0.0000,0.1125,0.0500,0.0000,0.3280,0,7
0.4000,0.1833,0.5000,0.0779,0.0820,0.6938,0.4500,0.1615,0.2337,0.0712,0.5275,0.1675,0.3000,0.1167,0.3625,0.0649,0.0656,0.2810,0.2000,0.1016,0.1465,0.0594,0.6030,0.1275,0.4000,0.4390,0.2000,0.0000,1.4185,0.4000,0.1111,0.2000,0.1000,0.4640,1,7
0.2000,0.1167,0.2750,0.0649,0.0656,0.3050,0.2500,0.1235,0.1349,0.0950,0.5135,0.1100,0.4000,0.1833,0.5000,0.0779,0.0820,0.6938,0.4500,0.1615,0.2337,0.0712,0.5275,0.1675,0.4000,0.2400,0.1000,0.0000,1.5180,0.3000,0.1600,0.1000,0.1000,0.3000,0,7
0.3000,0.1167,0.3625,0.0649,0.0656,0.2810,0.2000,0.1016,0.1465,0.0594,0.6030,0.1275,0.4000,0.1833,0.5000,0.0779,0.0820,0.6938,0.4500,0.1615,0.2337,0.0712,0.5275,0.1675,0.4000,0.1655,0.2000,0.0000,1.5552,0.0000,0.1375,0.1000,0.1000,0.3260,0,7
0.3000,0.1000,0.3375,0.0649,0.0656,0.3530,0.2500,0.0950,0.1292,0.0950,0.6832,0.1125,0.4000,0.1833,0.5000,0.0779,0.0820,0.6938,0.4500,0.1615,0.2337,0.0712,0.5275,0.1675,0.4000,0.2265,0.2000,0.0000,1.5247,0.1000,0.1200,0.1000,0.0000,0.5160,0,7
0.4000,0.2167,0.6125,0.1039,0.1311,0.7150,0.4500,0.1805,0.2641,0.0712,0.9072,0.2300,0.4000,0.1833,0.4750,0.0779,0.0984,0.3310,0.3500,0.1368,0.2018,0.1164,0.5157,0.2325,0.5000,0.4475,0.1000,0.3000,1.4645,0.2000,0.1222,0.2500,0.4000,0.7080,1,7
0.2000,0.1500,0.3000,0.0909,0.0820,0.3250,0.2000,0.1425,0.1843,0.1306,0.8021,0.1450,0.4000,0.1833,0.4750,0.0779,0.0984,0.3310,0.3500,0.1368,0.2018,0.1164,0.5157,0.2325,0.5000,0.2000,0.0000,0.0000,1.5883,0.0000,0.1125,0.2000,0.1000,0.3920,0,7
0.4000,0.1833,0.4750,0.0779,0.0984,0.3310,0.3500,0.1368,0.2018,0.1164,0.5157,0.2325,0.4000,0.2167,0.6125,0.1039,0.1311,0.7150,0.4500,0.1805,0.2641,0.0712,0.9072,0.2300,0.5000,0.3155,0.2000,0.0000,1.5305,0.0000,0.1500,0.3000,0.1000,0.4380,0,7
0.3000,0.1500,0.4000,0.0649,0.0984,0.2460,0.2500,0.1311,0.2512,0.1128,0.1030,0.1425,0.4000,0.1833,0.4750,0.0779,0.0984,0.3310,0.3500,0.1368,0.2018,0.1164,0.5157,0.2325,0.5000,0.1980,0.2000,0.1000,1.5893,0.1000,0.1600,0.2500,0.0000,0.3460,0,7
0.5000,0.3167,0.7750,0.1169,0.1967,1.2440,0.7000,0.2679,0.5955,0.1377,0.4543,0.3675,0.4000,0.2500,0.5375,0.1039,0.1311,0.3310,0.3000,0.1729,0.2785,0.1271,0.8018,0.3075,0.6000,0.6900,0.1000,0.9000,1.5632,0.2000,0.2107,0.4000,0.5000,0.5640,1,7
0.2000,0.1667,0.3250,0.1299,0.1311,0.3500,0.2500,0.1653,0.1630,0.1152,0.2901,0.1900,0.5000,0.3167,0.7750,0.1169,0.1967,1.2440,0.7000,0.2679,0.5955,0.1377,0.4543,0.3675,0.6000,0.2300,0.1000,0.2000,1.7932,0.0000,0.2100,0.3000,0.1000,0.4800,0,7
0.4000,0.2500,0.5375,0.1039,0.1311,0.3310,0.3000,0.1729,0.2785,0.1271,0.8018,0.3075,0.5000,0.3167,0.7750,0.1169,0.1967,1.2440,0.7000,0.2679,0.5955,0.1377,0.4543,0.3675,0.6000,0.2655,0.2000,0.0000,1.7755,0.1000,0.1167,0.4000,0.2000,0.4520,0,7
0.4000,0.2333,0.5500,0.1169,0.1311,0.6160,0.2500,0.2213,0.3429,0.1912,0.0210,0.2125,0.5000,0.3167,0.7750,0.1169,0.1967,1.2440,0.7000,0.2679,0.5955,0.1377,0.4543,0.3675,0.6000,0.2330,0.2000,0.0000,1.7917,0.0000,0.1700,0.2500,0.2000,0.5400,0,7
0.6000,0.3667,0.9375,0.1688,0.2295,1.4990,0.9500,0.3344,0.7649,0.2612,0.5490,0.4375,0.4000,0.2833,0.5875,0.1169,0.1639,0.3310,0.3000,0.1948,0.4076,0.1306,0.6060,0.3625,0.7000,0.9100,0.2000,0.1000,1.6415,0.5000,0.2053,0.6000,0.6000,0.7100,1,7
0.2000,0.2000,0.3500,0.1558,0.1475,0.4500,0.3000,0.1672,0.1744,0.1259,0.1339,0.2625,0.6000,0.3667,0.9375,0.1688,0.2295,1.4990,0.9500,0.3344,0.7649,0.2612,0.5490,0.4375,0.7000,0.3000,0.0000,0.0000,1.9465,0.5000,0.1167,0.3000,0.2000,0.2160,0,7
0.4000,0.2833,0.5875,0.1169,0.1639,0.3310,0.3000,0.1948,0.4076,0.1306,0.6060,0.3625,0.6000,0.3667,0.9375,0.1688,0.2295,1.4990,0.9500,0.3344,0.7649,0.2612,0.5490,0.4375,0.7000,0.2655,0.2000,0.0000,1.9638,0.1000,0.1000,0.5000,0.5000,0.6820,0,7
0.4000,0.2833,0.6250,0.1429,0.1639,0.6050,0.2500,0.2907,0.4385,0.2434,0.0256,0.2575,0.6000,0.3667,0.9375,0.1688,0.2295,1.4990,0.9500,0.3344,0.7649,0.2612,0.5490,0.4375,0.7000,0.2275,0.2000,0.0000,1.9827,0.1000,0.1600,0.4000,0.3000,0.4480,0,7
0.6000,0.4500,1.0500,0.2078,0.2787,1.6827,1.0500,0.5170,0.9482,0.3300,0.9766,0.5100,0.4000,0.3500,0.7000,0.1429,0.2131,0.3310,0.4000,0.2390,0.5832,0.1713,0.8879,0.3850,0.8000,1.0325,0.2000,0.3000,1.8272,0.3000,0.2167,0.9000,0.9000,0.9600,1,7
0.3000,0.2667,0.4500,0.1818,0.1803,0.4500,0.3000,0.2000,0.2136,0.1725,0.3121,0.3250,0.6000,0.4500,1.0500,0.2078,0.2787,1.6827,1.0500,0.5170,0.9482,0.3300,0.9766,0.5100,0.8000,0.3000,0.0000,0.0000,2.1935,0.2000,0.1083,0.3500,0.4000,0.6480,0,7
0.4000,0.3500,0.7000,0.1429,0.2131,0.3310,0.4000,0.2390,0.5832,0.1713,0.8879,0.3850,0.6000,0.4500,1.0500,0.2078,0.2787,1.6827,1.0500,0.5170,0.9482,0.3300,0.9766,0.5100,0.8000,0.3655,0.2000,0.0000,2.1607,0.4000,0.0938,0.6500,0.6000,0.7500,0,7
0.4000,0.3500,0.6875,0.1688,0.2131,0.6420,0.3500,0.3235,0.4992,0.3325,0.8515,0.3225,0.6000,0.4500,1.0500,0.2078,0.2787,1.6827,1.0500,0.5170,0.9482,0.3300,0.9766,0.5100,0.8000,0.3460,0.2000,0.0000,2.1705,0.2000,0.1143,0.5500,0.6000,0.5360,0,7
0.7000,0.5833,1.2500,0.2208,0.3115,1.7478,1.1000,0.7837,1.0504,0.4691,0.5081,0.6925,0.4000,0.4000,0.7625,0.1688,0.2623,0.3620,0.4500,0.2900,0.6905,0.2512,1.4093,0.4375,0.9000,1.0605,0.3000,0.7000,1.8465,0.3000,0.2091,1.2000,1.0000,1.4720,1,7
0.3000,0.3000,0.4875,0.1948,0.2131,0.4500,0.3000,0.2800,0.3280,0.2875,0.1033,0.3475,0.7000,0.5833,1.2500,0.2208,0.3115,1.7478,1.1000,0.7837,1.0504,0.4691,0.5081,0.6925,0.9000,0.3000,0.0000,0.0000,2.2267,0.0000,0.1583,0.4000,0.4000,0.4200,0,7
0.4000,0.4000,0.7625,0.1688,0.2623,0.3620,0.4500,0.2900,0.6905,0.2512,1.4093,0.4375,0.7000,0.5833,1.2500,0.2208,0.3115,1.7478,1.1000,0.7837,1.0504,0.4691,0.5081,0.6925,0.9000,0.4085,0.2000,0.1000,2.1725,0.2000,0.1111,0.9000,0.6000,1.4700,0,7
0.4000,0.4167,0.7750,0.2078,0.2295,0.7128,0.4000,0.3981,0.5635,0.8099,1.0337,0.3950,0.7000,0.5833,1.2500,0.2208,0.3115,1.7478,1.1000,0.7837,1.0504,0.4691,0.5081,0.6925,0.9000,0.3965,0.1000,0.1000,2.1785,0.2000,0.1000,0.8000,0.8000,0.7680,0,7
0.7000,0.7500,1.3625,0.2468,0.3607,2.5430,1.4500,1.3480,1.1809,0.6009,0.4882,0.8000,0.4000,0.4333,0.8375,0.2078,0.2787,1.5932,0.8500,0.2850,0.8539,0.2612,0.5768,0.4975,1.0000,1.3795,0.2000,0.5000,2.2247,0.6000,0.2190,1.4500,1.3000,2.0320,1,7
0.3000,0.3500,0.5250,0.2078,0.2295,0.6860,0.5500,0.3382,0.3690,0.3171,0.3792,0.3600,0.7000,0.7500,1.3625,0.2468,0.3607,2.5430,1.4500,1.3480,1.1809,0.6009,0.4882,0.8000,1.0000,0.5430,0.1000,0.0000,2.6430,0.2000,0.1455,0.4500,0.5000,0.6760,0,7
0.4000,0.4333,0.8375,0.2078,0.2787,1.5932,0.8500,0.2850,0.8539,0.2612,0.5768,0.4975,0.7000,0.7500,1.3625,0.2468,0.3607,2.5430,1.4500,1.3480,1.1809,0.6009,0.4882,0.8000,1.0000,0.8240,0.2000,0.8000,2.5025,0.2000,0.1912,1.0500,0.9000,1.3160,0,7
0.4000,0.4667,0.8375,0.2468,0.2787,1.6343,0.9500,0.6888,0.6403,0.8823,0.3831,0.4650,0.7000,0.7500,1.3625,0.2468,0.3607,2.5430,1.4500,1.3480,1.1809,0.6009,0.4882,0.8000,1.0000,0.9465,0.1000,0.5000,2.4413,0.8000,0.1526,1.0000,0.9000,0.5000,0,7
